{
  "DataSet":"연령대별특징적발화음성",
  "Version":"1.0",
  "Date":"20220929",
  "MediaUrl":"단어/20대/21.군대/20_21_2001_220929_0008.wav",
  "Category":"20대",
  "SubCategory":"군대",
  "DialogPlace":"집",
  "DialogVoiceType":"독백",
  "SpeakerNumber":"1",
  "RecDevice":"스마트폰",
  "RecLen":3.516,
  "AudioResolution":{
    "BitDepth":"16bit",
    "SampleRate":"44.1kHz"
  },
  "Speakers":[
    {
      "Speaker":"2001",
      "Gender":"남성",
      "Locate":"경상",
      "AgeGroup":"20"
    }
  ],
  "Dialogs":[
    {
      "Speaker":"2001",
      "SpeakerText":"군대리아",
      "TextConvert":"군에서 나오는 햄버거",
      "StartTime":1,
      "EndTime":2.516,
      "SpeakTime":1.516,
      "WordInfo":[
        {
          "Word":"군대리아",
          "WordType":"줄임말",
          "WordStructure":"혼성어",
          "WordDefine":"군대 와 롯데리아를 결합시켜 탄생했다. 군대에서 일주일에 1.2번 나오는 특식.",
          "WordFell":"긍정",
          "WordMean":"좋음"
        }
      ]
    }
  ]
}
