{
  "DataSet":"연령대별특징적발화음성",
  "Version":"1.0",
  "Date":"20220906",
  "MediaUrl":"단어/20대/21.군대/20_21_2093_220906_0027.wav",
  "Category":"20대",
  "SubCategory":"군대",
  "DialogPlace":"집",
  "DialogVoiceType":"독백",
  "SpeakerNumber":"1",
  "RecDevice":"스마트폰",
  "RecLen":3.562,
  "AudioResolution":{
    "BitDepth":"16bit",
    "SampleRate":"44.1kHz"
  },
  "Speakers":[
    {
      "Speaker":"2093",
      "Gender":"여성",
      "Locate":"경상",
      "AgeGroup":"30"
    }
  ],
  "Dialogs":[
    {
      "Speaker":"2093",
      "SpeakerText":"말번",
      "TextConvert":"마지막 근무 순번",
      "StartTime":1,
      "EndTime":2.562,
      "SpeakTime":1.562,
      "WordInfo":[
        {
          "Word":"말번",
          "WordType":"은어",
          "WordStructure":"파생어",
          "WordDefine":"(은어) 마지막 근무 순번을 일컽는 말.",
          "WordFell":"중립",
          "WordMean":"감정없음"
        }
      ]
    }
  ]
}
