{
  "DataSet":"연령대별특징적발화음성",
  "Version":"1.0",
  "Date":"20220831",
  "MediaUrl":"단어/20대/21.군대/20_21_2034_220831_0077.wav",
  "Category":"20대",
  "SubCategory":"군대",
  "DialogPlace":"집",
  "DialogVoiceType":"독백",
  "SpeakerNumber":"1",
  "RecDevice":"스마트폰",
  "RecLen":3.429,
  "AudioResolution":{
    "BitDepth":"16bit",
    "SampleRate":"44.1kHz"
  },
  "Speakers":[
    {
      "Speaker":"2034",
      "Gender":"남성",
      "Locate":"수도권",
      "AgeGroup":"50"
    }
  ],
  "Dialogs":[
    {
      "Speaker":"2034",
      "SpeakerText":"하이바",
      "TextConvert":"방탄헬멧",
      "StartTime":1,
      "EndTime":2.429,
      "SpeakTime":1.429,
      "WordInfo":[
        {
          "Word":"하이바",
          "WordType":"은어",
          "WordStructure":"파생어",
          "WordDefine":"방탄헬멧'의 (fiber helmet) 일본식 준말을 일컫는 말.'",
          "WordFell":"중립",
          "WordMean":"감정없음"
        }
      ]
    }
  ]
}
