{
  "DataSet":"연령대별특징적발화음성",
  "Version":"1.0",
  "Date":"20221030",
  "MediaUrl":"대화/20대/22.연애결혼/20_22_46535653_221030_0001.wav",
  "Category":"20대",
  "SubCategory":"연애결혼",
  "DialogPlace":"집",
  "DialogVoiceType":"대면",
  "SpeakerNumber":"2",
  "RecDevice":"스마트폰",
  "RecLen":192.958,
  "AudioResolution":{
    "BitDepth":"16bit",
    "SampleRate":"44.1kHz"
  },
  "Speakers":[
    {
      "Speaker":"4653",
      "Gender":"여성",
      "Locate":"경상",
      "AgeGroup":"40"
    },
    {
      "Speaker":"5653",
      "Gender":"여성",
      "Locate":"경상",
      "AgeGroup":"30"
    }
  ],
  "Dialogs":[
    {
      "Speaker":"4653",
      "SpeakerText":"나 오늘 남소 받아서 만나러 가, 같이 밥 먹기로 했는데 너무 떨린다. 얌전하게 먹을 수 있는 걸로 저메추 좀 해조라.",
      "TextConvert":"나 오늘 남자 소개 받아서 만나러 가, 같이 밥 먹기로 했는데 너무 떨린다 얌전하게 먹을 수 있는 걸로 저녁 메뉴 추천 좀 해주라",
      "StartTime":0.78,
      "EndTime":10.64,
      "SpeakTime":9.86,
      "WordInfo":[
        {
          "Word":"남소",
          "WordType":"줄임말",
          "WordStructure":"축약어",
          "WordDefine":"남자 소개'의 준말",
          "WordFell":"긍정",
          "WordMean":"좋음"
        },
        {
          "Word":"저메추",
          "WordType":"줄임말",
          "WordStructure":"축약어",
          "WordDefine":"저녁 메뉴 추천",
          "WordFell":"중립",
          "WordMean":"감정없음"
        }
      ]
    },
    {
      "Speaker":"5653",
      "SpeakerText":"드디어 만나러 가냐? 꾸안꾸로 갈 거야, 꾸꾸꾸로 갈 거야? 저녁엔 양식이 괜찮긴 하지 파스타나 스테이크?",
      "TextConvert":"드디어 만나러 가냐 꾸민듯 안꾸민듯 자연스러운 스타일로 갈 거야 꾸민듯 꾸민듯 꾸밈으로 갈 거야? 저녁엔 양식이 괜찮긴 하지 파스타나 스테이크?",
      "StartTime":11.63,
      "EndTime":20.49,
      "SpeakTime":8.86,
      "WordInfo":[
        {
          "Word":"꾸안꾸",
          "WordType":"줄임말",
          "WordStructure":"축약어",
          "WordDefine":"꾸민듯 안 꾸민듯, 자연스러운 스타일",
          "WordFell":"중립",
          "WordMean":"감정없음"
        },
        {
          "Word":"꾸꾸꾸",
          "WordType":"줄임말",
          "WordStructure":"축약어",
          "WordDefine":"꾸민듯 꾸민듯 꾸밈, 꾸안꾸의 반대 / 꾸며도 꾸질꾸질",
          "WordFell":"중립",
          "WordMean":"감정없음"
        }
      ]
    },
    {
      "Speaker":"4653",
      "SpeakerText":"오! 추천 고마워. 근데 너무 꾸미고 가면 좀 에바 같지 않아? 꾸안꾸로 가야하지 않을끼? ",
      "TextConvert":"오! 추천 고마워 근데 너무 꾸미고 가면 좀 약간 지나친 느낌 같지 않아? 꾸민듯 안꾸민듯 자연스러운 스타일로 가야하지 않을끼? ",
      "StartTime":20.73,
      "EndTime":28.09,
      "SpeakTime":7.36,
      "WordInfo":[
        {
          "Word":"에바",
          "WordType":"속어",
          "WordStructure":"파생어",
          "WordDefine":"요즘 신세대 사람들이 오바를 변형해서 말한 것이다. 약간 지나친 느낌.",
          "WordFell":"부정",
          "WordMean":"싫어함"
        },
        {
          "Word":"꾸안꾸",
          "WordType":"줄임말",
          "WordStructure":"축약어",
          "WordDefine":"꾸민듯 안 꾸민듯, 자연스러운 스타일",
          "WordFell":"중립",
          "WordMean":"감정없음"
        }
      ]
    },
    {
      "Speaker":"5653",
      "SpeakerText":"무슨 소리야, 당연히 잔뜩 꾸미고 가야지! 딱 만나자마자 심쿵하게 만들어야지! ",
      "TextConvert":"무슨 소리야 당연히 잔뜩 꾸미고 가야지! 딱 만나자마자 크게 호감을 느끼거나 마음이 동요하게 만들어야지 ",
      "StartTime":29.03,
      "EndTime":36.49,
      "SpeakTime":7.46,
      "WordInfo":[
        {
          "Word":"심쿵",
          "WordType":"유행어",
          "WordStructure":"축약어",
          "WordDefine":"심장에 쿵하고 충격이 왔다는 의미의 유행어/크게 호감을 느끼거나 마음이 동요했다는 의미로 사용되고 있다.",
          "WordFell":"긍정",
          "WordMean":"좋음"
        }
      ]
    },
    {
      "Speaker":"4653",
      "SpeakerText":"난 차도녀로 보이는 것도 괜찮을 것 같아서 너무 방방 뛰어도 별로잖아.",
      "TextConvert":"난 차갑고 도도해 보이지만 자신의 이성에게는 헌신적인 여자로 보이는 것도 괜찮을 것 같아서 너무 방방 뛰어도 별로잖아",
      "StartTime":36.73,
      "EndTime":42.69,
      "SpeakTime":5.96,
      "WordInfo":[
        {
          "Word":"차도녀",
          "WordType":"은어",
          "WordStructure":"축약어",
          "WordDefine":"차가운 도시 여자, 남자의 준말로 겉모습은 차갑고 도도해 보이지만 자신의 이성에게는 헌신적이고 따뜻한 여자",
          "WordFell":"긍정",
          "WordMean":"좋음"
        }
      ]
    },
    {
      "Speaker":"5653",
      "SpeakerText":"언제 적 차도녀냐? 요즘에는 차도녀 안 좋아해, 따도녀가 더 인기 많지. 밀당도 적당히 해야 좋고. 그리고 티키타카가 좋으면 진짜 분위기도 좋아지겠지.",
      "TextConvert":"언제 적 차갑고 도도해 보이지만 자신의 이성에게는 헌신적인 여자야 요즘에는 차갑고 도도해 보이지만 자신의 이성에게는 헌신적인 여자 안 좋아해 따듯한 도시 여자가 더 인기 많지 연인이나 서로 호감을 가지고 있는 사이에서 벌어지는 심리 싸움도 적당히 해야 좋고 그리고 대화의 합이 잘 맞아 주고받기가 잘되는게 좋으면 진짜 분위기도 좋아지겠지",
      "StartTime":43.48,
      "EndTime":59.73,
      "SpeakTime":16.25,
      "WordInfo":[
        {
          "Word":"차도녀",
          "WordType":"은어",
          "WordStructure":"축약어",
          "WordDefine":"차가운 도시 여자, 남자의 준말로 겉모습은 차갑고 도도해 보이지만 자신의 이성에게는 헌신적이고 따뜻한 여자",
          "WordFell":"긍정",
          "WordMean":"좋음"
        },
        {
          "Word":"차도녀",
          "WordType":"은어",
          "WordStructure":"축약어",
          "WordDefine":"차가운 도시 여자, 남자의 준말로 겉모습은 차갑고 도도해 보이지만 자신의 이성에게는 헌신적이고 따뜻한 여자",
          "WordFell":"긍정",
          "WordMean":"좋음"
        },
        {
          "Word":"따도녀",
          "WordType":"줄임말",
          "WordStructure":"축약어",
          "WordDefine":"따듯한 도시 여자의 준말 / 자기 남자에게만 따뜻한 모습으로도 표현",
          "WordFell":"긍정",
          "WordMean":"좋음"
        },
        {
          "Word":"밀당",
          "WordType":"줄임말",
          "WordStructure":"축약어",
          "WordDefine":"‘밀고 당기기’의 줄임말.\n주로 연인이나 서로 호감을 가지고 있는 사이에서 벌어지는 심리 싸움의 뜻으로 많이 쓰인다.\n줄다리기에 빗대어 표현한 것으로, 좋아하는 것처럼 보이는 행동이 당기는 것에 해당하고,\n무관심하게 행동하는 것이 미는 것에 해당한다.",
          "WordFell":"부정",
          "WordMean":"싫어함"
        },
        {
          "Word":"티키타카",
          "WordType":"은어",
          "WordStructure":"파생어",
          "WordDefine":"대화의 합이 잘 맞아 주고받기가 잘 되는 것",
          "WordFell":"긍정",
          "WordMean":"좋음"
        }
      ]
    },
    {
      "Speaker":"4653",
      "SpeakerText":"진짜 나 연애 안 한 지 오래됐네. 모솔로 보일까 봐 걱정이네. 나 진짜 만찢남 같은 사람이 나오면 좋겠다. ",
      "TextConvert":"진짜 나 연애 안 한 지 오래됐네 아직 연애 경험이 없는 사람으로 보일까 봐 걱정이네 난 진짜 만화에서 찢고 나온거 같이 이상적인 남자 같은 사람이 나오면 좋겠다 ",
      "StartTime":59.73,
      "EndTime":69.24,
      "SpeakTime":9.51,
      "WordInfo":[
        {
          "Word":"모솔",
          "WordType":"줄임말",
          "WordStructure":"합성어",
          "WordDefine":"모태솔로는 아직 연애경험이 없는 남녀를 가리키는 인터넷 한물 간 언어이다. \n어원은 어머니 몸에 나온 뜻의 모태(母胎)와 독신을 뜻하는 솔로가 합쳐진 말",
          "WordFell":"부정",
          "WordMean":"싫어함"
        },
        {
          "Word":"만찢남",
          "WordType":"줄임말",
          "WordStructure":"축약어",
          "WordDefine":"‘만화를 찢고 나온 남자‘의 줄임말. / '허구의 만화 속 인물처럼 외모가 출중한 남자' 또는 '모든 것이 완벽한 남자'를 뜻한다.",
          "WordFell":"긍정",
          "WordMean":"좋음"
        }
      ]
    },
    {
      "Speaker":"5653",
      "SpeakerText":"꿈 깨라, 꿈 깨. 만찢남이 너를 왜 만나? 다른 사람 만나지. 너도 만찢녀가 되야해.",
      "TextConvert":"꿈 깨라 꿈 깨 만화에서 찢고 나온거 같이 이상적인 남자가 너를 왜 만나? 다른 사람 만나지. 너도 만화에서 찢고 나온거 같이 이상적인 여자가 되야해",
      "StartTime":69.98,
      "EndTime":79.24,
      "SpeakTime":9.26,
      "WordInfo":[
        {
          "Word":"만찢남",
          "WordType":"줄임말",
          "WordStructure":"축약어",
          "WordDefine":"‘만화를 찢고 나온 남자‘의 줄임말. / '허구의 만화 속 인물처럼 외모가 출중한 남자' 또는 '모든 것이 완벽한 남자'를 뜻한다.",
          "WordFell":"긍정",
          "WordMean":"좋음"
        },
        {
          "Word":"만찢녀",
          "WordType":"줄임말",
          "WordStructure":"축약어",
          "WordDefine":"‘만화를 찢고 나온 여자‘의 줄임말. / '허구의 만화 속 인물처럼 외모가 출중한 여자' 또는 '모든 것이 완벽한 여자'를 뜻한다.",
          "WordFell":"긍정",
          "WordMean":"좋음"
        }
      ]
    },
    {
      "Speaker":"4653",
      "SpeakerText":"나 정도면 비담이지! 만찢남 만나면 우린 완전 만찢커플이지.",
      "TextConvert":"나 정도면 비주얼 담당이지! 만화에서 찢고 나온거 같이 이상적인 남자 만나면 우린 완전 모든것이 완벽한 커플이지",
      "StartTime":79.93,
      "EndTime":86.64,
      "SpeakTime":6.71,
      "WordInfo":[
        {
          "Word":"비담",
          "WordType":"줄임말",
          "WordStructure":"축약어",
          "WordDefine":"비주얼 담당의 줄임말",
          "WordFell":"중립",
          "WordMean":"감정없음"
        },
        {
          "Word":"만찢남",
          "WordType":"줄임말",
          "WordStructure":"축약어",
          "WordDefine":"‘만화를 찢고 나온 남자‘의 줄임말. / '허구의 만화 속 인물처럼 외모가 출중한 남자' 또는 '모든 것이 완벽한 남자'를 뜻한다.",
          "WordFell":"긍정",
          "WordMean":"좋음"
        },
        {
          "Word":"만찢커플",
          "WordType":"줄임말",
          "WordStructure":"축약어",
          "WordDefine":"‘만화를 찢고 나온 커플‘의 줄임말./ '허구의 만화 속 인물처럼 외모가 출중한 커플' 또는 '모든 것이 완벽한 커플'을 뜻한다. ",
          "WordFell":"긍정",
          "WordMean":"좋음"
        }
      ]
    },
    {
      "Speaker":"5653",
      "SpeakerText":"너가? 진짜 극혐이다. 일단 가서 너가 애프터 받는 게 우선이야.",
      "TextConvert":"너가? 진짜 극도로 혐오스럽다 일단 가서 너가 두번째 만나자고 신청 받는 게 우선이야",
      "StartTime":87.48,
      "EndTime":93.69,
      "SpeakTime":6.21,
      "WordInfo":[
        {
          "Word":"극혐",
          "WordType":"줄임말",
          "WordStructure":"축약어",
          "WordDefine":"극도로 혐오한다는 말의 신조어",
          "WordFell":"부정",
          "WordMean":"싫어함"
        },
        {
          "Word":"에프터",
          "WordType":"유행어",
          "WordStructure":"기타",
          "WordDefine":" 소개팅하고 두번째 만나는거",
          "WordFell":"긍정",
          "WordMean":"좋음"
        }
      ]
    },
    {
      "Speaker":"4653",
      "SpeakerText":"맞아, 그게 바로 현실이지. 나 사실 연애 못한지 오래돼서 완전 금사빠가 됐을 것 같아. ",
      "TextConvert":"맞아 그게 바로 현실이지 나 사실 연애 못한지 오래돼서 완전 금방 사랑에 빠지는 상태가 됐을 것 같아 ",
      "StartTime":94.43,
      "EndTime":102.64,
      "SpeakTime":8.21,
      "WordInfo":[
        {
          "Word":"금사빠",
          "WordType":"줄임말",
          "WordStructure":"축약어",
          "WordDefine":"금방 사랑에 빠진다'의 줄임말/ 그러한 상태 혹은 인물을 가리키는 축약어이자 신조어",
          "WordFell":"긍정",
          "WordMean":"좋음"
        }
      ]
    },
    {
      "Speaker":"5653",
      "SpeakerText":"그럴 가능성 충분히 있다. 막 문만 잡아줘도 심쿵하는 거 아니야?",
      "TextConvert":"그럴 가능성 충분히 있다 막 문만 잡아줘도 크게 호감을 느끼거나 마음이 동요하는 거 아니야??",
      "StartTime":103.23,
      "EndTime":108.64,
      "SpeakTime":5.41,
      "WordInfo":[
        {
          "Word":"심쿵",
          "WordType":"유행어",
          "WordStructure":"축약어",
          "WordDefine":"심장에 쿵하고 충격이 왔다는 의미의 유행어/크게 호감을 느끼거나 마음이 동요했다는 의미로 사용되고 있다.",
          "WordFell":"긍정",
          "WordMean":"좋음"
        }
      ]
    },
    {
      "Speaker":"4653",
      "SpeakerText":"그러니까. 막 아직 썸도 안 타는데 이 사람 나한테 빠졌네, 이런 생각 하고. 나 원래 자만추였는데 이젠 너무 외롭다.",
      "TextConvert":"그러니까. 막 아직 연인 관계는 아니지만 서로 사귀는 듯이 가까이 지내는 미묘한 관계도 안 타는데 이 사람 나한테 빠졌네 이런 생각 하고. 나 원래 자연스러운 만남 추구하는 사람이였는데 이젠 너무 외롭다",
      "StartTime":109.58,
      "EndTime":119.39,
      "SpeakTime":9.81,
      "WordInfo":[
        {
          "Word":"썸",
          "WordType":"유행어",
          "WordStructure":"파생어",
          "WordDefine":"연인 관계는 아니지만 서로 사귀는 듯이 가까이 지내는 미묘한 관계",
          "WordFell":"긍정",
          "WordMean":"좋음"
        },
        {
          "Word":"자만추",
          "WordType":"줄임말",
          "WordStructure":"축약어",
          "WordDefine":"자연스러운 만남 추구'의 줄임말",
          "WordFell":"긍정",
          "WordMean":"좋음"
        }
      ]
    },
    {
      "Speaker":"5653",
      "SpeakerText":"나도 자만추지. 난 그래서 같이 학원 다니던 오빠랑 사귀잖아.",
      "TextConvert":"나도 자연스러운 만남 추구하는 사람이지 난 그래서 같이 학원 다니던 오빠랑 사귀잖아",
      "StartTime":120.63,
      "EndTime":125.99,
      "SpeakTime":5.36,
      "WordInfo":[
        {
          "Word":"자만추",
          "WordType":"줄임말",
          "WordStructure":"축약어",
          "WordDefine":"자연스러운 만남 추구'의 줄임말",
          "WordFell":"긍정",
          "WordMean":"좋음"
        }
      ]
    },
    {
      "Speaker":"4653",
      "SpeakerText":"진짜 너 개부러워. 너 남친이야말로 우유남이지. 자상하지, 키 크지, 잘생겼지.",
      "TextConvert":"진짜 너 완전 부러워 너 남자친구이야말로 우월한 유전자 가진  남자지. 자상하지, 키 크지, 잘생겼지.",
      "StartTime":129.03,
      "EndTime":138.09,
      "SpeakTime":9.06,
      "WordInfo":[
        {
          "Word":"개부럽다",
          "WordType":"유행어",
          "WordStructure":"합성어",
          "WordDefine":"완전 부럽다의 강조 표현",
          "WordFell":"긍정",
          "WordMean":"좋음"
        },
        {
          "Word":"남친",
          "WordType":"줄임말",
          "WordStructure":"축약어",
          "WordDefine":"남자친구의 줄임말",
          "WordFell":"중립",
          "WordMean":"감정없음"
        },
        {
          "Word":"우유남",
          "WordType":"줄임말",
          "WordStructure":"축약어",
          "WordDefine":"우월한 유전자 남자'의 줄임말",
          "WordFell":"긍정",
          "WordMean":"좋음"
        }
      ]
    },
    {
      "Speaker":"5653",
      "SpeakerText":"고맙다, 칭찬해 줘서. 진짜 내 남친이 진정한 따도남이지. 아프다고 하면 바로 약도 사다 주고.",
      "TextConvert":"고맙다 칭찬해 줘서 진짜 내 남자친구가 진정한 자기 여자에게만 따듯한 모습인 남자지 아프다고 하면 바로 약도 사다 주고",
      "StartTime":139.23,
      "EndTime":147.24,
      "SpeakTime":8.01,
      "WordInfo":[
        {
          "Word":"남친",
          "WordType":"줄임말",
          "WordStructure":"축약어",
          "WordDefine":"남자친구의 줄임말",
          "WordFell":"중립",
          "WordMean":"감정없음"
        },
        {
          "Word":"따도남",
          "WordType":"줄임말",
          "WordStructure":"축약어",
          "WordDefine":"따듯한 도시 남자의 준말 / 자기 여자에게만 따뜻한 모습으로도 표현",
          "WordFell":"긍정",
          "WordMean":"좋음"
        }
      ]
    },
    {
      "Speaker":"4653",
      "SpeakerText":"근데 둘이 잘 어울려. 사진 보면 너랑 남친이 진짜 존예 존멋이라서 남친룩도 잘 입고 너무 보기 좋아.",
      "TextConvert":"근데 둘이 잘 어울려 사진 보면 너랑 남자친구가 진짜 엄청 예쁘고 엄청 잘생긴 사람 이라서 남자친구가 입었으면 하는 옷도 잘 입고 너무 보기 좋아.",
      "StartTime":147.83,
      "EndTime":157.29,
      "SpeakTime":9.46,
      "WordInfo":[
        {
          "Word":"남친",
          "WordType":"줄임말",
          "WordStructure":"축약어",
          "WordDefine":"남자친구의 줄임말",
          "WordFell":"중립",
          "WordMean":"감정없음"
        },
        {
          "Word":"존예",
          "WordType":"속어",
          "WordStructure":"축약어",
          "WordDefine":"존나 예쁘다'의 줄임말로 쓰이는 비속어",
          "WordFell":"긍정",
          "WordMean":"좋음"
        },
        {
          "Word":"존멋",
          "WordType":"속어",
          "WordStructure":"축약어",
          "WordDefine":"존나 멋있다'의 준말",
          "WordFell":"긍정",
          "WordMean":"좋음"
        },
        {
          "Word":"남친룩",
          "WordType":"줄임말",
          "WordStructure":"혼성어",
          "WordDefine":"남자친구가 입는 옷, 또는 남자친구가 입어주었으면 하거나 입혀주고 싶은 스타일을 의미한다.",
          "WordFell":"긍정",
          "WordMean":"좋음"
        }
      ]
    },
    {
      "Speaker":"5653",
      "SpeakerText":"그치! 나도 첨에 오빠가 나한테 어장관리하나 했는데 조심스러웠대. 내가 부담스러워할까 봐. ",
      "TextConvert":"그치! 나도 처음에 오빠가 나한테 접근했다가 멀어지기를 반복하면서 궁극적으로 대상 이성이 자기에게서 벗어나지 못하게 하는 행위하나 했는데 조심스러웠데 내가 부담스러워할까 봐 ",
      "StartTime":158.28,
      "EndTime":166.69,
      "SpeakTime":8.41,
      "WordInfo":[
        {
          "Word":"첨",
          "WordType":"줄임말",
          "WordStructure":"축약어",
          "WordDefine":"처음'의 준말",
          "WordFell":"중립",
          "WordMean":"감정없음"
        },
        {
          "Word":"어장관리",
          "WordType":"속어",
          "WordStructure":"합성어",
          "WordDefine":"이성에게 접근했다가 멀어지기를 반복하면서 궁극적으로 대상 이성이 자기에게서 벗어나지 못하게 하는 행위를 뜻한다.",
          "WordFell":"부정",
          "WordMean":"싫어함"
        }
      ]
    },
    {
      "Speaker":"4653",
      "SpeakerText":"진짜 완벽하다. 어떻게 그런 사람이 있지? 완소남이네.",
      "TextConvert":"진짜 완벽하다 어떻게 그런 사람이 있지?? 완전히 소중한 남자네",
      "StartTime":167.38,
      "EndTime":171.89,
      "SpeakTime":4.51,
      "WordInfo":[
        {
          "Word":"완소남",
          "WordType":"줄임말",
          "WordStructure":"축약어",
          "WordDefine":" 완전히 소중한 남자.",
          "WordFell":"긍정",
          "WordMean":"좋음"
        }
      ]
    },
    {
      "Speaker":"5653",
      "SpeakerText":"그래서 나 내 남친 당나귀라고 저장해놨어.",
      "TextConvert":"그래서 나 내 남자 친구 당신은 나의 귀염둥이라고 저장해놨어",
      "StartTime":172.78,
      "EndTime":177.14,
      "SpeakTime":4.36,
      "WordInfo":[
        {
          "Word":"남친",
          "WordType":"줄임말",
          "WordStructure":"축약어",
          "WordDefine":"남자친구의 줄임말",
          "WordFell":"중립",
          "WordMean":"감정없음"
        },
        {
          "Word":"당나귀",
          "WordType":"줄임말",
          "WordStructure":"축약어",
          "WordDefine":"당신은 나의 귀염둥이의 줄임말",
          "WordFell":"긍정",
          "WordMean":"좋음"
        }
      ]
    },
    {
      "Speaker":"4653",
      "SpeakerText":"진짜 극혐이다. 일단 나 오늘 남소 잘 다녀오길 기도해 줘라. 진짜 그린라이트 밝혀졌으면 소원이 없겠네.",
      "TextConvert":"진짜 극도로 혐오다 일단 나 오늘 남자 소개 잘 다녀오길 기도해 줘라 진짜 상대방이 자신에게 호감이 있는것이 맞으니 접근해도 된다라는 신호 밝혀졌으면 소원이 없겠네",
      "StartTime":177.88,
      "EndTime":187.84,
      "SpeakTime":9.96,
      "WordInfo":[
        {
          "Word":"극혐",
          "WordType":"줄임말",
          "WordStructure":"축약어",
          "WordDefine":"극도로 혐오한다는 말의 신조어",
          "WordFell":"부정",
          "WordMean":"싫어함"
        },
        {
          "Word":"남소",
          "WordType":"줄임말",
          "WordStructure":"축약어",
          "WordDefine":"남자 소개'의 준말",
          "WordFell":"긍정",
          "WordMean":"좋음"
        },
        {
          "Word":"그린라이트",
          "WordType":"은어",
          "WordStructure":"파생어",
          "WordDefine":"상대방이 자신에게 호감이 있는 것이 맞으니 대시해도 된다'는 표현.\n2013년 TV프로그램 마녀사냥에서 사용되면서 점차 국내에 유행하기 시작했다. ",
          "WordFell":"긍정",
          "WordMean":"좋음"
        }
      ]
    },
    {
      "Speaker":"5653",
      "SpeakerText":"잘 다녀와. 어색하다고 이상한 말 하지 말고. ",
      "TextConvert":"잘 다녀와 어색하다고 이상한 말 하지 말고 ",
      "StartTime":188.48,
      "EndTime":192.19,
      "SpeakTime":3.71,
      "WordInfo":null
    }
  ]
}
