{
  "DataSet":"연령대별특징적발화음성",
  "Version":"1.0",
  "Date":"20220906",
  "MediaUrl":"문장/40대/41.가족/40_41_3284_220906_0021.wav",
  "Category":"40대",
  "SubCategory":"가족",
  "DialogPlace":"집",
  "DialogVoiceType":"독백",
  "SpeakerNumber":"1",
  "RecDevice":"스마트폰",
  "RecLen":10.991,
  "AudioResolution":{
    "BitDepth":"16bit",
    "SampleRate":"44.1kHz"
  },
  "Speakers":[
    {
      "Speaker":"3284",
      "Gender":"여성",
      "Locate":"수도권",
      "AgeGroup":"30"
    }
  ],
  "Dialogs":[
    {
      "Speaker":"3284",
      "SpeakerText":"새로 뜨는 육아 관련 중 아이의 재능을 발견해 체계적으로 학습을 시키는 엄마는 알파맘이라는 뜻이 있습니다.",
      "TextConvert":"새로 뜨는 육아 관련 중 아이의 재능을 발견해 체계적으로 학습을 시키는 엄마는 아이의 미래를 적극적으로 설계하고자 자녀 교육에 개입하여 교육방식을 제공하는 엄마라는 뜻이 있습니다.",
      "StartTime":1,
      "EndTime":9.991,
      "SpeakTime":8.991,
      "WordInfo":[
        {
          "Word":"알파맘",
          "WordType":"줄임말",
          "WordStructure":"합성어",
          "WordDefine":"아이의 미래를 적극적으로 설계하고자 자녀 교육에 개입하며 \n많은 정보를 취합하여 자녀에게 가장 효율적인 교육방식을 제공하는 엄마.",
          "WordFell":"긍정",
          "WordMean":"선의"
        }
      ]
    }
  ]
}
