{
  "DataSet":"연령대별특징적발화음성",
  "Version":"1.0",
  "Date":"20221103",
  "MediaUrl":"대화/50대이상/51.여가/50_51_46885688_221103_0002.wav",
  "Category":"50대이상",
  "SubCategory":"여가",
  "DialogPlace":"집",
  "DialogVoiceType":"음성통화",
  "SpeakerNumber":"2",
  "RecDevice":"스마트폰",
  "RecLen":246.203,
  "AudioResolution":{
    "BitDepth":"16bit",
    "SampleRate":"44.1kHz"
  },
  "Speakers":[
    {
      "Speaker":"4688",
      "Gender":"여성",
      "Locate":"수도권",
      "AgeGroup":"40"
    },
    {
      "Speaker":"5688",
      "Gender":"여성",
      "Locate":"수도권",
      "AgeGroup":"40"
    }
  ],
  "Dialogs":[
    {
      "Speaker":"4688",
      "SpeakerText":"나 최근에 골프 초보 됐어. 사회 생활 하는데 골프도 좀 필요한 것 같더라.",
      "TextConvert":"나 최근에 골프 초보 됐어. 사회 생활 하는데 골프도 좀 필요한 것 같더라.",
      "StartTime":0.98,
      "EndTime":6.84,
      "SpeakTime":5.86,
      "WordInfo":null
    },
    {
      "Speaker":"5688",
      "SpeakerText":"내가 그렇게 배우라고 할 땐 안하더니, 이제 반 백 년 다 된 나이에 골프초보 돼서 안힘들어?",
      "TextConvert":"내가 그렇게 배우라고 할 땐 안하더니 이제 반 백 년 다 된 나이에 골프초보 돼서 안힘들어?",
      "StartTime":8.78,
      "EndTime":15.94,
      "SpeakTime":7.16,
      "WordInfo":null
    },
    {
      "Speaker":"4688",
      "SpeakerText":"아니 뭐 그런 건 없는데, 다들 첨이라서 만반잘부 하고 골잘알 한테 넙죽 엎드렸지. 골프 초보잖아.",
      "TextConvert":"아니 뭐 그런 건 없는데, 다들 처음이라서 만나서 반가워 잘 부탁해 하고 골프 잘 아는 사람 한테 넙죽 엎드렸지. 골프 초보잖아.",
      "StartTime":17.38,
      "EndTime":27.29,
      "SpeakTime":9.91,
      "WordInfo":[
        {
          "Word":"첨",
          "WordType":"줄임말",
          "WordStructure":"축약어",
          "WordDefine":"처음'의 준말",
          "WordFell":"중립",
          "WordMean":"감정없음"
        },
        {
          "Word":"만반잘부",
          "WordType":"줄임말",
          "WordStructure":"축약어",
          "WordDefine":"만나서 반가워 잘 부탁해'의 줄임말",
          "WordFell":"긍정",
          "WordMean":"좋음"
        },
        {
          "Word":"골잘알",
          "WordType":"줄임말",
          "WordStructure":"축약어",
          "WordDefine":"골프 잘 아는 사람'의 준말",
          "WordFell":"중립",
          "WordMean":"감정없음"
        }
      ]
    },
    {
      "Speaker":"5688",
      "SpeakerText":"아는 사람도 작년부터 골프 초보로 시작해서 지금 까지 줄곧 배우고 있는데, 그 분도 여행업을 해. 그래서 의무감에 하던데, 근자감 덕분인지 요즘은 오잘공도 나오고 그런다더라.",
      "TextConvert":"아는 사람도 작년부터 골프 초보로 시작해서 지금 까지 줄곧 배우고 있는데 그 분도 여행업을 해. 그래서 의무감에 하던데 근거없는 자신감 덕분인지 요즘은 오늘의 가장 잘친 공도 나오고 그런다더라.",
      "StartTime":29.58,
      "EndTime":46.19,
      "SpeakTime":16.61,
      "WordInfo":[
        {
          "Word":"근자감",
          "WordType":"줄임말",
          "WordStructure":"축약어",
          "WordDefine":"근거 없는 자신감'의 줄임말인 이 표현은 젊은 세대가 주로 부정적인 의미로 쓴다.",
          "WordFell":"부정",
          "WordMean":"싫어함"
        },
        {
          "Word":"오잘공",
          "WordType":"줄임말",
          "WordStructure":"축약어",
          "WordDefine":"오늘 가장 잘 친 공의 줄임말",
          "WordFell":"중립",
          "WordMean":"감정없음"
        }
      ]
    },
    {
      "Speaker":"4688",
      "SpeakerText":"나도 어잘공이 아닌 오잘공이 됐으 나오면 좋겠네. 아직 한참 멀었지만 말이야.",
      "TextConvert":"나도 어쩌다 잘친 공이 아닌 오늘의 가장 잘친 공이 나오면 좋겠네. 아직 한참 멀었지만 말이야.",
      "StartTime":48.13,
      "EndTime":54.49,
      "SpeakTime":6.36,
      "WordInfo":[
        {
          "Word":"어잘공",
          "WordType":"줄임말",
          "WordStructure":"축약어",
          "WordDefine":"어쩌다 잘 친 공의 줄임말",
          "WordFell":"중립",
          "WordMean":"감정없음"
        },
        {
          "Word":"오잘공",
          "WordType":"줄임말",
          "WordStructure":"축약어",
          "WordDefine":"오늘 가장 잘 친 공의 줄임말",
          "WordFell":"중립",
          "WordMean":"감정없음"
        }
      ]
    },
    {
      "Speaker":"5688",
      "SpeakerText":"온탕냉탕만 아니면 되지 않나 싶은데. 서두르지 마. 그럼 오늘도 골프 가는 거야?",
      "TextConvert":"그린 주위에서 온을 하지 못하고 계속 주위만 빙글빙글 도는 상황만 아니면 되지 않나 싶은데. 서두르지 마. 그럼 오늘도 골프 가는 거야?",
      "StartTime":58.08,
      "EndTime":65.64,
      "SpeakTime":7.56,
      "WordInfo":[
        {
          "Word":"온탕냉탕",
          "WordType":"은어",
          "WordStructure":"합성어",
          "WordDefine":"그린 주위에서 온을 하지 못하고 계속 주위만 빙글빙글 도는 상황을 뜻함",
          "WordFell":"중립",
          "WordMean":"감정없음"
        }
      ]
    },
    {
      "Speaker":"4688",
      "SpeakerText":"글쎄, 오늘은 잘 모르겠는데 사실 일파만파 하는 경우도 있다 보니까 알게 모르게 중독되더라고.",
      "TextConvert":"글쎄 오늘은 잘 모르겠는데 사실 첫 홀을 기분 좋게 다 같이 파로 시작하자 하는 경우도 있다 보니까 알게 모르게 중독되더라고.",
      "StartTime":67.13,
      "EndTime":76.19,
      "SpeakTime":9.06,
      "WordInfo":[
        {
          "Word":"일파만파",
          "WordType":"은어",
          "WordStructure":"혼성어",
          "WordDefine":"첫 홀을 기분 좋게 다 같이 파로 시작하자는 골프 은어",
          "WordFell":"긍정",
          "WordMean":"선의"
        }
      ]
    },
    {
      "Speaker":"5688",
      "SpeakerText":"너 골프 초보라고 무시하는 사람들은 없지?",
      "TextConvert":"너 골프 초보라고 무시하는 사람들은 없지?",
      "StartTime":77.73,
      "EndTime":81.34,
      "SpeakTime":3.61,
      "WordInfo":null
    },
    {
      "Speaker":"4688",
      "SpeakerText":"내가 초보인데 누가 나한테 뭐라 그러니. 구찌 하는 건 실력이 되어야 구찌 당하는 거지, 안그래?",
      "TextConvert":"내가 초보인데 누가 나한테 뭐라 그러니. 상대방을 말로 견제 하는 건 실력이 되어야 상대방을 말로 견제하는 거 당하는 거지 안그래?",
      "StartTime":83.13,
      "EndTime":90.84,
      "SpeakTime":7.71,
      "WordInfo":[
        {
          "Word":"구찌",
          "WordType":"은어",
          "WordStructure":"파생어",
          "WordDefine":"골프에서 상대방을 말로 견제하는 것을 의미함",
          "WordFell":"부정",
          "WordMean":"싫어함"
        },
        {
          "Word":"구찌",
          "WordType":"은어",
          "WordStructure":"파생어",
          "WordDefine":"골프에서 상대방을 말로 견제하는 것을 의미함",
          "WordFell":"부정",
          "WordMean":"싫어함"
        }
      ]
    },
    {
      "Speaker":"5688",
      "SpeakerText":"아무튼 여가를 골프 초보로서 보낸다니, 시간이 좀 지나야겠네.",
      "TextConvert":"아무튼 여가를 골프 초보로서 보낸다니 시간이 좀 지나야겠네.",
      "StartTime":92.23,
      "EndTime":98.59,
      "SpeakTime":6.36,
      "WordInfo":null
    },
    {
      "Speaker":"4688",
      "SpeakerText":"그러는 너는 여가활동 뭘 하고 있길래? 설마 방콕을 즐기는건 아니지?",
      "TextConvert":"그러는 너는 여가활동 뭘 하고 있길래? 설마 방에 콕 박혀있는 것을 즐기는건 아니지?",
      "StartTime":99.93,
      "EndTime":105.99,
      "SpeakTime":6.06,
      "WordInfo":[
        {
          "Word":"방콕",
          "WordType":"줄임말",
          "WordStructure":"파생어",
          "WordDefine":"방에 콕 박혀서 지낸다/태국의 수도 '방콕'에서 파생됨",
          "WordFell":"중립",
          "WordMean":"감정없음"
        }
      ]
    },
    {
      "Speaker":"5688",
      "SpeakerText":"나는 특별히 뭘 하는 것은 없는데, 예전부터 포켓볼을 해보고 싶었거든. 그래서 주말에 가족들이랑 당구장 갔어.",
      "TextConvert":"나는 특별히 뭘 하는 것은 없는데 예전부터 포켓볼을 해보고 싶었거든. 그래서 주말에 가족들이랑 당구장 갔어.",
      "StartTime":107.63,
      "EndTime":118.79,
      "SpeakTime":11.16,
      "WordInfo":null
    },
    {
      "Speaker":"4688",
      "SpeakerText":"대박인데. 매번 바른생활 할 줄 알았는데 당구장엘 다 가고. 게다가 고딩 아들이잖아.",
      "TextConvert":"대박인데. 매번 바른생활 할 줄 알았는데 당구장엘 다 가고. 게다가 고등학생 아들이잖아.",
      "StartTime":120.33,
      "EndTime":128.139,
      "SpeakTime":7.809,
      "WordInfo":[
        {
          "Word":"고딩",
          "WordType":"은어",
          "WordStructure":"혼성어",
          "WordDefine":"모바일이나 인터넷상에서, `고등학생'을 이르는 말.",
          "WordFell":"중립",
          "WordMean":"감정없음"
        }
      ]
    },
    {
      "Speaker":"5688",
      "SpeakerText":"고딩이면 어때? 부모랑 같이 가서 건전하게 포켓볼 치는 건데 뭐. 그리고 울아들은 벌써 포켓볼을 쳐 봤다던데. 중딩 때 스포츠 동아리였어서 선생님이랑 갔다더라.",
      "TextConvert":"고등학생이면 어때? 부모랑 같이 가서 건전하게 포켓볼 치는 건데 뭐. 그리고 우리아들은 벌써 포켓볼을 쳐 봤다던데. 중학생 때 스포츠 동아리였어서 선생님이랑 갔다더라.",
      "StartTime":141.18,
      "EndTime":156.14,
      "SpeakTime":14.96,
      "WordInfo":[
        {
          "Word":"고딩",
          "WordType":"은어",
          "WordStructure":"혼성어",
          "WordDefine":"모바일이나 인터넷상에서, `고등학생'을 이르는 말.",
          "WordFell":"중립",
          "WordMean":"감정없음"
        },
        {
          "Word":"울",
          "WordType":"줄임말",
          "WordStructure":"축약어",
          "WordDefine":"우리'의 준말",
          "WordFell":"중립",
          "WordMean":"감정없음"
        },
        {
          "Word":"중딩",
          "WordType":"은어",
          "WordStructure":"혼성어",
          "WordDefine":"모바일이나 인터넷상에서, `중학생'을 이르는 말.",
          "WordFell":"중립",
          "WordMean":"감정없음"
        }
      ]
    },
    {
      "Speaker":"4688",
      "SpeakerText":"폼생폼사로다가 한 번 멋지게 쳐 보지 그랬니? ",
      "TextConvert":"폼에 살고 폼에 죽는거로다가 한 번 멋지게 쳐 보지 그랬니? ",
      "StartTime":158.13,
      "EndTime":161.64,
      "SpeakTime":3.51,
      "WordInfo":[
        {
          "Word":"폼생폼사",
          "WordType":"속어",
          "WordStructure":"파생어",
          "WordDefine":"겉으로 드러내는 멋이나 모습만을 중요한 가치로 삼음. 또는 그런 태도",
          "WordFell":"부정",
          "WordMean":"싫어함"
        }
      ]
    },
    {
      "Speaker":"5688",
      "SpeakerText":"나는 뭐 당구에선 초딩 수준이라서 폼생폼사 안되지. 그래도 그거 완전 핵꿀쨈이더라. 시간도 잘 가고. 그런데 좀 안좋은 건 있더라구.",
      "TextConvert":"나는 뭐 당구에선 초등학생 수준이라서 폼에 살고 폼에 죽는거 안되지. 그래도 그거 완전 엄청 진짜 재밌더라. 시간도 잘 가고. 그런데 좀 안좋은 건 있더라구.",
      "StartTime":163.03,
      "EndTime":176.54,
      "SpeakTime":13.51,
      "WordInfo":[
        {
          "Word":"초딩",
          "WordType":"은어",
          "WordStructure":"혼성어",
          "WordDefine":"모바일이나 인터넷상에서, `초등학생'을 이르는 말.",
          "WordFell":"중립",
          "WordMean":"감정없음"
        },
        {
          "Word":"폼생폼사",
          "WordType":"속어",
          "WordStructure":"파생어",
          "WordDefine":"겉으로 드러내는 멋이나 모습만을 중요한 가치로 삼음. 또는 그런 태도",
          "WordFell":"부정",
          "WordMean":"싫어함"
        },
        {
          "Word":"핵꿀잼",
          "WordType":"은어",
          "WordStructure":"합성어",
          "WordDefine":"핵'과 ‘꿀’과 ‘재미’의 합성어로, ‘매우 많이 재미있다’는 의미의 신조어를 한층 더 강조한 말",
          "WordFell":"긍정",
          "WordMean":"좋음"
        }
      ]
    },
    {
      "Speaker":"4688",
      "SpeakerText":"어떤 걸 말하는 거야? 핵꿀쨈을 가로 막는 노쨈이라도 있었어?",
      "TextConvert":"어떤 걸 말하는 거야? 엄청 진짜 재밌는 걸 가로 막는 재미 없는 거라도 있었어?",
      "StartTime":178.28,
      "EndTime":182.64,
      "SpeakTime":4.36,
      "WordInfo":[
        {
          "Word":"핵꿀잼",
          "WordType":"은어",
          "WordStructure":"합성어",
          "WordDefine":"핵'과 ‘꿀’과 ‘재미’의 합성어로, ‘매우 많이 재미있다’는 의미의 신조어를 한층 더 강조한 말",
          "WordFell":"긍정",
          "WordMean":"좋음"
        },
        {
          "Word":"노잼",
          "WordType":"유행어",
          "WordStructure":"합성어",
          "WordDefine":"무언가가 매우 재미없다는 의미의 인터넷 유행어. ",
          "WordFell":"부정",
          "WordMean":"싫어함"
        }
      ]
    },
    {
      "Speaker":"5688",
      "SpeakerText":"줄담을 하는 사람들이 좀 있더라고. 담타 하러 가자는 사람들도 있고. 담배 냄새가 좀 싫었어.",
      "TextConvert":"담배를 연이어 피워대는 하는 사람들이 좀 있더라고. 담배피는 시간 하러 가자는 사람들도 있고. 담배 냄새가 좀 싫었어.",
      "StartTime":185.38,
      "EndTime":194.19,
      "SpeakTime":8.81,
      "WordInfo":[
        {
          "Word":"줄담",
          "WordType":"속어",
          "WordStructure":"혼성어",
          "WordDefine":"담배를 연이어 피워대는 일을 칭하는 속어",
          "WordFell":"중립",
          "WordMean":"감정없음"
        },
        {
          "Word":"담타",
          "WordType":"줄임말",
          "WordStructure":"축약어",
          "WordDefine":"담배 타임의 줄임말 / 담배 피러 가는시간, 담배 피러 가자의 은어 표현",
          "WordFell":"중립",
          "WordMean":"감정없음"
        }
      ]
    },
    {
      "Speaker":"4688",
      "SpeakerText":"하긴 맞담하는 사람도 많고 하지. 냄새 오지게 맡고 나왔겠네.",
      "TextConvert":"하긴 서로 마주 보고 피우는 담배 하는 사람도 많고 하지. 냄새 심하게 맡고 나왔겠네.",
      "StartTime":196.08,
      "EndTime":201.34,
      "SpeakTime":5.26,
      "WordInfo":[
        {
          "Word":"맞담",
          "WordType":"줄임말",
          "WordStructure":"축약어",
          "WordDefine":"맞-담배의 줄임말 / 서로 마주 보고 피우는 담배",
          "WordFell":"중립",
          "WordMean":"감정없음"
        },
        {
          "Word":"오지다",
          "WordType":"유행어",
          "WordStructure":"파생어",
          "WordDefine":"놀라거나 감탄할 때 사용하는 단어\"",
          "WordFell":"중립",
          "WordMean":"감정없음"
        }
      ]
    },
    {
      "Speaker":"5688",
      "SpeakerText":"그거 빼고는 찐텐 좋았지. 울신랑도 의외로 그날 하이텐션이었는지 담에 또 가자니까 바로 오키도키하더라구. 정말 간지나는 실력자라도 된 것 같았어. 즐거운 하루였지.",
      "TextConvert":"그거 빼고는 진짜 기분으로 좋았지. 우리신랑도 의외로 그날 마냥 들뜬 기분이었는지 다음에 또 가자니까 바로 오케이하더라구.  정말 폼나는 실력자라도 된 것 같았어. 즐거운 하루였지.",
      "StartTime":202.83,
      "EndTime":219.59,
      "SpeakTime":16.76,
      "WordInfo":[
        {
          "Word":"찐텐",
          "WordType":"은어",
          "WordStructure":"혼성어",
          "WordDefine":"진짜를 뜻하는 '찐'과 '텐션'이 합쳐진 말 / 거짓이나 꾸밈 없는 진짜 기분 상태를 말하는 것",
          "WordFell":"긍정",
          "WordMean":"좋음"
        },
        {
          "Word":"하이텐션",
          "WordType":"유행어",
          "WordStructure":"합성어",
          "WordDefine":"마냥?들뜬 컨디션+기분 상태를 뜻하는 말.",
          "WordFell":"긍정",
          "WordMean":"좋음"
        },
        {
          "Word":"울",
          "WordType":"줄임말",
          "WordStructure":"축약어",
          "WordDefine":"우리'의 준말",
          "WordFell":"중립",
          "WordMean":"감정없음"
        },
        {
          "Word":"담",
          "WordType":"줄임말",
          "WordStructure":"축약어",
          "WordDefine":"다음의 줄임말",
          "WordFell":"중립",
          "WordMean":"감정없음"
        },
        {
          "Word":"오키도키",
          "WordType":"줄임말",
          "WordStructure":"축약어",
          "WordDefine":"오케이'의 준말 /  영어권에 비슷한 표현이 있기는 한데, 오키 단독으로 쓰지 않고 okey-dokey(오키도키)로 사용한다.",
          "WordFell":"중립",
          "WordMean":"감정없음"
        },
        {
          "Word":"간지나다",
          "WordType":"은어",
          "WordStructure":"합성어",
          "WordDefine":"폼나다",
          "WordFell":"긍정",
          "WordMean":"좋음"
        }
      ]
    },
    {
      "Speaker":"4688",
      "SpeakerText":"뽀대 났나보네. 뭐가 됐든 엣지있는 시간 보내서 잘 했네.",
      "TextConvert":"멋 났나보네. 뭐가 됐든 두드러지고 뚜렷한 시간 보내서 잘 했네.",
      "StartTime":221.33,
      "EndTime":226.29,
      "SpeakTime":4.96,
      "WordInfo":[
        {
          "Word":"뽀대",
          "WordType":"유행어",
          "WordStructure":"기타",
          "WordDefine":" \"멋있다, 폼난다\"는 뜻",
          "WordFell":"긍정",
          "WordMean":"좋음"
        },
        {
          "Word":"엣지있다",
          "WordType":"유행어",
          "WordStructure":"파생어",
          "WordDefine":"날카로움, 모서리 등을 뜻하는 영어 edgy에서 나온 말. '두드러지고 뚜렷하게'라는 의미다.",
          "WordFell":"긍정",
          "WordMean":"좋음"
        }
      ]
    },
    {
      "Speaker":"5688",
      "SpeakerText":"너도 연습 많이 해서 골린이 아닌 골잘알로 커나가길 바랄게. 용케 너도 나도 히키코모리는 아니네.",
      "TextConvert":"너도 연습 많이 해서 골프 입문자 아닌 골프 잘 아는 사람으로 커나가길 바랄게. 용하게 너도 나도 방이나 집 등의 특정 공간에서 나가지 못하거나 나가지 않는 사람은 아니네.",
      "StartTime":228.03,
      "EndTime":238.04,
      "SpeakTime":10.01,
      "WordInfo":[
        {
          "Word":"골린이",
          "WordType":"줄임말",
          "WordStructure":"혼성어",
          "WordDefine":"골프+어린이/골프를 처음 접하는 사람",
          "WordFell":"중립",
          "WordMean":"감정없음"
        },
        {
          "Word":"골잘알",
          "WordType":"줄임말",
          "WordStructure":"축약어",
          "WordDefine":"골프 잘 아는 사람'의 준말",
          "WordFell":"중립",
          "WordMean":"감정없음"
        },
        {
          "Word":"용케",
          "WordType":"줄임말",
          "WordStructure":"축약어",
          "WordDefine":" '용하다'의 활용형인 '용하게'의 준말",
          "WordFell":"중립",
          "WordMean":"감정없음"
        },
        {
          "Word":"히키코모리",
          "WordType":"속어",
          "WordStructure":"기타",
          "WordDefine":"사회 생활을 극도로 멀리하고, 방이나 집 등의 특정 공간에서 나가지 못하거나 나가지 않는 사람과 그러한 현상 모두를 일컫는 일본의 신조어",
          "WordFell":"부정",
          "WordMean":"싫어함"
        }
      ]
    },
    {
      "Speaker":"4688",
      "SpeakerText":"그리고 우리 다음엔 가족들끼리 친목질 한 번 해보자. 아주 대유잼이겠어.",
      "TextConvert":"그리고 우리 다음엔 가족들끼리 서로 친해지며 화목하게 지내는거 한 번 해보자. 아주 매우 큰 재미가 있겠어.",
      "StartTime":239.53,
      "EndTime":245.49,
      "SpeakTime":5.96,
      "WordInfo":[
        {
          "Word":"친목질",
          "WordType":"속어",
          "WordStructure":"합성어",
          "WordDefine":"서로 친하여 화목하다'는 뜻의 명사 친목에 '좋지 않은 행위에 비하하는 뜻을 더하는 접미사' 질을 합친 표현이다.",
          "WordFell":"부정",
          "WordMean":"싫어함"
        },
        {
          "Word":"대유잼",
          "WordType":"줄임말",
          "WordStructure":"합성어",
          "WordDefine":"大(큰 대)有(있을 유)잼으로 큰 재미가 있다는 의미",
          "WordFell":"긍정",
          "WordMean":"좋음"
        }
      ]
    }
  ]
}
