{
  "DataSet":"연령대별특징적발화음성",
  "Version":"1.0",
  "Date":"20220901",
  "MediaUrl":"문장/30대/34.연애결혼/30_34_3019_220901_0036.wav",
  "Category":"30대",
  "SubCategory":"연애결혼",
  "DialogPlace":"집",
  "DialogVoiceType":"독백",
  "SpeakerNumber":"1",
  "RecDevice":"스마트폰",
  "RecLen":8.17,
  "AudioResolution":{
    "BitDepth":"16bit",
    "SampleRate":"44.1kHz"
  },
  "Speakers":[
    {
      "Speaker":"3019",
      "Gender":"여성",
      "Locate":"전라",
      "AgeGroup":"20"
    }
  ],
  "Dialogs":[
    {
      "Speaker":"3019",
      "SpeakerText":"시시콜콜한 이야기더라도 서로 티키타카가 잘 통하면 상대에 대한 호감이 급속도로 높아져.",
      "TextConvert":"시시콜콜한 이야기더라도 서로 대화의 합이 잘 맞아 주고받기가 잘 통하면 상대에 대한 호감이 급속도로 높아져.",
      "StartTime":1,
      "EndTime":7.17,
      "SpeakTime":6.17,
      "WordInfo":[
        {
          "Word":"티키타카",
          "WordType":"은어",
          "WordStructure":"파생어",
          "WordDefine":"대화의 합이 잘 맞아 주고받기가 잘 되는 것",
          "WordFell":"긍정",
          "WordMean":"좋음"
        }
      ]
    }
  ]
}
