{
  "DataSet":"연령대별특징적발화음성",
  "Version":"1.0",
  "Date":"20220924",
  "MediaUrl":"문장/20대/23.직장/20_23_3889_220924_0024.wav",
  "Category":"20대",
  "SubCategory":"직장",
  "DialogPlace":"집",
  "DialogVoiceType":"독백",
  "SpeakerNumber":"1",
  "RecDevice":"스마트폰",
  "RecLen":11.7,
  "AudioResolution":{
    "BitDepth":"16bit",
    "SampleRate":"44.1kHz"
  },
  "Speakers":[
    {
      "Speaker":"3889",
      "Gender":"여성",
      "Locate":"수도권",
      "AgeGroup":"50"
    }
  ],
  "Dialogs":[
    {
      "Speaker":"3889",
      "SpeakerText":"오늘 부장님이 전쪽으로 오늘 회식한다고 일정 비워놓으랬는데 못 본거야? 아마 지금 일정있다고 말하기엔 갑분싸될 것 같아.",
      "TextConvert":"오늘 부장님이 전체 쪽지로 오늘 회식한다고 일정 비워놓으랬는데 못 본거야? 아마 지금 일정있다고 말하기엔 갑자기 분위기 싸해질 것 같아.",
      "StartTime":1,
      "EndTime":10.7,
      "SpeakTime":9.7,
      "WordInfo":[
        {
          "Word":"전쪽",
          "WordType":"줄임말",
          "WordStructure":"축약어",
          "WordDefine":"전체 쪽지'의 줄임말",
          "WordFell":"중립",
          "WordMean":"감정없음"
        },
        {
          "Word":"갑분싸",
          "WordType":"줄임말",
          "WordStructure":"축약어",
          "WordDefine":"갑자기 분위기 싸해진다'의 줄임말",
          "WordFell":"부정",
          "WordMean":"싫어함"
        }
      ]
    }
  ]
}
