{
  "DataSet":"연령대별특징적발화음성",
  "Version":"1.0",
  "Date":"20221104",
  "MediaUrl":"대화/20대/23.직장/20_23_47755775_221104_0009.wav",
  "Category":"20대",
  "SubCategory":"직장",
  "DialogPlace":"집",
  "DialogVoiceType":"음성통화",
  "SpeakerNumber":"2",
  "RecDevice":"스마트폰",
  "RecLen":160.682,
  "AudioResolution":{
    "BitDepth":"16bit",
    "SampleRate":"44.1kHz"
  },
  "Speakers":[
    {
      "Speaker":"4775",
      "Gender":"여성",
      "Locate":"수도권",
      "AgeGroup":"40"
    },
    {
      "Speaker":"5775",
      "Gender":"여성",
      "Locate":"수도권",
      "AgeGroup":"40"
    }
  ],
  "Dialogs":[
    {
      "Speaker":"4775",
      "SpeakerText":"이번 주 너 나이트 뛰니? 나는 데이 근무로 잡혔는데 수간호사 쌤이 결근이라서 휴가 잡는 것도 미루라고 연락 왔더라.",
      "TextConvert":"이번 주 너 나이트 뛰니? 나는 데이 근무로 잡혔는데 수간호사 선생님이 결근이라서 휴가 잡는 것도 미루라고 연락 왔더라.",
      "StartTime":1.68,
      "EndTime":9.49,
      "SpeakTime":7.81,
      "WordInfo":[
        {
          "Word":"쌤",
          "WordType":"줄임말",
          "WordStructure":"파생어",
          "WordDefine":"선생님(교사, 강사 등)을 줄여 부르는 말. 학생들끼리도 선생님을 부를 때 은어로 많이 쓰인다.\n 하지만 꼭 교사나 강사를 줄여 부르는 말이라기 보다는 특정 직업을 가진 사람들끼리 사람의 이름 뒤에도 붙일 수 있다. \n연구원 등 직급끼리도 쌤이라 부르는 사람들도 있다.",
          "WordFell":"중립",
          "WordMean":"감정없음"
        }
      ]
    },
    {
      "Speaker":"5775",
      "SpeakerText":"개짜증 날 것 같다. 아니 무슨 자기네들이 월급 주는 줄 알고 있나봐.",
      "TextConvert":"매우 짜증 날 것 같다. 아니 무슨 자기네들이 월급 주는 줄 알고 있나봐.",
      "StartTime":9.98,
      "EndTime":14.54,
      "SpeakTime":4.56,
      "WordInfo":[
        {
          "Word":"개짜증",
          "WordType":"유행어",
          "WordStructure":"합성어",
          "WordDefine":"매우 짜증난다의 강조 표현",
          "WordFell":"부정",
          "WordMean":"싫어함"
        }
      ]
    },
    {
      "Speaker":"4775",
      "SpeakerText":"너 아직 이 세계 몰라? 상하 수직 구조잖아. 까라면 까는거야. 안그러면 불이익 당할 수 있다고.",
      "TextConvert":"너 아직 이 세계 몰라? 상하 수직 구조잖아. 까라면 까는거야. 안그러면 불이익 당할 수 있다고.",
      "StartTime":14.93,
      "EndTime":22.59,
      "SpeakTime":7.66,
      "WordInfo":null
    },
    {
      "Speaker":"5775",
      "SpeakerText":"여기 병원이 무슨 군바리들 있는 군대도 아니고 우리가 그렇다고 상근직이냐?",
      "TextConvert":"여기 병원이 무슨 군인들 있는 군대도 아니고 우리가 그렇다고 상근직이냐?",
      "StartTime":23.03,
      "EndTime":27.99,
      "SpeakTime":4.96,
      "WordInfo":[
        {
          "Word":"군바리",
          "WordType":"속어",
          "WordStructure":"파생어",
          "WordDefine":"군인'을 속되게 이르는 말",
          "WordFell":"중립",
          "WordMean":"감정없음"
        }
      ]
    },
    {
      "Speaker":"4775",
      "SpeakerText":"우리 유니폼을 아예 개구리복으로 바꾸는 게 낫지 않을까 싶어. 밥도 군대리아식으로 먹고 말이야.",
      "TextConvert":"우리 유니폼을 아예 얼룩 무늬 군복으로 바꾸는 게 낫지 않을까 싶어. 밥도 군대식 햄버거 식으로 먹고 말이야.",
      "StartTime":28.93,
      "EndTime":35.14,
      "SpeakTime":6.21,
      "WordInfo":[
        {
          "Word":"개구리",
          "WordType":"은어",
          "WordStructure":"파생어",
          "WordDefine":"(은어) 과거 얼룩 무늬 군복을 일컫는 말.",
          "WordFell":"중립",
          "WordMean":"감정없음"
        },
        {
          "Word":"군대리아",
          "WordType":"줄임말",
          "WordStructure":"혼성어",
          "WordDefine":"군대 와 롯데리아를 결합시켜 탄생했다. 군대에서 일주일에 1.2번 나오는 특식.",
          "WordFell":"긍정",
          "WordMean":"좋음"
        }
      ]
    },
    {
      "Speaker":"5775",
      "SpeakerText":"정말 남들은 병원 근무가 엄청 까리해 보이나 보던데, 그건 진짜 아니라고 봄.",
      "TextConvert":"정말 남들은 병원 근무가 엄청 멋있게 보이나 보던데, 그건 진짜 아니라고 봄.",
      "StartTime":35.73,
      "EndTime":40.89,
      "SpeakTime":5.16,
      "WordInfo":[
        {
          "Word":"까리하다",
          "WordType":"속어",
          "WordStructure":"기타",
          "WordDefine":"학생들 사이에서 어떤 것이?멋있다는 뜻으로 사용되는?속어.",
          "WordFell":"긍정",
          "WordMean":"좋음"
        }
      ]
    },
    {
      "Speaker":"4775",
      "SpeakerText":"죽어봐야 저승 맛을 안다는 말이 거기서 나왔나 보네. 우리 같은 간호사들은 (3교대)/(삼 교대)니까 정말 워라밸이며 그런건 꿈도 못꾼다는 말씀이지. ",
      "TextConvert":"죽어봐야 저승 맛을 안다는 말이 거기서 나왔나 보네. 우리 같은 간호사들은 3교대니까 정말 일과 생활의 균형이며 그런건 꿈도 못꾼다는 말씀이지. ",
      "StartTime":41.58,
      "EndTime":51.34,
      "SpeakTime":9.76,
      "WordInfo":[
        {
          "Word":"워라밸",
          "WordType":"줄임말",
          "WordStructure":"혼성어",
          "WordDefine":"워크(work) & 라이프(life)+밸런스(balance)를 합친 단어/직장인들 사이에서 주로 쓰임/\"일과 생활의 균형\"",
          "WordFell":"긍정",
          "WordMean":"선의"
        }
      ]
    },
    {
      "Speaker":"5775",
      "SpeakerText":"오늘 점심은 또 뭐 나온다 그래? 이건 정말 갓수나 돌취생들이 먹는 것보다도 더 맛이 없으니까 점심시간만 되면 나는 헬게이트 열리는 그런 느낌이 들어.",
      "TextConvert":"오늘 점심은 또 뭐 나온다 그래? 이건 정말 백수나 돌아온 취업 준비생들이 먹는 것보다도 더 맛이 없으니까 점심시간만 되면 나는 끔찍하고 혼란스럽게 되어버린 상황이 열리는 그런 느낌이 들어.",
      "StartTime":51.88,
      "EndTime":62.49,
      "SpeakTime":10.61,
      "WordInfo":[
        {
          "Word":"갓수",
          "WordType":"은어",
          "WordStructure":"혼성어",
          "WordDefine":"갓(God) + 백수",
          "WordFell":"긍정",
          "WordMean":"좋음"
        },
        {
          "Word":"돌취생",
          "WordType":"줄임말",
          "WordStructure":"축약어",
          "WordDefine":"돌아온 취업준비생의 준말",
          "WordFell":"부정",
          "WordMean":"싫어함"
        },
        {
          "Word":"헬게이트",
          "WordType":"속어",
          "WordStructure":"합성어",
          "WordDefine":"마치?지옥?문이 열린듯 끔찍하고 혼란스럽게 되어버린 상황을 칭하는 단어.",
          "WordFell":"부정",
          "WordMean":"싫어함"
        }
      ]
    },
    {
      "Speaker":"4775",
      "SpeakerText":"반찬도 데꼬보꼬로 나오지 뭐가 균형이 잡힌거라고는 하나도 없어요.",
      "TextConvert":"반찬도 주로 요소의 배치나 크기등에 대비를 주면서 나오지 뭐가 균형이 잡힌거라고는 하나도 없어요.",
      "StartTime":63.38,
      "EndTime":69.19,
      "SpeakTime":5.81,
      "WordInfo":[
        {
          "Word":"데꼬보꼬",
          "WordType":"은어",
          "WordStructure":"파생어",
          "WordDefine":" 주로 요소의 배치, 크기 등에 대비를 줄 때 사용한다. / 일반적으로 '평평하지 못하다''울퉁불퉁''매끄럽지 못하다''들쭉날쭉하다 ",
          "WordFell":"긍정",
          "WordMean":"선의"
        }
      ]
    },
    {
      "Speaker":"5775",
      "SpeakerText":"완전 없그레이드지. 영양사가 바뀌고 나서부터 그런 것 같지 않니? 학교 급식 잘 안나오면 엄마들은 항의라도 하지, 우리는 뭐 아봉만 하고 있으니 개선이 안되지.",
      "TextConvert":"완전 업그레이드 한게 안한것보다 못한 상황이지. 영양사가 바뀌고 나서부터 그런 것 같지 않니? 학교 급식 잘 안나오면 엄마들은 항의라도 하지, 우리는 뭐 아가리 봉인만 하고 있으니 개선이 안되지.",
      "StartTime":69.43,
      "EndTime":81.14,
      "SpeakTime":11.71,
      "WordInfo":[
        {
          "Word":"없그레이드",
          "WordType":"은어",
          "WordStructure":"혼성어",
          "WordDefine":"상황이 전보다 더 나빠졌을 때 주로 쓰는 말/업그레이드 한 게 안한것보다 못하다.",
          "WordFell":"부정",
          "WordMean":"싫어함"
        },
        {
          "Word":"아봉",
          "WordType":"속어",
          "WordStructure":"축약어",
          "WordDefine":"아가리 봉인의 줄임말. 예) 아 쟤 시끄러 죽겠네 아봉시켜버릴라.",
          "WordFell":"부정",
          "WordMean":"화남"
        }
      ]
    },
    {
      "Speaker":"4775",
      "SpeakerText":"나 오늘 진짜 찐텐 땅바닥으로 곤두박질 쳤어 .",
      "TextConvert":"나 오늘 진짜 진짜 기분상태로 땅바닥으로 곤두박질 쳤어 .",
      "StartTime":81.78,
      "EndTime":85.44,
      "SpeakTime":3.66,
      "WordInfo":[
        {
          "Word":"찐텐",
          "WordType":"은어",
          "WordStructure":"혼성어",
          "WordDefine":"진짜를 뜻하는 '찐'과 '텐션'이 합쳐진 말 / 거짓이나 꾸밈 없는 진짜 기분 상태를 말하는 것",
          "WordFell":"긍정",
          "WordMean":"좋음"
        }
      ]
    },
    {
      "Speaker":"5775",
      "SpeakerText":"그렇다고 환자들한테 화풀이는 하지 말아라 친구야. 고소당한다 누구처럼.",
      "TextConvert":"그렇다고 환자들한테 화풀이는 하지 말아라 친구야. 고소당한다 누구처럼.",
      "StartTime":85.93,
      "EndTime":90.49,
      "SpeakTime":4.56,
      "WordInfo":null
    },
    {
      "Speaker":"4775",
      "SpeakerText":"나홀로서울족 하는 것도 힘든데 내가 이태백이 안되려면 힘들어도 참아야겠지?",
      "TextConvert":"지방에서 상경하여 서울에서 자취하는 구직자 하는 것도 힘든데 내가 이십대 태반이 백수인 상황이 안되려면 힘들어도 참아야겠지?",
      "StartTime":91.13,
      "EndTime":97.84,
      "SpeakTime":6.71,
      "WordInfo":[
        {
          "Word":"나홀로서울족",
          "WordType":"속어",
          "WordStructure":"기타",
          "WordDefine":"지방에서 상경하여 서울에서 자취하는 구직자",
          "WordFell":"중립",
          "WordMean":"감정없음"
        },
        {
          "Word":"이태백",
          "WordType":"줄임말",
          "WordStructure":"축약어",
          "WordDefine":"이십 대 태반이 백수'의 줄임말",
          "WordFell":"부정",
          "WordMean":"싫어함"
        }
      ]
    },
    {
      "Speaker":"5775",
      "SpeakerText":"나도 가끔 고진감래 하고 싶을 때 있는데, 그래도 사람들이 그러더라고. 간호사면 결혼하고 시월드에서 좋아하겠다면서.",
      "TextConvert":"나도 가끔 고용해 주셔서 진짜 감사한데 집에 갈래 하고 싶을 때 있는데, 그래도 사람들이 그러더라고. 간호사면 결혼하고 시댁에서 좋아하겠다면서.",
      "StartTime":98.38,
      "EndTime":106.24,
      "SpeakTime":7.86,
      "WordInfo":[
        {
          "Word":"고진감래",
          "WordType":"줄임말",
          "WordStructure":"축약어",
          "WordDefine":"고용해 주셔서 진짜 감사한데, 집에 갈래'의 줄임말",
          "WordFell":"부정",
          "WordMean":"싫어함"
        },
        {
          "Word":"시월드",
          "WordType":"은어",
          "WordStructure":"혼성어",
          "WordDefine":"시댁 혹은 \"시집살이\"를 나타내는 대한민국의 인터넷 신조어",
          "WordFell":"부정",
          "WordMean":"싫어함"
        }
      ]
    },
    {
      "Speaker":"4775",
      "SpeakerText":"우리가 무슨 시월드한테 잘보이려고 간호사 된 건 아닌데 착각들을 하시는 분들이 있네.",
      "TextConvert":"우리가 무슨 시댁한테 잘보이려고 간호사 된 건 아닌데 착각들을 하시는 분들이 있네.",
      "StartTime":106.88,
      "EndTime":112.54,
      "SpeakTime":5.66,
      "WordInfo":[
        {
          "Word":"시월드",
          "WordType":"은어",
          "WordStructure":"혼성어",
          "WordDefine":"시댁 혹은 \"시집살이\"를 나타내는 대한민국의 인터넷 신조어",
          "WordFell":"부정",
          "WordMean":"싫어함"
        }
      ]
    },
    {
      "Speaker":"5775",
      "SpeakerText":"내가 전공을 간호학으로 택한게 스불재 아닌지 모르겠어 정말.",
      "TextConvert":"내가 전공을 간호학으로 택한게 스스로 불러온 재앙 아닌지 모르겠어 정말. ",
      "StartTime":113.08,
      "EndTime":117.14,
      "SpeakTime":4.06,
      "WordInfo":[
        {
          "Word":"스불재",
          "WordType":"줄임말",
          "WordStructure":"축약어",
          "WordDefine":"스스로 불러온 재앙의 줄임말",
          "WordFell":"중립",
          "WordMean":"감정없음"
        }
      ]
    },
    {
      "Speaker":"4775",
      "SpeakerText":"오늘 우리 컨디션 조절 잘 하면서 일하자. 오후에 대강당에서 보수교육 있는 것 알지?",
      "TextConvert":"오늘 우리 컨디션 조절 잘 하면서 일하자. 오후에 대강당에서 보수교육 있는 것 알지?",
      "StartTime":118.28,
      "EndTime":123.74,
      "SpeakTime":5.46,
      "WordInfo":null
    },
    {
      "Speaker":"5775",
      "SpeakerText":"어디서 듣보잡인 선생 한 사람 와서는 사람만 개고생 시키는거 아닌가 몰라.",
      "TextConvert":"어디서 듣도 보도 못한 잡놈인 선생 한 사람 와서는 사람만 매우 고생 시키는거 아닌가 몰라.",
      "StartTime":124.13,
      "EndTime":129.389,
      "SpeakTime":5.259,
      "WordInfo":[
        {
          "Word":"듣보잡",
          "WordType":"속어",
          "WordStructure":"축약어",
          "WordDefine":"듣도 보도 못한 잡놈(또는 잡것)'?의 줄임말.",
          "WordFell":"부정",
          "WordMean":"싫어함"
        },
        {
          "Word":"개고생",
          "WordType":"유행어",
          "WordStructure":"합성어",
          "WordDefine":"매우 고생이다의 강조표현 ",
          "WordFell":"부정",
          "WordMean":"싫어함"
        }
      ]
    },
    {
      "Speaker":"4775",
      "SpeakerText":"아냐. 오늘 오시는 교수님은 우리 분야에서 넘사벽인 분이라고 들었거든. 내돈내산 한 물건보다 더 값진 교육이 될거라 될거라라고 하더라.",
      "TextConvert":"아냐. 오늘 오시는 교수님은 우리 분야에서 매우 뛰어나서 아무리 노력해도 따라잡을 수 없거나 대적할 만한 상대가 없는 분이라고 들었거든. 내 돈 주고 내가 산 물건보다 더 값진 교육이 될거라고 하더라.",
      "StartTime":129.93,
      "EndTime":140.99,
      "SpeakTime":11.06,
      "WordInfo":[
        {
          "Word":"넘사벽",
          "WordType":"줄임말",
          "WordStructure":"축약어",
          "WordDefine":"넘을 수 없는 사차원의 벽'이라는 뜻으로, 매우 뛰어나서 아무리 노력해도 따라잡을 수 없거나 대적할 만한 상대가 없음을 이르는 말.",
          "WordFell":"중립",
          "WordMean":"감정없음"
        },
        {
          "Word":"내돈내산",
          "WordType":"줄임말",
          "WordStructure":"축약어",
          "WordDefine":"내 돈?주고?내가?산?물건을 줄여 부르는?신조어.",
          "WordFell":"긍정",
          "WordMean":"선의"
        }
      ]
    },
    {
      "Speaker":"5775",
      "SpeakerText":"현장교육 닥본사 안하고 나중에 녹화본 보는 것 보다는 나을테지 뭐. 아무튼 베프, 오늘도 힘들겠지만 수고하시게!",
      "TextConvert":"현장교육 닥치고 본방 사수 안하고 나중에 녹화본 보는 것 보다는 나을테지 뭐. 아무튼 베스트 프렌드, 오늘도 힘들겠지만 수고하시게!",
      "StartTime":142.03,
      "EndTime":150.99,
      "SpeakTime":8.96,
      "WordInfo":[
        {
          "Word":"닥본사",
          "WordType":"줄임말",
          "WordStructure":"축약어",
          "WordDefine":"닥치고 본방 사수의 줄임말. / 그 프로그램은 재미있으니 잔소리 하지말고 제시간에 방송을 시청하라는 뜻이다.",
          "WordFell":"긍정",
          "WordMean":"좋음"
        },
        {
          "Word":"베프",
          "WordType":"줄임말",
          "WordStructure":"축약어",
          "WordDefine":"베스트 프렌드의 줄임말",
          "WordFell":"긍정",
          "WordMean":"좋음"
        }
      ]
    },
    {
      "Speaker":"4775",
      "SpeakerText":"내 최대 목표인 오륙도가 오는 날만을 기다리며 나도 열일하러 가련다, 수고해!",
      "TextConvert":"내 최대 목표인 정년을 채우지 못하는 50대가 오는 날만을 기다리며 나도 열심히 일하러 가련다, 수고해!",
      "StartTime":151.68,
      "EndTime":158.69,
      "SpeakTime":7.01,
      "WordInfo":[
        {
          "Word":"오륙도",
          "WordType":"줄임말",
          "WordStructure":"축약어",
          "WordDefine":"56세까지 직장에 있으면 도둑이라는 뜻으로 정년을 채우지 못하는 50대",
          "WordFell":"부정",
          "WordMean":"싫어함"
        },
        {
          "Word":"열일하다",
          "WordType":"줄임말",
          "WordStructure":"축약어",
          "WordDefine":"열심히 일하다의 줄임말",
          "WordFell":"중립",
          "WordMean":"감정없음"
        }
      ]
    }
  ]
}
