{
  "DataSet":"연령대별특징적발화음성",
  "Version":"1.0",
  "Date":"20220922",
  "MediaUrl":"문장/30대/35.일상/30_35_3812_220922_0491.wav",
  "Category":"30대",
  "SubCategory":"일상",
  "DialogPlace":"집",
  "DialogVoiceType":"독백",
  "SpeakerNumber":"1",
  "RecDevice":"스마트폰",
  "RecLen":10.725,
  "AudioResolution":{
    "BitDepth":"16bit",
    "SampleRate":"44.1kHz"
  },
  "Speakers":[
    {
      "Speaker":"3812",
      "Gender":"여성",
      "Locate":"수도권",
      "AgeGroup":"40"
    }
  ],
  "Dialogs":[
    {
      "Speaker":"3812",
      "SpeakerText":"옛날에 할머니랑 할아버지께서 정신없게 돌아다니며 닭질 좀 그만하라시길래. 얌전히 고양이처럼 바로 앉았다.",
      "TextConvert":"옛날에 할머니랑 할아버지가 내가 정신없게 돌아다니며 쓸모없는 일 좀 그만하고해서 얌전히 고양이처럼 바로 앉았다.",
      "StartTime":1,
      "EndTime":9.725,
      "SpeakTime":8.725,
      "WordInfo":[
        {
          "Word":"닭질",
          "WordType":"은어",
          "WordStructure":"합성어",
          "WordDefine":"닭+질 \n1) 쓸모없는 일을 뜻하며 일이 허사가 되었을때 의미없이 되어버린 일들을 일컫는다\n2) 필요없는일을 만들어서 하는경우 혹은 다른 사람이 할 필요없는 일을 시켜서 하는 경우에 사용한다\n",
          "WordFell":"부정",
          "WordMean":"싫어함"
        }
      ]
    }
  ]
}
