{
  "DataSet":"연령대별특징적발화음성",
  "Version":"1.0",
  "Date":"20220909",
  "MediaUrl":"단어/30대/33.경제/30_33_2101_220909_0074.wav",
  "Category":"30대",
  "SubCategory":"경제",
  "DialogPlace":"집",
  "DialogVoiceType":"독백",
  "SpeakerNumber":"1",
  "RecDevice":"스마트폰",
  "RecLen":3.703,
  "AudioResolution":{
    "BitDepth":"16bit",
    "SampleRate":"44.1kHz"
  },
  "Speakers":[
    {
      "Speaker":"2101",
      "Gender":"여성",
      "Locate":"수도권",
      "AgeGroup":"30"
    }
  ],
  "Dialogs":[
    {
      "Speaker":"2101",
      "SpeakerText":"은수저",
      "TextConvert":"중산층과 고소득층 사이",
      "StartTime":1,
      "EndTime":2.703,
      "SpeakTime":1.703,
      "WordInfo":[
        {
          "Word":"은수저",
          "WordType":"줄임말",
          "WordStructure":"합성어",
          "WordDefine":"한국에서는 중산층과 고소득층 사이, 이를테면 중상류 계층 (the upper-middle classes)으로 통용되지만 수저계급론의 원조인 영미권에서는 고소득층을 의미한다.",
          "WordFell":"중립",
          "WordMean":"감정없음"
        }
      ]
    }
  ]
}
