{
  "DataSet":"연령대별특징적발화음성",
  "Version":"1.0",
  "Date":"20220820",
  "MediaUrl":"단어/30대/33.경제/30_33_2022_220820_0097.wav",
  "Category":"30대",
  "SubCategory":"경제",
  "DialogPlace":"집",
  "DialogVoiceType":"독백",
  "SpeakerNumber":"1",
  "RecDevice":"스마트폰",
  "RecLen":3.405,
  "AudioResolution":{
    "BitDepth":"16bit",
    "SampleRate":"44.1kHz"
  },
  "Speakers":[
    {
      "Speaker":"2022",
      "Gender":"여성",
      "Locate":"수도권",
      "AgeGroup":"10"
    }
  ],
  "Dialogs":[
    {
      "Speaker":"2022",
      "SpeakerText":"코린이",
      "TextConvert":"가상화폐 초보",
      "StartTime":1,
      "EndTime":2.405,
      "SpeakTime":1.405,
      "WordInfo":[
        {
          "Word":"코린이",
          "WordType":"은어",
          "WordStructure":"혼성어",
          "WordDefine":"코인(가상화폐)+어린이/가상화폐에 이제 막 관심을 갖고 투자하기 시작한 사람을 뜻함",
          "WordFell":"중립",
          "WordMean":"감정없음"
        }
      ]
    }
  ]
}
