{
  "DataSet":"연령대별특징적발화음성",
  "Version":"1.0",
  "Date":"20220904",
  "MediaUrl":"단어/30대/33.경제/30_33_2056_220904_0089.wav",
  "Category":"30대",
  "SubCategory":"경제",
  "DialogPlace":"집",
  "DialogVoiceType":"독백",
  "SpeakerNumber":"1",
  "RecDevice":"스마트폰",
  "RecLen":3.652,
  "AudioResolution":{
    "BitDepth":"16bit",
    "SampleRate":"44.1kHz"
  },
  "Speakers":[
    {
      "Speaker":"2056",
      "Gender":"여성",
      "Locate":"수도권",
      "AgeGroup":"30"
    }
  ],
  "Dialogs":[
    {
      "Speaker":"2056",
      "SpeakerText":"짠테크",
      "TextConvert":"절약을 통해 투자 자금을 모으는 것",
      "StartTime":1,
      "EndTime":2.652,
      "SpeakTime":1.652,
      "WordInfo":[
        {
          "Word":"짠테크",
          "WordType":"은어",
          "WordStructure":"혼성어",
          "WordDefine":"짜다+제테크'의 합성어 / 절약을 통해 투자를 위한 종잣돈을 모으는 방식을 뜻함",
          "WordFell":"중립",
          "WordMean":"감정없음"
        }
      ]
    }
  ]
}
