{
  "DataSet":"연령대별특징적발화음성",
  "Version":"1.0",
  "Date":"20220923",
  "MediaUrl":"문장/40대/43.경제/40_43_3820_220923_0066.wav",
  "Category":"40대",
  "SubCategory":"경제",
  "DialogPlace":"집",
  "DialogVoiceType":"독백",
  "SpeakerNumber":"1",
  "RecDevice":"스마트폰",
  "RecLen":17.63,
  "AudioResolution":{
    "BitDepth":"16bit",
    "SampleRate":"44.1kHz"
  },
  "Speakers":[
    {
      "Speaker":"3820",
      "Gender":"여성",
      "Locate":"수도권",
      "AgeGroup":"40"
    }
  ],
  "Dialogs":[
    {
      "Speaker":"3820",
      "SpeakerText":"이제 총알도 다 떨어져 가는데， 주식은 하락장이고 이래저래 고민이 많이 드네. 이미 들어간 주식도 떡락해서 뺄 수도 없고 큰일이야. 그렇다고 영끌족이 되긴 싫은데 그냥 버티고 있는 수밖에 없나봐.",
      "TextConvert":"이제 투자자금도 다 떨어져 가는데， 주식은 하락장이고 이래저래 고민이 많이 드네. 이미 들어간 주식도 하락해서 뺄 수도 없고 큰일이야. 그렇다고 주식에 모든 것을 쏟아부은 족속이 되긴 싫은데 그냥 버티고 있는 수밖에 없나봐.",
      "StartTime":1,
      "EndTime":16.63,
      "SpeakTime":15.63,
      "WordInfo":[
        {
          "Word":"총알",
          "WordType":"은어",
          "WordStructure":"파생어",
          "WordDefine":"상품 구매나 투자 목적으로 사용할 수 있는 현금",
          "WordFell":"중립",
          "WordMean":"감정없음"
        },
        {
          "Word":"떡락",
          "WordType":"은어",
          "WordStructure":"합성어",
          "WordDefine":"떡칠'을 의미하는 '떡'과 물건의 값이나 주가 등이 갑자기 큰 폭으로 떨어지는 것을 의미하는 '급하락'을 합쳐 만든 단어",
          "WordFell":"부정",
          "WordMean":"싫어함"
        },
        {
          "Word":"영끌족",
          "WordType":"속어",
          "WordStructure":"기타",
          "WordDefine":"부족한 것을 마치 복어마냥 한껏 부풀려보이기 위하여 없는 돈이나 물건 등을 끌어모은 모습을 희화화하는 표현이다.",
          "WordFell":"부정",
          "WordMean":"싫어함"
        }
      ]
    }
  ]
}
