{
  "DataSet":"연령대별특징적발화음성",
  "Version":"1.0",
  "Date":"20220921",
  "MediaUrl":"문장/10대/13.교육/10_13_3857_220921_0166.wav",
  "Category":"10대",
  "SubCategory":"교육",
  "DialogPlace":"집",
  "DialogVoiceType":"독백",
  "SpeakerNumber":"1",
  "RecDevice":"스마트폰",
  "RecLen":13.5,
  "AudioResolution":{
    "BitDepth":"16bit",
    "SampleRate":"44.1kHz"
  },
  "Speakers":[
    {
      "Speaker":"3857",
      "Gender":"여성",
      "Locate":"수도권",
      "AgeGroup":"20"
    }
  ],
  "Dialogs":[
    {
      "Speaker":"3857",
      "SpeakerText":"특히 초등학교 때 반 친구들이 조금 뒤떨어지거나 이상하면 쉽게 댕청이라고 부르는데, 진짜 못된 친구들이다. 말하는 걸 보면 나서서 쌤에게 상황을 일러주곤 했다.",
      "TextConvert":"특히 초등학교 때 반 친구들이 조금 뒤떨어지거나 이상하면 쉽게 멍청이라고 부르는데, 진짜 못된 친구들이다. 말하는 걸 보면 나서서 선생님에게 상황을 일러주곤 했다.",
      "StartTime":1,
      "EndTime":12.5,
      "SpeakTime":11.5,
      "WordInfo":[
        {
          "Word":"댕청이",
          "WordType":"속어",
          "WordStructure":"파생어",
          "WordDefine":"멍청이를 의미하며,‘멍’ 자를 그 모양이 비슷한 ‘댕’ 자로 바꿔 표기한 것",
          "WordFell":"부정",
          "WordMean":"싫어함"
        },
        {
          "Word":"쌤",
          "WordType":"줄임말",
          "WordStructure":"파생어",
          "WordDefine":"선생님(교사, 강사 등)을 줄여 부르는 말. 학생들끼리도 선생님을 부를 때 은어로 많이 쓰인다.\n 하지만 꼭 교사나 강사를 줄여 부르는 말이라기 보다는 특정 직업을 가진 사람들끼리 사람의 이름 뒤에도 붙일 수 있다. \n연구원 등 직급끼리도 쌤이라 부르는 사람들도 있다.",
          "WordFell":"중립",
          "WordMean":"감정없음"
        }
      ]
    }
  ]
}
