{
  "DataSet":"연령대별특징적발화음성",
  "Version":"1.0",
  "Date":"20221124",
  "MediaUrl":"대화/10대/11.게임/10_11_62187218_221124_0020.wav",
  "Category":"10대",
  "SubCategory":"게임",
  "DialogPlace":"실내",
  "DialogVoiceType":"음성통화",
  "SpeakerNumber":"2",
  "RecDevice":"컴퓨터",
  "RecLen":183.073,
  "AudioResolution":{
    "BitDepth":"16bit",
    "SampleRate":"44.1kHz"
  },
  "Speakers":[
    {
      "Speaker":"6218",
      "Gender":"남성",
      "Locate":"경상",
      "AgeGroup":"10"
    },
    {
      "Speaker":"7218",
      "Gender":"남성",
      "Locate":"경상",
      "AgeGroup":"20"
    }
  ],
  "Dialogs":[
    {
      "Speaker":"6218",
      "SpeakerText":"롤 할래? 이번 패치에서 너 주챔 애쉬 버프됐더라. ",
      "TextConvert":"리그오브레전드 할래? 이번 패치에서 너 가장 잘 다루는 캐릭터인 리그 오브 레전드 최초의 17 캐릭터 중 하나 상향됐더라. ",
      "StartTime":1.88,
      "EndTime":4.89,
      "SpeakTime":3.01,
      "WordInfo":[
        {
          "Word":"롤",
          "WordType":"줄임말",
          "WordStructure":"축약어",
          "WordDefine":"게임 \"league of leagend\" 의 축약어/ Roll. 주사위를 굴리는 것을 일컫는 말.",
          "WordFell":"중립",
          "WordMean":"감정없음"
        },
        {
          "Word":"주챔",
          "WordType":"은어",
          "WordStructure":"혼성어",
          "WordDefine":"자신이 가장 잘 다루는 캐릭터",
          "WordFell":"중립",
          "WordMean":"감정없음"
        },
        {
          "Word":"애쉬",
          "WordType":"은어",
          "WordStructure":"파생어",
          "WordDefine":"리그 오브 레전드 최초의 17 캐릭터 중 하나",
          "WordFell":"중립",
          "WordMean":"감정없음"
        },
        {
          "Word":"버프",
          "WordType":"은어",
          "WordStructure":"파생어",
          "WordDefine":" 캐릭터의 스펙을 향상시켜주는 마법류를 통칭하는 말",
          "WordFell":"중립",
          "WordMean":"감정없음"
        }
      ]
    },
    {
      "Speaker":"7218",
      "SpeakerText":"버프되면 뭐해. 어차피 미드 챔프한테 끔살당할텐데. ",
      "TextConvert":"상향되면 뭐해. 어차피 미드 캐릭터한테 끔찍하게 살해당할텐데. ",
      "StartTime":5.98,
      "EndTime":9.34,
      "SpeakTime":3.36,
      "WordInfo":[
        {
          "Word":"버프",
          "WordType":"은어",
          "WordStructure":"파생어",
          "WordDefine":" 캐릭터의 스펙을 향상시켜주는 마법류를 통칭하는 말",
          "WordFell":"중립",
          "WordMean":"감정없음"
        },
        {
          "Word":"챔프",
          "WordType":"줄임말",
          "WordStructure":"축약어",
          "WordDefine":"챔피언'의 약자",
          "WordFell":"중립",
          "WordMean":"감정없음"
        },
        {
          "Word":"끔살",
          "WordType":"줄임말",
          "WordStructure":"축약어",
          "WordDefine":"게임에서 끔찍하게?살해당하다의 줄임말. 상황에 따라?끔찍하게?살해하다란 뜻으로도 쓰인다.",
          "WordFell":"부정",
          "WordMean":"화남"
        }
      ]
    },
    {
      "Speaker":"6218",
      "SpeakerText":"그건 맞지. (PVP)/(피비피) 방 만들었으니까 들어와. ",
      "TextConvert":"그건 맞지 서로 다른 플레이어 캐릭터 사이에서 벌어지는 싸움 방 만들었으니까 들어와. ",
      "StartTime":10.33,
      "EndTime":12.84,
      "SpeakTime":2.51,
      "WordInfo":[
        {
          "Word":"PVP",
          "WordType":"줄임말",
          "WordStructure":"축약어",
          "WordDefine":"Player vs Player(Player versus Player, 약칭 PvP)는\n흔히 온라인 게임 내의 서로 다른 플레이어 캐릭터 사이에서 벌어지는 싸움 (피비피)",
          "WordFell":"부정",
          "WordMean":"싫어함"
        }
      ]
    },
    {
      "Speaker":"7218",
      "SpeakerText":"들어갔어. 라인 어디 갈 거야?",
      "TextConvert":"들어갔어. 라인 어디 갈 거야?",
      "StartTime":13.88,
      "EndTime":15.64,
      "SpeakTime":1.76,
      "WordInfo":null
    },
    {
      "Speaker":"6218",
      "SpeakerText":"내가 이번에 원딜 갈게. 하드캐리 하는 거 보여준다. ",
      "TextConvert":"내가 이번에 원거리에서 적을 공격하는 모든 직업군 갈게. 열심히 팀을 승리로 이끄는 데 중요한 역할 하는 거 보여준다. ",
      "StartTime":16.58,
      "EndTime":19.44,
      "SpeakTime":2.86,
      "WordInfo":[
        {
          "Word":"원딜",
          "WordType":"은어",
          "WordStructure":"합성어",
          "WordDefine":"원거리에서 적을 공격하는 모든 직업군을 원딜이라고 부른다.",
          "WordFell":"중립",
          "WordMean":"감정없음"
        },
        {
          "Word":"하드캐리",
          "WordType":"은어",
          "WordStructure":"파생어",
          "WordDefine":"캐리의 파생어로 어두에 hard라는 단어를 넣어 그 뜻을 강조한 것 / 열심히 캐리하다.",
          "WordFell":"긍정",
          "WordMean":"선의"
        }
      ]
    },
    {
      "Speaker":"7218",
      "SpeakerText":"그럼 내가 서폿 갈게. 같은 라인 가야 재밌지. ",
      "TextConvert":"그럼 내가 지원자 갈게. 같은 라인 가야 재밌지. ",
      "StartTime":20.53,
      "EndTime":23.29,
      "SpeakTime":2.76,
      "WordInfo":[
        {
          "Word":"서폿",
          "WordType":"줄임말",
          "WordStructure":"축약어",
          "WordDefine":"Supporter. 지원자. 지지자, 후원자라는 뜻의 영어 단어를 줄인말.",
          "WordFell":"중립",
          "WordMean":"감정없음"
        }
      ]
    },
    {
      "Speaker":"6218",
      "SpeakerText":"그래. 한타에서 나 살려주기만 하면 됨. ",
      "TextConvert":"그래.  RTS에서 게임의 승부를 좌우하는 수준의 대규모 교전에서 나 살려주기만 하면 됨. ",
      "StartTime":24.33,
      "EndTime":26.54,
      "SpeakTime":2.21,
      "WordInfo":[
        {
          "Word":"한타",
          "WordType":"은어",
          "WordStructure":"기타",
          "WordDefine":"?RTS에서 게임의 승부를 좌우하는 수준의 대규모 교전을 의미하는 뜻",
          "WordFell":"중립",
          "WordMean":"감정없음"
        }
      ]
    },
    {
      "Speaker":"7218",
      "SpeakerText":"응. 제라스 할 거야. ",
      "TextConvert":"응. 제라스 할 거야. ",
      "StartTime":27.58,
      "EndTime":29.14,
      "SpeakTime":1.56,
      "WordInfo":[
        {
          "Word":"제라스",
          "WordType":"은어",
          "WordStructure":"파생어",
          "WordDefine":"리그 오브 레전드의 84번째 캐릭터",
          "WordFell":"중립",
          "WordMean":"감정없음"
        }
      ]
    },
    {
      "Speaker":"6218",
      "SpeakerText":"아 개짜증나네. 파밍하는거 방해하지마. ",
      "TextConvert":"아 완전 짜증나네 아이템 등을 모으는 거 방해하지마. ",
      "StartTime":30.08,
      "EndTime":32.439,
      "SpeakTime":2.359,
      "WordInfo":[
        {
          "Word":"파밍",
          "WordType":"은어",
          "WordStructure":"파생어",
          "WordDefine":"게임에서 캐릭터의 능력을 상승시키기 위해 아이템 등을 모으는 행위/ 농사(Farming)에서 파생 됨",
          "WordFell":"중립",
          "WordMean":"감정없음"
        },
        {
          "Word":"개짜증",
          "WordType":"유행어",
          "WordStructure":"합성어",
          "WordDefine":"매우 짜증난다의 강조 표현",
          "WordFell":"부정",
          "WordMean":"싫어함"
        }
      ]
    },
    {
      "Speaker":"7218",
      "SpeakerText":"알았다고. 서폿 차이가 뭔지 알려줄게. ",
      "TextConvert":"알았다고. 지원자 차이가 뭔지 알려줄게. ",
      "StartTime":33.48,
      "EndTime":35.84,
      "SpeakTime":2.36,
      "WordInfo":[
        {
          "Word":"서폿",
          "WordType":"줄임말",
          "WordStructure":"축약어",
          "WordDefine":"Supporter. 지원자. 지지자, 후원자라는 뜻의 영어 단어를 줄인말.",
          "WordFell":"중립",
          "WordMean":"감정없음"
        }
      ]
    },
    {
      "Speaker":"6218",
      "SpeakerText":"그래 시작해보자. 아 닷지 뭐야. 너야?",
      "TextConvert":"그래 시작해보자 아 방나가기 뭐야. 너야?",
      "StartTime":36.78,
      "EndTime":39.29,
      "SpeakTime":2.51,
      "WordInfo":[
        {
          "Word":"닷지",
          "WordType":"은어",
          "WordStructure":"파생어",
          "WordDefine":"1. ‘회피하다’ ‘~를 피하다’라는 뜻을 가진 영어 단어에서 나왔다. 여러 가지 이유로 게임 시작 전에 창(방)에서 나가버리는 행위를 의미한다.\r\n2. 1 1/4 군차량을 일컫는 말.",
          "WordFell":"부정",
          "WordMean":"싫어함"
        }
      ]
    },
    {
      "Speaker":"7218",
      "SpeakerText":"미안해, 여친이랑 연락하느라. ",
      "TextConvert":"미안해 여자친구랑 연락하느라. ",
      "StartTime":40.33,
      "EndTime":42.19,
      "SpeakTime":1.86,
      "WordInfo":[
        {
          "Word":"여친",
          "WordType":"줄임말",
          "WordStructure":"축약어",
          "WordDefine":"여자친구의 줄임말",
          "WordFell":"중립",
          "WordMean":"감정없음"
        }
      ]
    },
    {
      "Speaker":"6218",
      "SpeakerText":"여친 아니었으면 넌 죽었다.",
      "TextConvert":"여자친구 아니었으면 넌 죽었다. ",
      "StartTime":43.23,
      "EndTime":44.79,
      "SpeakTime":1.56,
      "WordInfo":[
        {
          "Word":"여친",
          "WordType":"줄임말",
          "WordStructure":"축약어",
          "WordDefine":"여자친구의 줄임말",
          "WordFell":"중립",
          "WordMean":"감정없음"
        }
      ]
    },
    {
      "Speaker":"7218",
      "SpeakerText":"몇 분 기다려야 되는데, 일대일이나 할까? ",
      "TextConvert":"몇 분 기다려야 되는데 일대일이나 할까? ",
      "StartTime":45.78,
      "EndTime":48.09,
      "SpeakTime":2.31,
      "WordInfo":null
    },
    {
      "Speaker":"6218",
      "SpeakerText":"들어와. 이거 캐삭빵이다. 준비됐지?",
      "TextConvert":"들어와. 이거 캐릭터 삭제 빵이다. 준비됐지?",
      "StartTime":49.08,
      "EndTime":51.49,
      "SpeakTime":2.41,
      "WordInfo":[
        {
          "Word":"캐삭빵",
          "WordType":"줄임말",
          "WordStructure":"혼성어",
          "WordDefine":"캐릭터 삭제 빵의 준말.?\n온라인 게임에서 말 그대로 패배한 쪽이 본인의 캐릭터를 삭제하기로 정하고?PvP를 하는 행위다.",
          "WordFell":"부정",
          "WordMean":"화남"
        }
      ]
    },
    {
      "Speaker":"7218",
      "SpeakerText":"난 하면 바로 하지. 렉 걸렸다고 핑계 대기 없음. ",
      "TextConvert":"난 하면 바로 하지. 컴퓨터 속도 뒤 떨어졌다고 걸렸다고 핑계 대기 없음. ",
      "StartTime":52.53,
      "EndTime":55.44,
      "SpeakTime":2.91,
      "WordInfo":[
        {
          "Word":"렉",
          "WordType":"은어",
          "WordStructure":"파생어",
          "WordDefine":"영어단어 LAG을 표현하는 말로 Lag <속도 등이> 뒤떨어지다\n온라인 게임도중 렉 현상을 일컫는 말로 접속이 불안정하여\n화면이 멈춰있거나 컴퓨터가 버벅거리는 상황을 표현하는 말",
          "WordFell":"부정",
          "WordMean":"화남"
        }
      ]
    },
    {
      "Speaker":"6218",
      "SpeakerText":"그래. 너야말로 진 다음 한 번만 봐달라고 하기 없음. ",
      "TextConvert":"그래. 너야말로 진 다음 한 번만 봐달라고 하기 없음. ",
      "StartTime":56.43,
      "EndTime":59.39,
      "SpeakTime":2.96,
      "WordInfo":null
    },
    {
      "Speaker":"7218",
      "SpeakerText":"알았어. 근데 너 그 스킨 뭐야?",
      "TextConvert":"알았어. 근데 너 그 스킨 뭐야?",
      "StartTime":60.48,
      "EndTime":62.49,
      "SpeakTime":2.01,
      "WordInfo":null
    },
    {
      "Speaker":"6218",
      "SpeakerText":"아, 이거? 예뻐서 이번에 한 번 질렀어. ",
      "TextConvert":"아, 이거? 예뻐서 이번에 한 번 질렀어. ",
      "StartTime":63.53,
      "EndTime":65.64,
      "SpeakTime":2.11,
      "WordInfo":null
    },
    {
      "Speaker":"7218",
      "SpeakerText":"현질도 하네. 난 돈 아까워서 못하겠던데. ",
      "TextConvert":"게임상 유료 재화를 현금으로 사는 것도 하네. 난 돈 아까워서 못하겠던데. ",
      "StartTime":66.68,
      "EndTime":69.44,
      "SpeakTime":2.76,
      "WordInfo":[
        {
          "Word":"현질",
          "WordType":"은어",
          "WordStructure":"합성어",
          "WordDefine":"현금(現金)의 현+접미사 '질'\n게임상 아이템이나 재화등을 부분 유료화 게임의 유료 아이템을 현금으로 사는 것. 현질 외에도 캐시질(cash질)이라고 칭하기도 한다.",
          "WordFell":"중립",
          "WordMean":"감정없음"
        }
      ]
    },
    {
      "Speaker":"6218",
      "SpeakerText":"나도 내 돈으로는 아까워서 안 하고, 이번에 생일선물 받았는데 그 기념으로 한 번 사봤어. ",
      "TextConvert":"나도 내 돈으로는 아까워서 안 하고 이번에 생일선물 받았는데 그 기념으로 한 번 사봤어.  ",
      "StartTime":70.43,
      "EndTime":74.79,
      "SpeakTime":4.36,
      "WordInfo":null
    },
    {
      "Speaker":"7218",
      "SpeakerText":"아하. 그나저나 너 생일이었냐? ",
      "TextConvert":"아하. 그나저나 너 생일이었냐? ",
      "StartTime":75.88,
      "EndTime":78.04,
      "SpeakTime":2.16,
      "WordInfo":null
    },
    {
      "Speaker":"6218",
      "SpeakerText":"뭐야, 몰랐어? 이거 완전 친구한테 관심이 없네. ",
      "TextConvert":"뭐야, 몰랐어? 이거 완전 친구한테 관심이 없네. ",
      "StartTime":78.93,
      "EndTime":81.74,
      "SpeakTime":2.81,
      "WordInfo":null
    },
    {
      "Speaker":"7218",
      "SpeakerText":"생선 뭐 챙겨줄까? ",
      "TextConvert":"생일 선물 뭐 챙겨줄까? ",
      "StartTime":82.88,
      "EndTime":84.54,
      "SpeakTime":1.66,
      "WordInfo":[
        {
          "Word":"생선",
          "WordType":"줄임말",
          "WordStructure":"축약어",
          "WordDefine":"생일 선물'의 줄임말",
          "WordFell":"긍정",
          "WordMean":"좋음"
        }
      ]
    },
    {
      "Speaker":"6218",
      "SpeakerText":"생일선물이라 하면 덧나냐? 줄여 말하니까 비린내 나는 것 같네. ",
      "TextConvert":"생일선물이라 하면 덧나냐? 줄여 말하니까 비린내 나는 것 같네. ",
      "StartTime":85.53,
      "EndTime":89.14,
      "SpeakTime":3.61,
      "WordInfo":null
    },
    {
      "Speaker":"7218",
      "SpeakerText":"그렇긴 하네. 나도 문상 주면 되지?",
      "TextConvert":"그렇긴 하네 나도 문화상품권 주면 되지?",
      "StartTime":90.28,
      "EndTime":92.44,
      "SpeakTime":2.16,
      "WordInfo":[
        {
          "Word":"문상",
          "WordType":"줄임말",
          "WordStructure":"축약어",
          "WordDefine":"문화 상품권의 줄임말",
          "WordFell":"중립",
          "WordMean":"감정없음"
        }
      ]
    },
    {
      "Speaker":"6218",
      "SpeakerText":"그거 받으면 새로 나온 스킨이나 또 사야겠다. ",
      "TextConvert":"그래. 그거 받으면 새로 나온 스킨이나 또 사야겠다. ",
      "StartTime":93.48,
      "EndTime":95.74,
      "SpeakTime":2.26,
      "WordInfo":null
    },
    {
      "Speaker":"7218",
      "SpeakerText":"좋네. 나 이제 빡겜할 테니까 말 걸지 마. ",
      "TextConvert":"좋네. 나 이제 진지하게 게임할 테니까 말 걸지 마. ",
      "StartTime":96.83,
      "EndTime":99.29,
      "SpeakTime":2.46,
      "WordInfo":[
        {
          "Word":"빡겜",
          "WordType":"속어",
          "WordStructure":"합성어",
          "WordDefine":"장난기 없이 진지하게 게임 한다 ",
          "WordFell":"긍정",
          "WordMean":"선의"
        }
      ]
    },
    {
      "Speaker":"6218",
      "SpeakerText":"내가 할 말이야. 곧 순삭시킬 거니까 정신 똑바로 차리고 있어. ",
      "TextConvert":"내가 할 말이야. 곧 눈 깜짝할 사이에 제거 시킬 거니까 정신 똑바로 차리고 있어. ",
      "StartTime":100.23,
      "EndTime":103.99,
      "SpeakTime":3.76,
      "WordInfo":[
        {
          "Word":"순삭",
          "WordType":"은어",
          "WordStructure":"합성어",
          "WordDefine":"게임에선 눈 깜짝할 사이에 상대방을 제거하고자 할 때 종종 사용한다.",
          "WordFell":"중립",
          "WordMean":"감정없음"
        }
      ]
    },
    {
      "Speaker":"7218",
      "SpeakerText":"아이템 뭐 사왔길래 이렇게 당당해? ",
      "TextConvert":"재화 뭐 사왔길래 이렇게 당당해? ",
      "StartTime":105.08,
      "EndTime":107.19,
      "SpeakTime":2.11,
      "WordInfo":[
        {
          "Word":"아이템",
          "WordType":"은어",
          "WordStructure":"파생어",
          "WordDefine":"일반 사전에선 ‘항목’ ‘물품’ 등으로 번역되는 영어 단어지만, 『게임』은 ‘게임 플레이를 통해 획득할 수 있는 가상의 물건 또는 대상’란 뜻",
          "WordFell":"중립",
          "WordMean":"감정없음"
        }
      ]
    },
    {
      "Speaker":"6218",
      "SpeakerText":"나 롱소드 (2개)/(두 개) 사옴. 슬슬 쳐맞을 준비됐냐?",
      "TextConvert":"나 롱소드 2개 사옴. 슬슬 쳐맞을 준비됐냐?",
      "StartTime":108.18,
      "EndTime":110.94,
      "SpeakTime":2.76,
      "WordInfo":null
    },
    {
      "Speaker":"7218",
      "SpeakerText":"아, 평타 한 대 맞았는데 왜 이렇게 피가 많이 깎여. ",
      "TextConvert":"아, 평범한 타격 한 대 맞았는데 왜 이렇게 피가 많이 깎여. ",
      "StartTime":111.93,
      "EndTime":115.04,
      "SpeakTime":3.11,
      "WordInfo":[
        {
          "Word":"평타",
          "WordType":"줄임말",
          "WordStructure":"축약어",
          "WordDefine":"말 그대로 일반 공격을 뜻하는 게임 용어로, 평범한 타격의 준말이다",
          "WordFell":"중립",
          "WordMean":"감정없음"
        }
      ]
    },
    {
      "Speaker":"6218",
      "SpeakerText":"이게 템빨이라는 거다. 어, 그런데 너는 왜 이렇게 세?",
      "TextConvert":"이게 장비와 물품에서 나오는 능력이라는 거다. 어, 그런데 너는 왜 이렇게 세?",
      "StartTime":116.03,
      "EndTime":119.69,
      "SpeakTime":3.66,
      "WordInfo":[
        {
          "Word":"템빨",
          "WordType":"속어",
          "WordStructure":"기타",
          "WordDefine":"어떤 사람의 능력이 대부분 그/그녀가 가지고 있는 장비나 물품에서 나오는 것이라, 해당 물품 없이 맨몸으로는 아무것도 못 하는 상황을 낮잡아 이르는 말.?",
          "WordFell":"부정",
          "WordMean":"싫어함"
        }
      ]
    },
    {
      "Speaker":"7218",
      "SpeakerText":"나 너가 집 갔다올 동안 렙업하면서 성장하고 있었지. 레벨 두 개 차이 나서 그런지 싸워도 이길 수 있을 듯 ",
      "TextConvert":"나 너가 집 갔다올 동안 능력 높이면서 성장하고 있었지. 레벨 두 개 차이 나서 그런지 싸워도 이길 수 있을 듯 ",
      "StartTime":120.73,
      "EndTime":126.59,
      "SpeakTime":5.86,
      "WordInfo":[
        {
          "Word":"렙업",
          "WordType":"줄임말",
          "WordStructure":"합성어",
          "WordDefine":"레벨+업의 준말 / 지위나 품질, 능력 따위를 높임. 또는 그렇게 됨.",
          "WordFell":"긍정",
          "WordMean":"선의"
        }
      ]
    },
    {
      "Speaker":"6218",
      "SpeakerText":"야, 야. 조금만 봐줘. 생각보다 너무 아프다. ",
      "TextConvert":"야, 야. 조금만 봐줘. 생각보다 너무 아프다. ",
      "StartTime":127.58,
      "EndTime":130.44,
      "SpeakTime":2.86,
      "WordInfo":null
    },
    {
      "Speaker":"7218",
      "SpeakerText":"레벨 차이 나니까 아무것도 못하죠? 쿠쿠루삥뽕. ",
      "TextConvert":"레벨 차이 나니까 아무것도 못하죠? 약오르지. ",
      "StartTime":131.53,
      "EndTime":134.64,
      "SpeakTime":3.11,
      "WordInfo":[
        {
          "Word":"쿠쿠루삥뽕",
          "WordType":"은어",
          "WordStructure":"기타",
          "WordDefine":"웃음을 나타내는 신조어",
          "WordFell":"긍정",
          "WordMean":"좋음"
        }
      ]
    },
    {
      "Speaker":"6218",
      "SpeakerText":"진짜 개빡치네. 안 봐주고 한다. ",
      "TextConvert":"진짜 매우 화가 나네. 안 봐주고 한다. ",
      "StartTime":135.63,
      "EndTime":137.69,
      "SpeakTime":2.06,
      "WordInfo":[
        {
          "Word":"개빡치다",
          "WordType":"속어",
          "WordStructure":"기타",
          "WordDefine":"강조의 표현인 '개'+ 화난다의 속된 말인'빡친다'의 합성어 / '정말 화난다' 라는 뜻을 가지고 있다.",
          "WordFell":"부정",
          "WordMean":"싫어함"
        }
      ]
    },
    {
      "Speaker":"7218",
      "SpeakerText":"그런데 이 판은 내가 이길 것 같음. 네 챔피언이랑 내 챔피언 능력치만 비교해도 너무 밸붕이야. ",
      "TextConvert":"그런데 이 판은 내가 이길 것 같음. 네 챔피언이랑 내 챔피언 능력치만 비교해봐도 너무 밸런스 붕괴야. ",
      "StartTime":138.78,
      "EndTime":143.94,
      "SpeakTime":5.16,
      "WordInfo":[
        {
          "Word":"밸붕",
          "WordType":"은어",
          "WordStructure":"축약어",
          "WordDefine":"밸런스 붕괴'라는 뜻으로 특정 캐릭터가 다른 캐릭터에 비해 능력 차이가 큰 경우를 일컫는 개념이다. ",
          "WordFell":"중립",
          "WordMean":"감정없음"
        }
      ]
    },
    {
      "Speaker":"6218",
      "SpeakerText":"그건 맞아. 처음부터 내가 못 이기는 판이었음. 끄고 배그나 할래?",
      "TextConvert":"그건 맞아. 처음부터 내가 못 이기는 판이었음. 끄고 배틀그라운드나 할래?",
      "StartTime":144.98,
      "EndTime":148.54,
      "SpeakTime":3.56,
      "WordInfo":[
        {
          "Word":"배그",
          "WordType":"줄임말",
          "WordStructure":"축약어",
          "WordDefine":"게임 \"배틀 그라운드\"의 줄임말",
          "WordFell":"중립",
          "WordMean":"감정없음"
        }
      ]
    },
    {
      "Speaker":"7218",
      "SpeakerText":"나 배그 어제 시작해서 완전 뉴비인데 잘 가르쳐줄 수 있어?",
      "TextConvert":"나 배틀그라운드 어제 시작해서 완전 초보자인데 잘 가르쳐줄 수 있어?",
      "StartTime":149.53,
      "EndTime":152.99,
      "SpeakTime":3.46,
      "WordInfo":[
        {
          "Word":"배그",
          "WordType":"줄임말",
          "WordStructure":"축약어",
          "WordDefine":"게임 \"배틀 그라운드\"의 줄임말",
          "WordFell":"중립",
          "WordMean":"감정없음"
        },
        {
          "Word":"뉴비",
          "WordType":"은어",
          "WordStructure":"기타",
          "WordDefine":"new be' 의 한글대체어로서 -초보자- 라는 뜻을 가지고 있다.",
          "WordFell":"중립",
          "WordMean":"감정없음"
        }
      ]
    },
    {
      "Speaker":"6218",
      "SpeakerText":"당연하지. 배그 하면 또 나 아니겠냐. ",
      "TextConvert":"당연하지. 배틀그라운드 하면 또 나 아니겠냐. ",
      "StartTime":153.93,
      "EndTime":156.24,
      "SpeakTime":2.31,
      "WordInfo":[
        {
          "Word":"배그",
          "WordType":"줄임말",
          "WordStructure":"축약어",
          "WordDefine":"게임 \"배틀 그라운드\"의 줄임말",
          "WordFell":"중립",
          "WordMean":"감정없음"
        }
      ]
    },
    {
      "Speaker":"7218",
      "SpeakerText":"입 터는 것만 봐도 불안한데. 이래놓고 아까처럼 컴퓨터가 느리다 이런 핑계 댈 건 아니지? ",
      "TextConvert":"입 터는 것만 봐도 불안한데. 이래놓고 아까처럼 컴퓨터가 느리다 이런 핑계 댈 거 아니지? ",
      "StartTime":157.38,
      "EndTime":162.59,
      "SpeakTime":5.21,
      "WordInfo":null
    },
    {
      "Speaker":"6218",
      "SpeakerText":"안 해, 안 할게. 이 게임은 팀킬도 되니까 실수로 나 죽이면 안 돼. 알았지? ",
      "TextConvert":"안 해, 안 할게. 이 게임은 같은 팀원 공격도 되니까 실수로 나 죽이면 안 돼. 알았지? ",
      "StartTime":163.58,
      "EndTime":167.69,
      "SpeakTime":4.11,
      "WordInfo":[
        {
          "Word":"팀킬",
          "WordType":"속어",
          "WordStructure":"합성어",
          "WordDefine":"팀원 간의 협동이 필요한 게임이나 경기에서 고의 또는 실수로 같은 팀원을 공격하거나 쓰러뜨리는 행위.?",
          "WordFell":"부정",
          "WordMean":"화남"
        }
      ]
    },
    {
      "Speaker":"7218",
      "SpeakerText":"너가 그걸 얘기해준 이상 몸이 근질근질해서 안 죽일 순 없겠는데?",
      "TextConvert":"너가 그걸 얘기해준 이상 몸이 근질근질해서 안 죽일 수는 없겠는데?",
      "StartTime":168.68,
      "EndTime":172.64,
      "SpeakTime":3.96,
      "WordInfo":null
    },
    {
      "Speaker":"6218",
      "SpeakerText":"또 이러네. 트롤러랑은 뭔 게임을 못하겠다. 밥이나 먹으러 가자. ",
      "TextConvert":"또 이러네. 관심끌기 즐기는 사람이랑은 뭔 게임을 못하겠다. 밥이나 먹으러 가자. ",
      "StartTime":173.63,
      "EndTime":177.44,
      "SpeakTime":3.81,
      "WordInfo":[
        {
          "Word":"트롤러",
          "WordType":"은어",
          "WordStructure":"파생어",
          "WordDefine":"관심끌기, 관심유발, 화나게 하기 등 이런 일을 일부러 하는 걸 말하며 오히려 즐기는 사람을 뜻한다.",
          "WordFell":"부정",
          "WordMean":"싫어함"
        }
      ]
    },
    {
      "Speaker":"7218",
      "SpeakerText":"그래. 맥도날드에 상스치콤 나왔다는데 그거나 먹자.",
      "TextConvert":"그래. 맥도날드에 상하이 스파이시 치킨 버거 콤보 나왔다는데 그거나 먹자.",
      "StartTime":178.43,
      "EndTime":182.14,
      "SpeakTime":3.71,
      "WordInfo":[
        {
          "Word":"상스치콤",
          "WordType":"줄임말",
          "WordStructure":"축약어",
          "WordDefine":"상하이 스파이시 치킨버거 콤보'의 준말",
          "WordFell":"중립",
          "WordMean":"감정없음"
        }
      ]
    }
  ]
}
