{
  "DataSet":"연령대별특징적발화음성",
  "Version":"1.0",
  "Date":"20220901",
  "MediaUrl":"단어/30대/31.직장/30_31_2059_220901_0048.wav",
  "Category":"30대",
  "SubCategory":"직장",
  "DialogPlace":"집",
  "DialogVoiceType":"독백",
  "SpeakerNumber":"1",
  "RecDevice":"스마트폰",
  "RecLen":3.704,
  "AudioResolution":{
    "BitDepth":"16bit",
    "SampleRate":"44.1kHz"
  },
  "Speakers":[
    {
      "Speaker":"2059",
      "Gender":"여성",
      "Locate":"수도권",
      "AgeGroup":"30"
    }
  ],
  "Dialogs":[
    {
      "Speaker":"2059",
      "SpeakerText":"워커홀릭",
      "TextConvert":"일 중독자",
      "StartTime":1,
      "EndTime":2.704,
      "SpeakTime":1.704,
      "WordInfo":[
        {
          "Word":"워커홀릭",
          "WordType":"은어",
          "WordStructure":"합성어",
          "WordDefine":"가정이나 다른 것보다 일이 우선이어서 오로지 일에만 몰두하여 사는 사람을 뜻함",
          "WordFell":"부정",
          "WordMean":"싫어함"
        }
      ]
    }
  ]
}
