{
  "DataSet":"연령대별특징적발화음성",
  "Version":"1.0",
  "Date":"20220906",
  "MediaUrl":"단어/30대/31.직장/30_31_2093_220906_0071.wav",
  "Category":"30대",
  "SubCategory":"직장",
  "DialogPlace":"집",
  "DialogVoiceType":"독백",
  "SpeakerNumber":"1",
  "RecDevice":"스마트폰",
  "RecLen":3.602,
  "AudioResolution":{
    "BitDepth":"16bit",
    "SampleRate":"44.1kHz"
  },
  "Speakers":[
    {
      "Speaker":"2093",
      "Gender":"여성",
      "Locate":"경상",
      "AgeGroup":"30"
    }
  ],
  "Dialogs":[
    {
      "Speaker":"2093",
      "SpeakerText":"취준생",
      "TextConvert":"취업 준비생",
      "StartTime":1,
      "EndTime":2.602,
      "SpeakTime":1.602,
      "WordInfo":[
        {
          "Word":"취준생",
          "WordType":"줄임말",
          "WordStructure":"축약어",
          "WordDefine":"취업 준비생'을 줄여 이르는 말.",
          "WordFell":"중립",
          "WordMean":"감정없음"
        }
      ]
    }
  ]
}
