{
  "DataSet":"연령대별특징적발화음성",
  "Version":"1.0",
  "Date":"20220920",
  "MediaUrl":"단어/30대/31.직장/30_31_2123_220920_0065.wav",
  "Category":"30대",
  "SubCategory":"직장",
  "DialogPlace":"집",
  "DialogVoiceType":"독백",
  "SpeakerNumber":"1",
  "RecDevice":"스마트폰",
  "RecLen":3.601,
  "AudioResolution":{
    "BitDepth":"16bit",
    "SampleRate":"44.1kHz"
  },
  "Speakers":[
    {
      "Speaker":"2123",
      "Gender":"여성",
      "Locate":"수도권",
      "AgeGroup":"40"
    }
  ],
  "Dialogs":[
    {
      "Speaker":"2123",
      "SpeakerText":"직딩",
      "TextConvert":"직장인",
      "StartTime":1,
      "EndTime":2.601,
      "SpeakTime":1.601,
      "WordInfo":[
        {
          "Word":"직딩",
          "WordType":"속어",
          "WordStructure":"기타",
          "WordDefine":"직장인'을 속되게 이르는 말.",
          "WordFell":"중립",
          "WordMean":"감정없음"
        }
      ]
    }
  ]
}
