{
  "DataSet":"연령대별특징적발화음성",
  "Version":"1.0",
  "Date":"20221101",
  "MediaUrl":"대화/50대이상/52.일상/50_52_46945694_221101_0023.wav",
  "Category":"50대이상",
  "SubCategory":"일상",
  "DialogPlace":"집",
  "DialogVoiceType":"음성통화",
  "SpeakerNumber":"2",
  "RecDevice":"스마트폰",
  "RecLen":164.722,
  "AudioResolution":{
    "BitDepth":"16bit",
    "SampleRate":"44.1kHz"
  },
  "Speakers":[
    {
      "Speaker":"4694",
      "Gender":"여성",
      "Locate":"전라",
      "AgeGroup":"40"
    },
    {
      "Speaker":"5694",
      "Gender":"여성",
      "Locate":"전라",
      "AgeGroup":"30"
    }
  ],
  "Dialogs":[
    {
      "Speaker":"4694",
      "SpeakerText":"요즘 애들은 옛날 우리처럼 빽빽이 안하지?",
      "TextConvert":"요즘 애들은 옛날 우리처럼 흰종이에 글씨를 빽빽하게 쓰는 벌 안하지?",
      "StartTime":0.98,
      "EndTime":4.29,
      "SpeakTime":3.31,
      "WordInfo":[
        {
          "Word":"빽빽이",
          "WordType":"속어",
          "WordStructure":"기타",
          "WordDefine":"흰 종이에 글씨를 빽빽하게 쓰는 벌을 일컫는 속어",
          "WordFell":"부정",
          "WordMean":"싫어함"
        }
      ]
    },
    {
      "Speaker":"5694",
      "SpeakerText":"빽빽이? 그게 뭐야? ",
      "TextConvert":"흰종이에 글씨를 빽빽하게 쓰는 벌? 그게 뭐야? ",
      "StartTime":4.93,
      "EndTime":6.54,
      "SpeakTime":1.61,
      "WordInfo":[
        {
          "Word":"빽빽이",
          "WordType":"속어",
          "WordStructure":"기타",
          "WordDefine":"흰 종이에 글씨를 빽빽하게 쓰는 벌을 일컫는 속어",
          "WordFell":"부정",
          "WordMean":"싫어함"
        }
      ]
    },
    {
      "Speaker":"4694",
      "SpeakerText":"그거 몰루? 너넨 안했어? 영어단어 노트에 빽빽하게 써서 내는 거.",
      "TextConvert":"그거 몰라? 너넨 안했어? 영어단어 노트에 빽빽하게 써서 내는 거.",
      "StartTime":6.58,
      "EndTime":10.79,
      "SpeakTime":4.21,
      "WordInfo":[
        {
          "Word":"몰루",
          "WordType":"유행어",
          "WordStructure":"파생어",
          "WordDefine":"인터넷에서 유행한 밈 / 보통 모른다는 뜻을 표현할 때 우스꽝스럽게 표현",
          "WordFell":"중립",
          "WordMean":"감정없음"
        }
      ]
    },
    {
      "Speaker":"5694",
      "SpeakerText":"아, 깜지 말하는 거구나.",
      "TextConvert":"아. 흰 종이에 글씨를 빽빽하게 쓰는 벌 말하는 거구나.",
      "StartTime":11.18,
      "EndTime":13.29,
      "SpeakTime":2.11,
      "WordInfo":[
        {
          "Word":"깜지",
          "WordType":"속어",
          "WordStructure":"기타",
          "WordDefine":"흰 종이에 글씨를 빽빽하게 쓰는 벌을 일컫는 속어",
          "WordFell":"중립",
          "WordMean":"감정없음"
        }
      ]
    },
    {
      "Speaker":"4694",
      "SpeakerText":"너넨 깜지라고 했었어? 부르는 게 다 다르구나. 암튼 그거.",
      "TextConvert":"너넨 흰 종이에 글씨를 빽빽하게 쓰는 벌이라고 했었어? 부르는 게 다 다르구나. 암튼 그거.",
      "StartTime":13.48,
      "EndTime":17.64,
      "SpeakTime":4.16,
      "WordInfo":[
        {
          "Word":"깜지",
          "WordType":"속어",
          "WordStructure":"기타",
          "WordDefine":"흰 종이에 글씨를 빽빽하게 쓰는 벌을 일컫는 속어",
          "WordFell":"중립",
          "WordMean":"감정없음"
        }
      ]
    },
    {
      "Speaker":"5694",
      "SpeakerText":"그런 거 시키는 쌤 못 본 것 같아. 우리 때야 깜지 몇 장 이런 식으로 숙제를 내 줬지만 요즘은 그런 숙제는 없는 듯.",
      "TextConvert":"그런 거 시키는 선생님 못 본 것 같아. 우리 때야 흰종이에 글씨를 빽빽하게 쓰는 벌 몇 장 이런 식으로 숙제를 내 줬지만 요즘은 그런 숙제는 없는 듯",
      "StartTime":18.03,
      "EndTime":29.39,
      "SpeakTime":11.36,
      "WordInfo":[
        {
          "Word":"쌤",
          "WordType":"줄임말",
          "WordStructure":"파생어",
          "WordDefine":"선생님(교사, 강사 등)을 줄여 부르는 말. 학생들끼리도 선생님을 부를 때 은어로 많이 쓰인다.\n 하지만 꼭 교사나 강사를 줄여 부르는 말이라기 보다는 특정 직업을 가진 사람들끼리 사람의 이름 뒤에도 붙일 수 있다. \n연구원 등 직급끼리도 쌤이라 부르는 사람들도 있다.",
          "WordFell":"중립",
          "WordMean":"감정없음"
        },
        {
          "Word":"깜지",
          "WordType":"속어",
          "WordStructure":"기타",
          "WordDefine":"흰 종이에 글씨를 빽빽하게 쓰는 벌을 일컫는 속어",
          "WordFell":"중립",
          "WordMean":"감정없음"
        }
      ]
    },
    {
      "Speaker":"4694",
      "SpeakerText":"난 그때 그렇게 빽빽이 하면서 공부했어서 그런지 레알 지금도 단어 외울 때는 적어가면서 해야 암기가 잘 되는 것 같아.",
      "TextConvert":"난 그때 그렇게 흰종이에 글씨를 빽빽하게 쓰는 벌 하면서 공부했어서 그런지 진짜 지금도 단어 외울 때는 적어가면서 해야 암기가 잘 되는 것 같아.",
      "StartTime":29.53,
      "EndTime":36.89,
      "SpeakTime":7.36,
      "WordInfo":[
        {
          "Word":"빽빽이",
          "WordType":"속어",
          "WordStructure":"기타",
          "WordDefine":"흰 종이에 글씨를 빽빽하게 쓰는 벌을 일컫는 속어",
          "WordFell":"부정",
          "WordMean":"싫어함"
        },
        {
          "Word":"레알",
          "WordType":"은어",
          "WordStructure":"파생어",
          "WordDefine":"REAL을 발음나는데로 읽은 표현 정말 진짜 라는 뜻을 더욱 강조하는 표현'",
          "WordFell":"중립",
          "WordMean":"감정없음"
        }
      ]
    },
    {
      "Speaker":"5694",
      "SpeakerText":"뭥미. 그렇게 하기 싫어 했으면서 물든 거야? 우리 그거 하기 싫어서 졸라 몸부림을 쳤었는데.",
      "TextConvert":"뭐냐. 그렇게 하기 싫어 했으면서 물든 거야? 우리 그거 하기 싫어서 매우 몸부림을 쳤었는데.",
      "StartTime":37.78,
      "EndTime":47.39,
      "SpeakTime":9.61,
      "WordInfo":[
        {
          "Word":"뭥미",
          "WordType":"유행어",
          "WordStructure":"파생어",
          "WordDefine":"뭐냐의 통신체였던 \"뭐임\"의 오타에서 유래한 오타체",
          "WordFell":"중립",
          "WordMean":"감정없음"
        },
        {
          "Word":"졸라",
          "WordType":"속어",
          "WordStructure":"기타",
          "WordDefine":"매우~, 너무~, 엄청~ 등 의 뜻으로 대상, 혹은 감정을 강조할 때 쓰이는 한국어의 비속어.",
          "WordFell":"중립",
          "WordMean":"감정없음"
        }
      ]
    },
    {
      "Speaker":"4694",
      "SpeakerText":"그렇지. 그땐 왜 그렇게 하기 싫었나 몰라. 억지로 해서 그런지 영어 빽빽이를 제일 많이 했음에도 나 영포자 잖아. ",
      "TextConvert":"그렇지. 그땐 왜 그렇게 하기 싫었나 몰라. 억지로 해서 그런지 영어 흰종이에 글씨를 빽빽하게 쓰는 벌을 제일 많이 했음에도 나 영어를 포기한 자잖아. ",
      "StartTime":47.78,
      "EndTime":55.09,
      "SpeakTime":7.31,
      "WordInfo":[
        {
          "Word":"빽빽이",
          "WordType":"속어",
          "WordStructure":"기타",
          "WordDefine":"흰 종이에 글씨를 빽빽하게 쓰는 벌을 일컫는 속어",
          "WordFell":"부정",
          "WordMean":"싫어함"
        },
        {
          "Word":"영포자",
          "WordType":"줄임말",
          "WordStructure":"축약어",
          "WordDefine":"영어를?포기한?자의 준말.",
          "WordFell":"부정",
          "WordMean":"싫어함"
        }
      ]
    },
    {
      "Speaker":"5694",
      "SpeakerText":"너만 그러냐. 나도 그래. 그나마 넌 영어만 그렇지. 난 수포자이기도 해. 학교를 참 영혼없이 다녔어.",
      "TextConvert":"너만 그러냐. 나도 그래. 그나마 넌 영어만 그렇지. 난 수학을 포기한 자이기도 해. 학교를 참 영혼없이 다녔어.",
      "StartTime":55.98,
      "EndTime":66.84,
      "SpeakTime":10.86,
      "WordInfo":[
        {
          "Word":"수포자",
          "WordType":"줄임말",
          "WordStructure":"축약어",
          "WordDefine":"수학을?포기한?자의 준말.",
          "WordFell":"부정",
          "WordMean":"싫어함"
        }
      ]
    },
    {
      "Speaker":"4694",
      "SpeakerText":"난 공부는 못했지만 노답 문제아라는 생각은 안하고 있었는데 내가 뭘 조금만 일탈을 하면 어지없이 갑툭튀한 학생주임한테 걸리는 거야. 진짜 억울했었어. ",
      "TextConvert":"난 공부는 못했지만 답이 없는 문제아라는 생각은 안하고 있었는데 내가 뭘 조금만 일탈을 하면 여지없이 갑자기 툭 튀어나온  학생주임한테 걸리는 거야. 진짜 억울했었어. ",
      "StartTime":67.33,
      "EndTime":78.49,
      "SpeakTime":11.16,
      "WordInfo":[
        {
          "Word":"노답",
          "WordType":"줄임말",
          "WordStructure":"합성어",
          "WordDefine":"노답' (No+답) / 답이 없다는 뜻",
          "WordFell":"부정",
          "WordMean":"싫어함"
        },
        {
          "Word":"갑툭튀",
          "WordType":"줄임말",
          "WordStructure":"축약어",
          "WordDefine":"「갑자기 툭 튀어나오다」의 줄임말.",
          "WordFell":"중립",
          "WordMean":"감정없음"
        }
      ]
    },
    {
      "Speaker":"5694",
      "SpeakerText":"맞아. 평소 평소 얌전히 있다가 어쩌다 한번씩 이탈하는데 그게 이상하게 쌤들한테 걸리는 애들이 있었어. 흠좀무.",
      "TextConvert":"맞아. 평소 얌전히 있다가 어쩌다 한번씩 일탈하는데 그게 이상하게 선생님들한테 걸리는 애들이 있었어. 흠 이게 사실이라면 좀 무섭군.",
      "StartTime":78.88,
      "EndTime":90.79,
      "SpeakTime":11.91,
      "WordInfo":[
        {
          "Word":"쌤",
          "WordType":"줄임말",
          "WordStructure":"파생어",
          "WordDefine":"선생님(교사, 강사 등)을 줄여 부르는 말. 학생들끼리도 선생님을 부를 때 은어로 많이 쓰인다.\n 하지만 꼭 교사나 강사를 줄여 부르는 말이라기 보다는 특정 직업을 가진 사람들끼리 사람의 이름 뒤에도 붙일 수 있다. \n연구원 등 직급끼리도 쌤이라 부르는 사람들도 있다.",
          "WordFell":"중립",
          "WordMean":"감정없음"
        },
        {
          "Word":"흠좀무",
          "WordType":"줄임말",
          "WordStructure":"축약어",
          "WordDefine":" ‘흠, 이게 사실이라면 좀 무섭군’의 준말 / 믿을 수 없는 이야기나 놀랄 만한 이야기를 들었을 때 쓰인다.",
          "WordFell":"중립",
          "WordMean":"감정없음"
        }
      ]
    },
    {
      "Speaker":"4694",
      "SpeakerText":"그게 나 잖아. 학생주임한테 걸려서 혼나고 나면 담탱한테 또 불려가서 야단맞고 그랬어. 진짜 재수 오지게 없었지.",
      "TextConvert":"그게 나잖아. 학생주임한테 걸려서 혼나고 나면 담임 선생님한테 또 불려가서 야단맞고 그랬어. 진짜 재수 엄청나게 없었지.",
      "StartTime":90.98,
      "EndTime":99.69,
      "SpeakTime":8.71,
      "WordInfo":[
        {
          "Word":"담탱이",
          "WordType":"속어",
          "WordStructure":"파생어",
          "WordDefine":"담임선생님'을 이르는 말.",
          "WordFell":"부정",
          "WordMean":"싫어함"
        },
        {
          "Word":"오지다",
          "WordType":"유행어",
          "WordStructure":"파생어",
          "WordDefine":"놀라거나 감탄할 때 사용하는 단어\"",
          "WordFell":"중립",
          "WordMean":"감정없음"
        }
      ]
    },
    {
      "Speaker":"5694",
      "SpeakerText":"다 지나간 추억이야. 개고생했었지만 이젠 웃으면서 얘기할 수 있잖아. 추억여행 한번 해 볼까?",
      "TextConvert":"다 지나간 추억이야. 매우 고생이었지만 이젠 웃으면서 얘기할 수 있잖아. 추억여행 한번 해 볼까?",
      "StartTime":100.43,
      "EndTime":110.59,
      "SpeakTime":10.16,
      "WordInfo":[
        {
          "Word":"개고생",
          "WordType":"유행어",
          "WordStructure":"합성어",
          "WordDefine":"매우 고생이다의 강조표현 ",
          "WordFell":"부정",
          "WordMean":"싫어함"
        }
      ]
    },
    {
      "Speaker":"4694",
      "SpeakerText":"싫어. 난 학창시절 얘기 별로 안좋아해. 은따였던 기억 떠올리고 싶지도 않고.",
      "TextConvert":"싫어. 난 학창시절 얘기 별로 안좋아해. 은근히 따돌림 받았던 아이였던 기억 떠올리고 싶지도 않고.",
      "StartTime":110.78,
      "EndTime":116.14,
      "SpeakTime":5.36,
      "WordInfo":[
        {
          "Word":"은따",
          "WordType":"은어",
          "WordStructure":"혼성어",
          "WordDefine":"은근히 따돌림 당하는 아이를 지칭",
          "WordFell":"부정",
          "WordMean":"싫어함"
        }
      ]
    },
    {
      "Speaker":"5694",
      "SpeakerText":"은따였어? 너무 힘들었겠다. ",
      "TextConvert":"은근히 따돌림 받았던 아이였었어? 너무 힘들었겠다. ",
      "StartTime":116.38,
      "EndTime":119.29,
      "SpeakTime":2.91,
      "WordInfo":[
        {
          "Word":"은따",
          "WordType":"은어",
          "WordStructure":"혼성어",
          "WordDefine":"은근히 따돌림 당하는 아이를 지칭",
          "WordFell":"부정",
          "WordMean":"싫어함"
        }
      ]
    },
    {
      "Speaker":"4694",
      "SpeakerText":"좀 그랬지. 누구 한사람이 나를 딱히 극딜하는 건 아닌데 나 스스로는 친구들 사이에서 은근히 개무시 당한다는 기분. 그래서 친구들한테 가까이 다가갈 수도 없었구. ",
      "TextConvert":"좀 그랬지. 누구 한사람이 나를 딱히 큰 피해를 주기 위해 모든 힘을 다하여 공격하는 건 아닌데 나 스스로는 친구들 사이에서 은근히 매우 무시 당한다는 기분. 그래서 친구들한테 가까이 다가갈 수도 없었구. ",
      "StartTime":119.43,
      "EndTime":130.639,
      "SpeakTime":11.209,
      "WordInfo":[
        {
          "Word":"극딜",
          "WordType":"은어",
          "WordStructure":"합성어",
          "WordDefine":"온라인 게임에서, 상대에게 큰 피해를 주기 위해 모든 힘을 다하여 공격하는 일. 또는 그런 공격을 이르는 말.",
          "WordFell":"중립",
          "WordMean":"감정없음"
        },
        {
          "Word":"개무시",
          "WordType":"유행어",
          "WordStructure":"혼성어",
          "WordDefine":"매우 무시한다의 강조표현",
          "WordFell":"부정",
          "WordMean":"싫어함"
        }
      ]
    },
    {
      "Speaker":"5694",
      "SpeakerText":"그때나 지금이나 따돌림을 시키는게 심각한 사회 문제지. 공부도 공부지만 애들이 왕따문제가 참 심각한거 같아.",
      "TextConvert":"그때나 지금이나 따돌림 시키는게 심각한 사회 문제지. 공부도 공부지만 애들 집단에서 특정 개인을 따돌리는 일문제가 참 심각한거 같아.",
      "StartTime":132.23,
      "EndTime":143.19,
      "SpeakTime":10.96,
      "WordInfo":[
        {
          "Word":"왕따",
          "WordType":"은어",
          "WordStructure":"기타",
          "WordDefine":"집단에서 특정 개인을 따돌리는 일, 또는 그 대상을 일컫는 말 / '王'(왕 - 매우, 엄청) '따'돌림이라는 어원 설이 유력하다",
          "WordFell":"부정",
          "WordMean":"싫어함"
        }
      ]
    },
    {
      "Speaker":"4694",
      "SpeakerText":"맞아. 왕따문제가 심각해 지니까 자살까지도 생각하는 애들이 많이 늘었다잖아.",
      "TextConvert":"맞아. 특정 개인을 따돌리는 일문제가 심각해 지니까 자살까지도 생각하는 애들이 많이 늘었다잖아.",
      "StartTime":143.33,
      "EndTime":148.99,
      "SpeakTime":5.66,
      "WordInfo":[
        {
          "Word":"왕따",
          "WordType":"은어",
          "WordStructure":"기타",
          "WordDefine":"집단에서 특정 개인을 따돌리는 일, 또는 그 대상을 일컫는 말 / '王'(왕 - 매우, 엄청) '따'돌림이라는 어원 설이 유력하다",
          "WordFell":"부정",
          "WordMean":"싫어함"
        }
      ]
    },
    {
      "Speaker":"5694",
      "SpeakerText":"왕따학생 보호해 주려고 학교폭력위원회도 열리곤 하던데 그게 실제로 피해 학생한테 얼마나 도움이 되는지는 모르겠어.",
      "TextConvert":"특정 개인을 따돌리는 일의 대상인 학생 보호해 주려고 학교폭력위원회도 열리곤 하던데 그게 실제로 피해 학생한테 얼마나 도움이 되는지는 모르겠어.",
      "StartTime":150.03,
      "EndTime":162.79,
      "SpeakTime":12.76,
      "WordInfo":[
        {
          "Word":"왕따",
          "WordType":"은어",
          "WordStructure":"기타",
          "WordDefine":"집단에서 특정 개인을 따돌리는 일, 또는 그 대상을 일컫는 말 / '王'(왕 - 매우, 엄청) '따'돌림이라는 어원 설이 유력하다",
          "WordFell":"부정",
          "WordMean":"싫어함"
        }
      ]
    }
  ]
}
