{
  "DataSet":"연령대별특징적발화음성",
  "Version":"1.0",
  "Date":"20220907",
  "MediaUrl":"단어/20대/26.일상/20_26_2050_220907_0081.wav",
  "Category":"20대",
  "SubCategory":"일상",
  "DialogPlace":"집",
  "DialogVoiceType":"독백",
  "SpeakerNumber":"1",
  "RecDevice":"스마트폰",
  "RecLen":3.793,
  "AudioResolution":{
    "BitDepth":"16bit",
    "SampleRate":"44.1kHz"
  },
  "Speakers":[
    {
      "Speaker":"2050",
      "Gender":"여성",
      "Locate":"수도권",
      "AgeGroup":"20"
    }
  ],
  "Dialogs":[
    {
      "Speaker":"2050",
      "SpeakerText":"근자감",
      "TextConvert":"근거없는 자신감",
      "StartTime":1,
      "EndTime":2.793,
      "SpeakTime":1.793,
      "WordInfo":[
        {
          "Word":"근자감",
          "WordType":"줄임말",
          "WordStructure":"축약어",
          "WordDefine":"근거 없는 자신감'의 줄임말인 이 표현은 젊은 세대가 주로 부정적인 의미로 쓴다.",
          "WordFell":"부정",
          "WordMean":"싫어함"
        }
      ]
    }
  ]
}
