{
  "DataSet":"연령대별특징적발화음성",
  "Version":"1.0",
  "Date":"20220810",
  "MediaUrl":"단어/20대/26.일상/20_26_2002_220810_0014.wav",
  "Category":"20대",
  "SubCategory":"일상",
  "DialogPlace":"사무실",
  "DialogVoiceType":"독백",
  "SpeakerNumber":"1",
  "RecDevice":"스마트폰",
  "RecLen":3.695,
  "AudioResolution":{
    "BitDepth":"16bit",
    "SampleRate":"44.1kHz"
  },
  "Speakers":[
    {
      "Speaker":"2002",
      "Gender":"남성",
      "Locate":"강원",
      "AgeGroup":"20"
    }
  ],
  "Dialogs":[
    {
      "Speaker":"2002",
      "SpeakerText":"강추",
      "TextConvert":"강력추천",
      "StartTime":1,
      "EndTime":2.695,
      "SpeakTime":1.695,
      "WordInfo":[
        {
          "Word":"강추",
          "WordType":"줄임말",
          "WordStructure":"축약어",
          "WordDefine":"강력추천 줄임말",
          "WordFell":"중립",
          "WordMean":"감정없음"
        }
      ]
    }
  ]
}
