{
  "DataSet":"연령대별특징적발화음성",
  "Version":"1.0",
  "Date":"20221015",
  "MediaUrl":"대화/40대/42.주거/40_42_42485248_221015_0008.wav",
  "Category":"40대",
  "SubCategory":"주거",
  "DialogPlace":"집",
  "DialogVoiceType":"대면",
  "SpeakerNumber":"2",
  "RecDevice":"스마트폰",
  "RecLen":162.261,
  "AudioResolution":{
    "BitDepth":"16bit",
    "SampleRate":"44.1kHz"
  },
  "Speakers":[
    {
      "Speaker":"4248",
      "Gender":"여성",
      "Locate":"수도권",
      "AgeGroup":"10"
    },
    {
      "Speaker":"5248",
      "Gender":"여성",
      "Locate":"수도권",
      "AgeGroup":"10"
    }
  ],
  "Dialogs":[
    {
      "Speaker":"4248",
      "SpeakerText":"우리집 빌라 옥상에 어떤 노부부가 채소랑 식 식물을 갖다 키우기 시작했어. 난 좀 그러네.",
      "TextConvert":"우리집 빌라 옥상에 어떤 노부부가 채소랑 식물을 갖다 키우기 시작했어. 난 좀 그러네.",
      "StartTime":0.78,
      "EndTime":7.79,
      "SpeakTime":7.01,
      "WordInfo":null
    },
    {
      "Speaker":"5248",
      "SpeakerText":"너가 그럴 게 뭐가 있냐? 누구는 일부러 식집사도 하고 채소 키워서 자급자족을 하던데 안그래?",
      "TextConvert":"너가 그럴 게 뭐가 있냐? 누구는 일부러 식물을 기르는 사람도 하고 채소 키워서 자급자족을 하던데 안그래?",
      "StartTime":7.88,
      "EndTime":14.69,
      "SpeakTime":6.81,
      "WordInfo":[
        {
          "Word":"식집사",
          "WordType":"은어",
          "WordStructure":"혼성어",
          "WordDefine":"식물과 집사의 합성어로 반려 식물을 기르는 사람을 일컫는다. 고양이를 키우는 사람을 뜻하는 '집사'에서 유래된 것으로 식물을 가족같이 돌보며 애정을 쏟는 사람들을 표현하는 말이다",
          "WordFell":"중립",
          "WordMean":"감정없음"
        }
      ]
    },
    {
      "Speaker":"4248",
      "SpeakerText":"다른 건 괜찮은데 나는 벌레는 졸라 싫거든. 딱 꼴보기가 싫어. 그런데 채소 키우면 개미나 벌레 생기잖아.",
      "TextConvert":"다른 건 괜찮은데 나는 벌레는 엄청 싫거든. 딱 꼴보기가 싫어. 그런데 채소 키우면 개미나 벌레 생기잖아.",
      "StartTime":14.93,
      "EndTime":23.19,
      "SpeakTime":8.26,
      "WordInfo":[
        {
          "Word":"졸라",
          "WordType":"속어",
          "WordStructure":"기타",
          "WordDefine":"매우~, 너무~, 엄청~ 등 의 뜻으로 대상, 혹은 감정을 강조할 때 쓰이는 한국어의 비속어.",
          "WordFell":"중립",
          "WordMean":"감정없음"
        }
      ]
    },
    {
      "Speaker":"5248",
      "SpeakerText":"글쎄 정확하게는 모르겠지만 식물이나 채소가 있으니 생길 가능성도 있겠지.",
      "TextConvert":"글쎄 정확하게는 모르겠지만 식물이나 채소가 있으니 생길 가능성도 있겠지.",
      "StartTime":23.53,
      "EndTime":28.99,
      "SpeakTime":5.46,
      "WordInfo":null
    },
    {
      "Speaker":"4248",
      "SpeakerText":"이러다가 울 빌라가 외국의 어는 엽기 같 아파트 같이 바뀌는 건 아닌가 모르겠어.",
      "TextConvert":"이러다가 우리 빌라가 외국의 어는 엽기 아파트 같이 바뀌는 건 아닌가 모르겠어.",
      "StartTime":29.73,
      "EndTime":37.59,
      "SpeakTime":7.86,
      "WordInfo":[
        {
          "Word":"울",
          "WordType":"줄임말",
          "WordStructure":"축약어",
          "WordDefine":"우리'의 준말",
          "WordFell":"중립",
          "WordMean":"감정없음"
        }
      ]
    },
    {
      "Speaker":"5248",
      "SpeakerText":"너네 빌라는 신축이기도 하고 아파트는 아니지만 인프라도 좋은데 무슨 뜻이야?",
      "TextConvert":"너네 빌라는 신축이기도 하고 아파트는 아니지만 경제 활동 기반 형성을 위한 기초 시설도 좋은데 무슨 뜻이야?",
      "StartTime":37.88,
      "EndTime":43.09,
      "SpeakTime":5.21,
      "WordInfo":[
        {
          "Word":"인프라",
          "WordType":"줄임말",
          "WordStructure":"축약어",
          "WordDefine":"인프라스트럭처(Infrastructure)의 준말 / 경제활동의 기반을 형성하는 기초적인 시설을 말함.",
          "WordFell":"중립",
          "WordMean":"감정없음"
        }
      ]
    },
    {
      "Speaker":"4248",
      "SpeakerText":"내가 어느 기사를 보니까 중국에서 완판 기록을 남긴 정글숲 아파트가 있더라고.",
      "TextConvert":"내가 어느 기사를 보니까 중국에서 완판 기록을 남긴 정글숲 아파트가 있더라고.",
      "StartTime":43.43,
      "EndTime":49.74,
      "SpeakTime":6.31,
      "WordInfo":null
    },
    {
      "Speaker":"5248",
      "SpeakerText":"정글숲 아파트? 헐. 설마 정글처럼 지어 놓은 집인가? 그러면 공세권으로는 딱이겠네.",
      "TextConvert":"정글숲 아파트? 황당하다. 설마 정글처럼 지어 놓은 집인가? 그러면 공원 역세권으로는 딱이겠네.",
      "StartTime":50.48,
      "EndTime":57.29,
      "SpeakTime":6.81,
      "WordInfo":[
        {
          "Word":"헐",
          "WordType":"유행어",
          "WordStructure":"기타",
          "WordDefine":"주로 황당한 상황에 닥쳤을 때 하는 감탄사로 쓰인다. / \"황당할 때, 화가 날 때, 짜증 날 때 등 다양한 상황에 쓸 수 있는 표현",
          "WordFell":"중립",
          "WordMean":"감정없음"
        },
        {
          "Word":"공세권",
          "WordType":"은어",
          "WordStructure":"혼성어",
          "WordDefine":"공원(park)+역세권의 합성어",
          "WordFell":"중립",
          "WordMean":"감정없음"
        }
      ]
    },
    {
      "Speaker":"4248",
      "SpeakerText":"도세권이고 공세권, 몰세권 이런 것 다 필요없고 그냥 각 가구 발코니마다 초록색 수풀로 우거져서 우겨져서 붙은 이름이더라.",
      "TextConvert":"도서관 역세권이고 공원 역세권, 문화생활을 편하게 할 수 있는 곳 이런 것 다 필요없고 그냥 각 가구 발코니마다 초록색 수풀로 우겨져서 붙은 이름이더라.",
      "StartTime":57.88,
      "EndTime":68.34,
      "SpeakTime":10.46,
      "WordInfo":[
        {
          "Word":"도세권",
          "WordType":"은어",
          "WordStructure":"혼성어",
          "WordDefine":"도서관+역세권\"의 합성어 / 도서관이 가까운 거리에 있는 곳",
          "WordFell":"중립",
          "WordMean":"감정없음"
        },
        {
          "Word":"공세권",
          "WordType":"은어",
          "WordStructure":"혼성어",
          "WordDefine":"공원(park)+역세권의 합성어",
          "WordFell":"중립",
          "WordMean":"감정없음"
        },
        {
          "Word":"몰세권",
          "WordType":"은어",
          "WordStructure":"혼성어",
          "WordDefine":"몰(Mall)+역세권으로 편리하게 문화생활을 즐길 수 있는 지역을 뜻함",
          "WordFell":"중립",
          "WordMean":"감정없음"
        }
      ]
    },
    {
      "Speaker":"5248",
      "SpeakerText":"그러면 공기 하나는 조낸 끝내줬겠다. 인기있겠는데?",
      "TextConvert":"그러면 공기 하나는 굉장히 끝내줬겠다. 인기있겠는데?",
      "StartTime":69.38,
      "EndTime":73.19,
      "SpeakTime":3.81,
      "WordInfo":[
        {
          "Word":"조낸",
          "WordType":"속어",
          "WordStructure":"기타",
          "WordDefine":"정말 매우 진짜 굉장히 라는 뜻으로 비속어인 '존나' 와 같은 표현",
          "WordFell":"중립",
          "WordMean":"감정없음"
        }
      ]
    },
    {
      "Speaker":"4248",
      "SpeakerText":"당근 사람들의 기대감이 커서 완판 됐었지. 그런데 현재는 입주가구가 단 (10곳)/(열 곳) 밖에 안된다 안됐다더라고.",
      "TextConvert":"당연하지 사람들의 기대감이 커서 완판 됐었지. 그런데 현재는 입주가구가 단 10곳 밖에 안됐다더라고.",
      "StartTime":73.43,
      "EndTime":82.59,
      "SpeakTime":9.16,
      "WordInfo":[
        {
          "Word":"당근",
          "WordType":"유행어",
          "WordStructure":"파생어",
          "WordDefine":"재미있게 말하거나 강조하여 말할 때, '당연하다'의 뜻으로 쓰는 말",
          "WordFell":"긍정",
          "WordMean":"좋음"
        }
      ]
    },
    {
      "Speaker":"5248",
      "SpeakerText":"왜 그랬을까? 첨과는 달리 지금은 완전 욕세권으로 전락한 아파트인가 보네.",
      "TextConvert":"왜 그랬을까? 처음과는 달리 지금은 완전 처음엔 욕 먹었지만 나중에 인근해서 가장 선호받는 단지로 전락한 아파트인가 보네.",
      "StartTime":82.88,
      "EndTime":88.49,
      "SpeakTime":5.61,
      "WordInfo":[
        {
          "Word":"첨",
          "WordType":"줄임말",
          "WordStructure":"축약어",
          "WordDefine":"처음'의 준말",
          "WordFell":"중립",
          "WordMean":"감정없음"
        },
        {
          "Word":"욕세권",
          "WordType":"은어",
          "WordStructure":"혼성어",
          "WordDefine":"처음에는 욕을 먹었으나 나중에는 인근지역에서 가장 선호하는 단지가 된다라는 뜻",
          "WordFell":"중립",
          "WordMean":"감정없음"
        }
      ]
    },
    {
      "Speaker":"4248",
      "SpeakerText":"그렇지. 이유가 대따 웃겨. 그게 대왕 모기떼들 때문에 그렇다더라.",
      "TextConvert":"그렇지. 이유가 보통 정도보다 훨씬 더 웃겨. 그게 대왕 모기떼들 때문에 그렇다더라.",
      "StartTime":88.49,
      "EndTime":94.14,
      "SpeakTime":5.65,
      "WordInfo":[
        {
          "Word":"대따",
          "WordType":"은어",
          "WordStructure":"기타",
          "WordDefine":"1. 대'놓고 '따'돌림을 당하는것 / 보통 정도보다 훨씬 더함의 뜻을 속되게 이르는 말.\r\n2. 보통 정도보다 훨씬 더함의 뜻을 속되게 이르는 말.",
          "WordFell":"부정",
          "WordMean":"싫어함"
        }
      ]
    },
    {
      "Speaker":"5248",
      "SpeakerText":"대왕 모기떼라면 너가 졸라 싫어라 하는 날벌레, 사람 잠못자게 구는 대표적 해충이잖아.",
      "TextConvert":"대왕 모기떼라면 너가 엄청 싫어라 하는 날벌레, 사람 잠못자게 구는 대표적 해충이잖아.",
      "StartTime":94.38,
      "EndTime":100.69,
      "SpeakTime":6.31,
      "WordInfo":[
        {
          "Word":"졸라",
          "WordType":"속어",
          "WordStructure":"기타",
          "WordDefine":"매우~, 너무~, 엄청~ 등 의 뜻으로 대상, 혹은 감정을 강조할 때 쓰이는 한국어의 비속어.",
          "WordFell":"중립",
          "WordMean":"감정없음"
        }
      ]
    },
    {
      "Speaker":"4248",
      "SpeakerText":"내말그말. 발코니에 심어진 각종 식물들로 인해서 모기떼를 끌어 끌어들였다는데 분양자들이 입주 엄두를 못냈다고 하네.",
      "TextConvert":"내 말이 그말이야. 발코니에 심어진 각종 식물들로 인해서 모기떼를 끌어들였다는데 분양자들이 입주 엄두를 못냈다고 하네.",
      "StartTime":101.08,
      "EndTime":111.59,
      "SpeakTime":10.51,
      "WordInfo":[
        {
          "Word":"내말그말",
          "WordType":"줄임말",
          "WordStructure":"축약어",
          "WordDefine":"내 말이 그말이야!'의 준말 / 상대방이 하는 말에 너무 공감이 될 때 하는말",
          "WordFell":"긍정",
          "WordMean":"선의"
        }
      ]
    },
    {
      "Speaker":"5248",
      "SpeakerText":"개어이없네. 실컷 지어 놓고서는 입주가 안된다는 현실이 거의 이생집망 같은 느낌이랄까?",
      "TextConvert":"매우 어이없네. 실컷 지어 놓고서는 입주가 안된다는 현실이 거의 이번 생에는 집 사기는 망한 거 같은 느낌이랄까?",
      "StartTime":111.88,
      "EndTime":118.09,
      "SpeakTime":6.21,
      "WordInfo":[
        {
          "Word":"개어이없다",
          "WordType":"유행어",
          "WordStructure":"합성어",
          "WordDefine":"어이없다의 강조 표현",
          "WordFell":"부정",
          "WordMean":"싫어함"
        },
        {
          "Word":"이생집망",
          "WordType":"줄임말",
          "WordStructure":"축약어",
          "WordDefine":"이번 생에는 집 사기는 망했다'의준말",
          "WordFell":"중립",
          "WordMean":"감정없음"
        }
      ]
    },
    {
      "Speaker":"4248",
      "SpeakerText":"존나 웃기지. 그러니 그 아파트 정도는 아니어도 울 빌라 옥상에 식물이며 채소를 심는다는 것 자체가 난 불만이야.",
      "TextConvert":"매우 웃기지. 그러니 그 아파트 정도는 아니어도 우리 빌라 옥상에 식물이며 채소를 심는다는 것 자체가 난 불만이야.",
      "StartTime":118.38,
      "EndTime":128.289,
      "SpeakTime":9.909,
      "WordInfo":[
        {
          "Word":"존나",
          "WordType":"속어",
          "WordStructure":"기타",
          "WordDefine":"매우~, 너무~, 엄청~ 등 의 뜻으로 대상, 혹은 감정을 강조할 때 쓰이는 한국어의 비속어.",
          "WordFell":"중립",
          "WordMean":"감정없음"
        },
        {
          "Word":"울",
          "WordType":"줄임말",
          "WordStructure":"축약어",
          "WordDefine":"우리'의 준말",
          "WordFell":"중립",
          "WordMean":"감정없음"
        }
      ]
    },
    {
      "Speaker":"5248",
      "SpeakerText":"집콕은 답답하시니 소일거리를 찾으셨나본데, 잘 말씀드려 보렴.",
      "TextConvert":"집에 콕 박혀서 지내시는 건 답답하시니 소일거리를 찾으셨나본데, 잘 말씀드려 보렴.",
      "StartTime":128.58,
      "EndTime":133.24,
      "SpeakTime":4.66,
      "WordInfo":[
        {
          "Word":"집콕",
          "WordType":"유행어",
          "WordStructure":"파생어",
          "WordDefine":"방콕'에서 파생됨 / 집에 콕 박혀서 지낸다",
          "WordFell":"중립",
          "WordMean":"감정없음"
        }
      ]
    },
    {
      "Speaker":"4248",
      "SpeakerText":"내가 그런 걸로 이야 얘기하면 꼰대처럼 생각할 수도 있으니까 울 딸램이 그런 말은 꺼내지도 말라더라.",
      "TextConvert":"내가 그런 걸로 얘기하면 권위적인 사고를 가진 어른처럼 생각할 수도 있으니까 우리 딸래미가 그런 말은 꺼내지도 말라더라.",
      "StartTime":133.83,
      "EndTime":141.59,
      "SpeakTime":7.76,
      "WordInfo":[
        {
          "Word":"꼰대",
          "WordType":"속어",
          "WordStructure":"기타",
          "WordDefine":"늙은이', '선생님'을 속되게 이르는 말 ",
          "WordFell":"부정",
          "WordMean":"싫어함"
        },
        {
          "Word":"울",
          "WordType":"줄임말",
          "WordStructure":"축약어",
          "WordDefine":"우리'의 준말",
          "WordFell":"중립",
          "WordMean":"감정없음"
        },
        {
          "Word":"딸램",
          "WordType":"줄임말",
          "WordStructure":"축약어",
          "WordDefine":"딸래미의 줄임말",
          "WordFell":"중립",
          "WordMean":"감정없음"
        }
      ]
    },
    {
      "Speaker":"5248",
      "SpeakerText":"그런데 너에게도 지금 사는 집은 휘게라이프를 위해 옮긴 집이니까 노부부에게만 좋아서는 안되지.",
      "TextConvert":"그런데 너에게도 지금 사는 집은 편안함을 추구하는 라이프 스타일을 위해 옮긴 집이니까 노부부에게만 좋아서는 안되지.",
      "StartTime":141.98,
      "EndTime":148.94,
      "SpeakTime":6.96,
      "WordInfo":[
        {
          "Word":"휘게라이프",
          "WordType":"줄임말",
          "WordStructure":"합성어",
          "WordDefine":"휘게(Hygge)+라이프(Life) / 편안함, 따뜻함, 아늑함, 안락함을 추구하는 라이프스타일",
          "WordFell":"긍정",
          "WordMean":"좋음"
        }
      ]
    },
    {
      "Speaker":"4248",
      "SpeakerText":"청포족이 되면서까지 그래도 어렵사리 비싼 돈 주고 들어온 빌라인데 벌레들이 날아드는 건 정말 끔찍한 것 같아.",
      "TextConvert":"청약을 포기한 사람이 되면서까지 그래도 어렵사리 비싼 돈 주고 들어온 빌라인데 벌레들이 날아드는 건 정말 끔찍한 것 같아.",
      "StartTime":149.48,
      "EndTime":158.84,
      "SpeakTime":9.36,
      "WordInfo":[
        {
          "Word":"청포족",
          "WordType":"속어",
          "WordStructure":"기타",
          "WordDefine":"높아지는 청약 경쟁률에 주택청약을 포기 하는 사람.",
          "WordFell":"부정",
          "WordMean":"싫어함"
        }
      ]
    },
    {
      "Speaker":"5248",
      "SpeakerText":"그런 걸로 말을 하려면 짜증나겠어 정말.",
      "TextConvert":"그런 걸로 말을 하려면 짜증나겠어 정말.",
      "StartTime":159.08,
      "EndTime":161.99,
      "SpeakTime":2.91,
      "WordInfo":null
    }
  ]
}
