{
  "DataSet":"연령대별특징적발화음성",
  "Version":"1.0",
  "Date":"20220919",
  "MediaUrl":"문장/20대/22.연애결혼/20_22_3740_220919_0019.wav",
  "Category":"20대",
  "SubCategory":"연애결혼",
  "DialogPlace":"집",
  "DialogVoiceType":"독백",
  "SpeakerNumber":"1",
  "RecDevice":"스마트폰",
  "RecLen":8.525,
  "AudioResolution":{
    "BitDepth":"16bit",
    "SampleRate":"44.1kHz"
  },
  "Speakers":[
    {
      "Speaker":"3740",
      "Gender":"여성",
      "Locate":"수도권",
      "AgeGroup":"20"
    }
  ],
  "Dialogs":[
    {
      "Speaker":"3740",
      "SpeakerText":"잘 보여야 하는 중요한 모임에 나갈 때는 머리부터 발끝까지 한껏 꾸꾸꾸 스타일로 꾸미게 돼.",
      "TextConvert":"잘 보여야 하는 중요한 모임에 나갈 때는 머리부터 발끝까지 한껏 꾸민듯 꾸민듯 꾸민 스타일로 꾸미게 돼.",
      "StartTime":1,
      "EndTime":7.525,
      "SpeakTime":6.525,
      "WordInfo":[
        {
          "Word":"꾸꾸꾸",
          "WordType":"줄임말",
          "WordStructure":"축약어",
          "WordDefine":"꾸민듯 꾸민듯 꾸밈, 꾸안꾸의 반대 / 꾸며도 꾸질꾸질",
          "WordFell":"중립",
          "WordMean":"감정없음"
        }
      ]
    }
  ]
}
