{
  "DataSet":"연령대별특징적발화음성",
  "Version":"1.0",
  "Date":"20220923",
  "MediaUrl":"문장/20대/21.군대/20_21_3899_220923_0012.wav",
  "Category":"20대",
  "SubCategory":"군대",
  "DialogPlace":"집",
  "DialogVoiceType":"독백",
  "SpeakerNumber":"1",
  "RecDevice":"스마트폰",
  "RecLen":9.088,
  "AudioResolution":{
    "BitDepth":"16bit",
    "SampleRate":"44.1kHz"
  },
  "Speakers":[
    {
      "Speaker":"3899",
      "Gender":"남성",
      "Locate":"수도권",
      "AgeGroup":"30"
    }
  ],
  "Dialogs":[
    {
      "Speaker":"3899",
      "SpeakerText":"군대에서 먹는 뽀글이랑 한강에서 먹는 라면이랑 같진 않겠지. 여자애랑 먹으면 더 맛있기도 할거고 말야,",
      "TextConvert":"군대에서 먹는 라면을 냄비에 끓이지 않고 봉지째로 뜨거운 물을 넣고 익혀서 먹는 거랑 한강에서 먹는 라면이랑 같진 않겠지. 여자애랑 먹으면 더 맛있기도 할거고 말야,",
      "StartTime":1,
      "EndTime":8.088,
      "SpeakTime":7.088,
      "WordInfo":[
        {
          "Word":"뽀글이",
          "WordType":"은어",
          "WordStructure":"파생어",
          "WordDefine":"(은어) 라면 등을 냄비에 끓이지 않고 봉지째로 뜨거운 물을 넣고 익혀서 먹는 방식.또는 그 형태",
          "WordFell":"중립",
          "WordMean":"감정없음"
        }
      ]
    }
  ]
}
