{
  "DataSet":"연령대별특징적발화음성",
  "Version":"1.0",
  "Date":"20220918",
  "MediaUrl":"문장/50대이상/52.일상/50_52_3715_220918_0634.wav",
  "Category":"50대이상",
  "SubCategory":"일상",
  "DialogPlace":"집",
  "DialogVoiceType":"독백",
  "SpeakerNumber":"1",
  "RecDevice":"스마트폰",
  "RecLen":11.83,
  "AudioResolution":{
    "BitDepth":"16bit",
    "SampleRate":"44.1kHz"
  },
  "Speakers":[
    {
      "Speaker":"3715",
      "Gender":"여성",
      "Locate":"강원",
      "AgeGroup":"50"
    }
  ],
  "Dialogs":[
    {
      "Speaker":"3715",
      "SpeakerText":" 되도록 문찐은 되지 않도록 친구들이랑 이슈되는 이야기나 뜨고 있는 커뮤니티를 종종 보면서 노력하고 있다.",
      "TextConvert":"되도록 대중문화에 대해 잘 모르는 사람은 되지 않도록 친구들이랑 이슈되는 이야기나 뜨고 있는 커뮤니티를 종종 보면서 노력하고 있다.",
      "StartTime":1,
      "EndTime":10.83,
      "SpeakTime":9.83,
      "WordInfo":[
        {
          "Word":"문찐",
          "WordType":"속어",
          "WordStructure":"혼성어",
          "WordDefine":"문화 찐따'의 준말 / 대중문화에 대해 잘 모르는 사람을 낮잡아 이르는 말.",
          "WordFell":"부정",
          "WordMean":"싫어함"
        }
      ]
    }
  ]
}
