{
  "DataSet":"연령대별특징적발화음성",
  "Version":"1.0",
  "Date":"20221022",
  "MediaUrl":"대화/30대/35.일상/30_35_44505450_221022_0009.wav",
  "Category":"30대",
  "SubCategory":"일상",
  "DialogPlace":"집",
  "DialogVoiceType":"대면",
  "SpeakerNumber":"2",
  "RecDevice":"스마트폰",
  "RecLen":134.327,
  "AudioResolution":{
    "BitDepth":"16bit",
    "SampleRate":"44.1kHz"
  },
  "Speakers":[
    {
      "Speaker":"4450",
      "Gender":"여성",
      "Locate":"전라",
      "AgeGroup":"30"
    },
    {
      "Speaker":"5450",
      "Gender":"여성",
      "Locate":"전라",
      "AgeGroup":"30"
    }
  ],
  "Dialogs":[
    {
      "Speaker":"4450",
      "SpeakerText":"나 요즘 버스로 출근하고 있는데 사람들 졸라 많더라. 앉을 자리도 없고 지루해.",
      "TextConvert":"나 요즘 버스로 출근하고 있는데 사람들 매우 많더라. 앉을 자리도 없고 지루해.",
      "StartTime":1.38,
      "EndTime":5.59,
      "SpeakTime":4.21,
      "WordInfo":[
        {
          "Word":"졸라",
          "WordType":"속어",
          "WordStructure":"기타",
          "WordDefine":"매우~, 너무~, 엄청~ 등 의 뜻으로 대상, 혹은 감정을 강조할 때 쓰이는 한국어의 비속어.",
          "WordFell":"중립",
          "WordMean":"감정없음"
        }
      ]
    },
    {
      "Speaker":"5450",
      "SpeakerText":"나도 그래. 그래서 할만한 걸 좀 찾아봤어. 혼놀하기 좋은 게 많더라고.",
      "TextConvert":"나도 그래. 그래서 할만한 걸 좀 찾아봤어. 혼자 놀기 좋은 게 많더라고.",
      "StartTime":5.88,
      "EndTime":10.38,
      "SpeakTime":4.5,
      "WordInfo":[
        {
          "Word":"혼놀",
          "WordType":"줄임말",
          "WordStructure":"축약어",
          "WordDefine":"혼자 놀다",
          "WordFell":"중립",
          "WordMean":"감정없음"
        }
      ]
    },
    {
      "Speaker":"4450",
      "SpeakerText":"뭐가 있는데? 난 평소에는 혼코노만 좋아해서 그 외에는 아는 게 없어.",
      "TextConvert":"뭐가 있는데? 난 평소에는 혼자 코인 노래방만 좋아해서 그 외에는 아는 게 없어.",
      "StartTime":10.38,
      "EndTime":14.39,
      "SpeakTime":4.01,
      "WordInfo":[
        {
          "Word":"혼코노",
          "WordType":"은어",
          "WordStructure":"축약어",
          "WordDefine":"혼자 코인 노래방'의 약자",
          "WordFell":"중립",
          "WordMean":"감정없음"
        }
      ]
    },
    {
      "Speaker":"5450",
      "SpeakerText":"하긴 버스 안에서 노래를 부를 순 없으니까. 근데 버스 안에도 코노가 있으면 재밌긴 하겠다.",
      "TextConvert":"하긴 버스 안에서 노래를 부를 순 없으니까. 근데 버스 안에도 코인 노래방이 있으면 재밌긴 하겠다.",
      "StartTime":14.58,
      "EndTime":19.44,
      "SpeakTime":4.86,
      "WordInfo":[
        {
          "Word":"코노",
          "WordType":"줄임말",
          "WordStructure":"축약어",
          "WordDefine":"코인 노래방'의 약자",
          "WordFell":"중립",
          "WordMean":"감정없음"
        }
      ]
    },
    {
      "Speaker":"4450",
      "SpeakerText":"그런 상상을 하다니 대단한데? 버스 안에 노래방이 생기면 출근 스트레스는 지대 풀리겠다.",
      "TextConvert":"그런 상상을 하다니 대단한데? 버스 안에 노래방이 생기면 출근 스트레스는 제대로 풀리겠다.",
      "StartTime":19.44,
      "EndTime":24.79,
      "SpeakTime":5.35,
      "WordInfo":[
        {
          "Word":"지대",
          "WordType":"유행어",
          "WordStructure":"파생어",
          "WordDefine":"제대로>지대로>지대",
          "WordFell":"중립",
          "WordMean":"감정없음"
        }
      ]
    },
    {
      "Speaker":"5450",
      "SpeakerText":"옛날에는 기차 안에 노래방이 있었어. 기억해? 렬루 추억이다.",
      "TextConvert":"옛날에는 기차 안에 노래방이 있었어. 기억해? 진짜로 추억이다.",
      "StartTime":25.18,
      "EndTime":28.79,
      "SpeakTime":3.61,
      "WordInfo":[
        {
          "Word":"렬루",
          "WordType":"은어",
          "WordStructure":"파생어",
          "WordDefine":"real' 리얼로? 리얼루?를 빨리 발음한단어 / '진짜?'의 뜻을 가지고 있음",
          "WordFell":"중립",
          "WordMean":"감정없음"
        }
      ]
    },
    {
      "Speaker":"4450",
      "SpeakerText":"그럼 기억하지. 그게 벌써 옛날 이야기가 되다니 웃프네.",
      "TextConvert":"그럼 기억하지. 그게 벌써 옛날 이야기가 되다니 웃기면서 슬프네.",
      "StartTime":28.83,
      "EndTime":32.24,
      "SpeakTime":3.41,
      "WordInfo":[
        {
          "Word":"웃프다",
          "WordType":"줄임말",
          "WordStructure":"축약어",
          "WordDefine":"웃기면서 슬프다",
          "WordFell":"부정",
          "WordMean":"싫어함"
        }
      ]
    },
    {
      "Speaker":"5450",
      "SpeakerText":"그때의 나는 사람들이 듣건 말건 열심히 노래를 불렀었어. 완전 또라이였지.",
      "TextConvert":"그때의 나는 사람들이 듣건 말건 열심히 노래를 불렀었어. 완전 상식에서 벗어나는 사고방식과 생활 방식을 가지고 자기 멋대로 하는 애였지.",
      "StartTime":32.729,
      "EndTime":37.29,
      "SpeakTime":4.561,
      "WordInfo":[
        {
          "Word":"또라이",
          "WordType":"속어",
          "WordStructure":"파생어",
          "WordDefine":"상식에서 벗어나는 사고방식과 생활 방식을 가지고 자기 멋대로 하는 사람을 속되게 이르는 말",
          "WordFell":"부정",
          "WordMean":"싫어함"
        }
      ]
    },
    {
      "Speaker":"4450",
      "SpeakerText":"그런데 너는 노래를 잘하지 않았어? 노답은 아니었을 것 같은데.",
      "TextConvert":"그런데 너는 노래를 잘하지 않았어? 답이 없는 건 아니었을 것 같은데.",
      "StartTime":37.43,
      "EndTime":41.19,
      "SpeakTime":3.76,
      "WordInfo":[
        {
          "Word":"노답",
          "WordType":"줄임말",
          "WordStructure":"합성어",
          "WordDefine":"노답' (No+답) / 답이 없다는 뜻",
          "WordFell":"부정",
          "WordMean":"싫어함"
        }
      ]
    },
    {
      "Speaker":"5450",
      "SpeakerText":"그건 너의 뇌피셜이야. 지금이야 들을만 하지만 그때는 고래고래 소리지르는 것뿐이었어.",
      "TextConvert":"그건 너의 머리에서 나온 생각이야. 지금이야 들을만 하지만 그때는 고래고래 소리지르는 것뿐이었어.",
      "StartTime":41.63,
      "EndTime":46.29,
      "SpeakTime":4.66,
      "WordInfo":[
        {
          "Word":"뇌피셜",
          "WordType":"은어",
          "WordStructure":"합성어",
          "WordDefine":"뇌+오피셜(official) 합성어/자기 머리에서 나온 생각을 사실로 검증된 듯이 말함",
          "WordFell":"중립",
          "WordMean":"감정없음"
        }
      ]
    },
    {
      "Speaker":"4450",
      "SpeakerText":"웬만한 가수와 다이다이를 해도 이길 거라고 생각했는데. 날 때부터 장사는 아니었구나.",
      "TextConvert":"웬만한 가수와 싸워도 이길 거라고 생각했는데. 날 때부터 장사는 아니었구나.",
      "StartTime":46.68,
      "EndTime":51.89,
      "SpeakTime":5.21,
      "WordInfo":[
        {
          "Word":"다이다이",
          "WordType":"유행어",
          "WordStructure":"파생어",
          "WordDefine":"싸우다의 다른 표현 혹은 목숨을 걸고 싸우다라는 의미도로 사용",
          "WordFell":"부정",
          "WordMean":"화남"
        }
      ]
    },
    {
      "Speaker":"5450",
      "SpeakerText":"좋게 봐줘서 고맙긴 하다. 그나저나 버스에서 할만한 걸 찾는다고 했지? ",
      "TextConvert":"좋게 봐줘서 고맙긴 하다. 그나저나 버스에서 할만한 걸 찾는다고 했지? ",
      "StartTime":52.28,
      "EndTime":56.54,
      "SpeakTime":4.26,
      "WordInfo":null
    },
    {
      "Speaker":"4450",
      "SpeakerText":"응 맞아. 뭔가 대유잼인 거 없을까? 휴대폰만 하는 것도 멀미가 나서 말이지.",
      "TextConvert":"응 맞아. 뭔가 큰 재미가 있는 거 없을까? 휴대폰만 하는 것도 멀미가 나서 말이지.",
      "StartTime":56.83,
      "EndTime":61.24,
      "SpeakTime":4.41,
      "WordInfo":[
        {
          "Word":"대유잼",
          "WordType":"줄임말",
          "WordStructure":"합성어",
          "WordDefine":"大(큰 대)有(있을 유)잼으로 큰 재미가 있다는 의미",
          "WordFell":"긍정",
          "WordMean":"좋음"
        }
      ]
    },
    {
      "Speaker":"5450",
      "SpeakerText":"사실 노가리 까는 것만큼 시간 보내기 좋은 게 없는데. 애인이랑 전화통화라도 하면서 가면 어때?",
      "TextConvert":"사실 수다 까는 것만큼 시간 보내기 좋은 게 없는데. 애인이랑 전화통화라도 하면서 가면 어때?",
      "StartTime":61.28,
      "EndTime":67.59,
      "SpeakTime":6.31,
      "WordInfo":[
        {
          "Word":"노가리",
          "WordType":"속어",
          "WordStructure":"파생어",
          "WordDefine":"수다나 거짓말을 속되게 이르는 말. ",
          "WordFell":"중립",
          "WordMean":"감정없음"
        }
      ]
    },
    {
      "Speaker":"4450",
      "SpeakerText":"그러면 렬루 좋지. 그런데 내가 애인이 있어야지 말이다.",
      "TextConvert":"그러면 진짜로 좋지. 그런데 내가 애인이 있어야지 말이다.",
      "StartTime":68.18,
      "EndTime":71.49,
      "SpeakTime":3.31,
      "WordInfo":[
        {
          "Word":"렬루",
          "WordType":"은어",
          "WordStructure":"파생어",
          "WordDefine":"real' 리얼로? 리얼루?를 빨리 발음한단어 / '진짜?'의 뜻을 가지고 있음",
          "WordFell":"중립",
          "WordMean":"감정없음"
        }
      ]
    },
    {
      "Speaker":"5450",
      "SpeakerText":"하긴 너의 리즈시절은 이미 지나갔지. 아주 까마득하다.",
      "TextConvert":"하긴 너의 전성기는 이미 지나갔지. 아주 까마득하다.",
      "StartTime":71.98,
      "EndTime":74.99,
      "SpeakTime":3.01,
      "WordInfo":[
        {
          "Word":"리즈시절",
          "WordType":"유행어",
          "WordStructure":"합성어",
          "WordDefine":"지나간 전성기, 혹은 황금기를 뜻한다. / 잉글랜드 프리미어 리그의 프로 축구단인 '리즈 유나이티드 FC'를 줄인 '리즈[1]'와 '시절(時節)'의 합성어",
          "WordFell":"중립",
          "WordMean":"감정없음"
        }
      ]
    },
    {
      "Speaker":"4450",
      "SpeakerText":"말넘심이네. 요즘 내 비주얼이 그렇게 별로니?",
      "TextConvert":"말 너무 심하네. 요즘 내 비주얼이 그렇게 별로니?",
      "StartTime":75.28,
      "EndTime":78.78,
      "SpeakTime":3.5,
      "WordInfo":[
        {
          "Word":"말넘심",
          "WordType":"줄임말",
          "WordStructure":"축약어",
          "WordDefine":"말이?너무(넘)?심하다의?줄임말이다.",
          "WordFell":"부정",
          "WordMean":"싫어함"
        }
      ]
    },
    {
      "Speaker":"5450",
      "SpeakerText":"당연히 농담이지. 넌 아직도 살아있어. 따봉이니까 걱정 마.",
      "TextConvert":"당연히 농담이지. 넌 아직도 살아있어. 훌륭하니까 걱정 마.",
      "StartTime":78.78,
      "EndTime":81.79,
      "SpeakTime":3.01,
      "WordInfo":[
        {
          "Word":"따봉",
          "WordType":"유행어",
          "WordStructure":"파생어",
          "WordDefine":" 1. (포르투갈어 뜻을 그대로 받아) '매우 좋다'를 비유적으로 일컫는 말. / 인터넷에서 많이 쓰임\r\n 2. 한국에서?엄지를 척 올려세우는 손 동작을 뜻하는 단어. 좋다, 알겠다라는 뜻의?포르투갈어(ta bom)에서 왔다.",
          "WordFell":"긍정",
          "WordMean":"좋음"
        }
      ]
    },
    {
      "Speaker":"4450",
      "SpeakerText":"그래 고맙다. 그래도 살은 빼야 하는데 걱정이다. 차라리 직장이 집 근처여서 차라리 내가 뚜벅이를 해도 되면 좋을텐데.",
      "TextConvert":"그래 고맙다. 그래도 살은 빼야 하는데 걱정이다. 차라리 직장이 집 근처여서 차라리 내가 자가용 차량이 없는 사람을 해도 되면 좋을텐데.",
      "StartTime":81.83,
      "EndTime":89.24,
      "SpeakTime":7.41,
      "WordInfo":[
        {
          "Word":"뚜벅이",
          "WordType":"은어",
          "WordStructure":"기타",
          "WordDefine":"자가용 차량이 없는 사람을 부르는 은어 / 자동차 없이 대중교통을 이용하는 사람들을 비유적으로 일컫는 말이다.",
          "WordFell":"부정",
          "WordMean":"싫어함"
        }
      ]
    },
    {
      "Speaker":"5450",
      "SpeakerText":"그럼 저절로 다이어트는 되겠네. 휴대폰 쳐 보, 쳐다보느라 뚝배기 아플 일도 없고.",
      "TextConvert":"그럼 저절로 다이어트는 되겠네. 휴대폰 쳐다보느라 머리 아플 일도 없고.",
      "StartTime":89.43,
      "EndTime":94.69,
      "SpeakTime":5.26,
      "WordInfo":[
        {
          "Word":"뚝배기",
          "WordType":"속어",
          "WordStructure":"파생어",
          "WordDefine":"1. 한 게임의 효과음 중 타격음이 뚝배기 소리 같았는데 마침 때려지는 부위가 머리여서 '뚝배기=머리'의 의미로 치환되어 사용됨\n2. 사람의 '머리'를 속되게 이르는 말",
          "WordFell":"중립",
          "WordMean":"감정없음"
        }
      ]
    },
    {
      "Speaker":"4450",
      "SpeakerText":"내 말이 그 말이야. 산책하듯이 여유롭게 걸어가서 도착하면 빵커 먹으면서 하루를 시작하고 싶다.",
      "TextConvert":"내 말이 그 말이야. 산책하듯이 여유롭게 걸어가서 도착하면 빵이랑 커피 먹으면서 하루를 시작하고 싶다.",
      "StartTime":94.83,
      "EndTime":101.39,
      "SpeakTime":6.56,
      "WordInfo":[
        {
          "Word":"빵커",
          "WordType":"은어",
          "WordStructure":"혼성어",
          "WordDefine":"빵+커피'의 준말",
          "WordFell":"중립",
          "WordMean":"감정없음"
        }
      ]
    },
    {
      "Speaker":"5450",
      "SpeakerText":"이런 빵돌아. 매일 그렇게 먹으면 아무리 걸어도 살은 안 빠지겠다.",
      "TextConvert":"이런 빵을 좋아하는 친구야. 매일 그렇게 먹으면 아무리 걸어도 살은 안 빠지겠다.",
      "StartTime":101.68,
      "EndTime":105.14,
      "SpeakTime":3.46,
      "WordInfo":[
        {
          "Word":"빵돌이",
          "WordType":"속어",
          "WordStructure":"기타",
          "WordDefine":"1. 빵을 좋아하는 남자. 2. 학교에서 동료 학생들의 폭력이나 강요 때문에 빵 심부름을 도맡아하는 남자아이.",
          "WordFell":"부정",
          "WordMean":"싫어함"
        }
      ]
    },
    {
      "Speaker":"4450",
      "SpeakerText":"그런 말 하지 마. 말넘심이라서 스트레스 받아. 그러면 나 빵 더 먹는다.",
      "TextConvert":"그런 말 하지 마. 말 너무 심해서 스트레스 받아. 그러면 나 빵 더 먹는다.",
      "StartTime":105.18,
      "EndTime":109.84,
      "SpeakTime":4.66,
      "WordInfo":[
        {
          "Word":"말넘심",
          "WordType":"줄임말",
          "WordStructure":"축약어",
          "WordDefine":"말이?너무(넘)?심하다의?줄임말이다.",
          "WordFell":"부정",
          "WordMean":"싫어함"
        }
      ]
    },
    {
      "Speaker":"5450",
      "SpeakerText":"건강 잘 챙겨야 해. 너 그러다가 우리집 뚱냥이처럼 살찐다.",
      "TextConvert":"건강 잘 챙겨야 해. 너 그러다가 우리집 살이 많이 쪄서 돼지처럼 뚱뚱한 비만 고양이처럼 살찐다.",
      "StartTime":110.13,
      "EndTime":113.29,
      "SpeakTime":3.16,
      "WordInfo":[
        {
          "Word":"뚱냥이",
          "WordType":"은어",
          "WordStructure":"혼성어",
          "WordDefine":"돼지+고양이라는 의미로, 살이 많이 쪄서 돼지처럼 뚱뚱한 비만 고양이를 의미한다. 뚱냥이라고도 부른다.",
          "WordFell":"부정",
          "WordMean":"싫어함"
        }
      ]
    },
    {
      "Speaker":"4450",
      "SpeakerText":"헐랭방구. 난 너네집 고양이 너무 귀엽기만 하던데.",
      "TextConvert":"대박 어이없다. 난 너네집 고양이 너무 귀엽기만 하던데.",
      "StartTime":113.53,
      "EndTime":117.04,
      "SpeakTime":3.51,
      "WordInfo":[
        {
          "Word":"헐랭방구",
          "WordType":"줄임말",
          "WordStructure":"합성어",
          "WordDefine":"감탄사의 의미인 '헐랭'+방구(房口)의 합성어 / 이 상황이 너무 어이가 없음에 피가 식으며 입이 닫긴다.라는 뜻을 가지고 있으나 그냥 '헐'과 같은 뜻이다",
          "WordFell":"중립",
          "WordMean":"감정없음"
        }
      ]
    },
    {
      "Speaker":"5450",
      "SpeakerText":"걔는 고양이니까 귀엽지. 넌 사람이니까 운동 열심히 해라. 난 오운완 하기 위해서 먼저 가볼게.",
      "TextConvert":"걔는 고양이니까 귀엽지. 넌 사람이니까 운동 열심히 해라. 난 오늘의 운동 완료 하기 위해서 먼저 가볼게.",
      "StartTime":117.28,
      "EndTime":122.44,
      "SpeakTime":5.16,
      "WordInfo":[
        {
          "Word":"오운완",
          "WordType":"줄임말",
          "WordStructure":"축약어",
          "WordDefine":"오늘의 운동 완료' 의 준말",
          "WordFell":"중립",
          "WordMean":"감정없음"
        }
      ]
    },
    {
      "Speaker":"4450",
      "SpeakerText":"너 마냥 허접인줄로만 알았는데 운동도 했냐? 이게 무슨 일이람.",
      "TextConvert":"너 마냥 허섭스레기인줄로만 알았는데 운동도 했냐? 이게 무슨 일이람.",
      "StartTime":122.68,
      "EndTime":127.18,
      "SpeakTime":4.5,
      "WordInfo":[
        {
          "Word":"허접",
          "WordType":"속어",
          "WordStructure":"파생어",
          "WordDefine":"무언가 형편없음을 지칭하는 비하성 속어. 어원은 '좋은 것이 빠지고 남은 허름한 물건'이라는 의미의?'허섭스레기'에서 온 말이다.?",
          "WordFell":"부정",
          "WordMean":"싫어함"
        }
      ]
    },
    {
      "Speaker":"5450",
      "SpeakerText":"나 이래뵈도 운동 열심히 한다고. 언젠가 몸매가 좋아질 그 날을 생각하며 행복회로 돌리고 있어.",
      "TextConvert":"나 이래뵈도 운동 열심히 한다고. 언젠가 몸매가 좋아질 그 날을 생각하며 행복한 상상을 하면서 앞으로 할 일에 대해 머리 돌리고 있어.",
      "StartTime":127.18,
      "EndTime":131.89,
      "SpeakTime":4.71,
      "WordInfo":[
        {
          "Word":"행복회로",
          "WordType":"은어",
          "WordStructure":"합성어",
          "WordDefine":"1. 행복' 과 '회로'의 합성어\r\n2. 행복한 상상을 하는 행태\r\n3. 행복한 상상을 하면서 앞으로 할 일에 대해 머리를 이리저리 굴려 보는 것",
          "WordFell":"긍정",
          "WordMean":"좋음"
        }
      ]
    }
  ]
}
