{
  "DataSet":"연령대별특징적발화음성",
  "Version":"1.0",
  "Date":"20220901",
  "MediaUrl":"단어/40대/41.가족/40_41_2059_220901_0024.wav",
  "Category":"40대",
  "SubCategory":"가족",
  "DialogPlace":"집",
  "DialogVoiceType":"독백",
  "SpeakerNumber":"1",
  "RecDevice":"스마트폰",
  "RecLen":3.575,
  "AudioResolution":{
    "BitDepth":"16bit",
    "SampleRate":"44.1kHz"
  },
  "Speakers":[
    {
      "Speaker":"2059",
      "Gender":"여성",
      "Locate":"수도권",
      "AgeGroup":"30"
    }
  ],
  "Dialogs":[
    {
      "Speaker":"2059",
      "SpeakerText":"설거지남",
      "TextConvert":"아내에게 이용당하는 남편",
      "StartTime":1,
      "EndTime":2.575,
      "SpeakTime":1.575,
      "WordInfo":[
        {
          "Word":"설거지남",
          "WordType":"줄임말",
          "WordStructure":"합성어",
          "WordDefine":"음식은 다른 사람이 먹고, 여리 저기 내돌려져 더러워진 그릇은 남편이 설거지한다는 얘기\n아내에게 이용만 당하는 불쌍한 남편을 일컫는다.",
          "WordFell":"부정",
          "WordMean":"싫어함"
        }
      ]
    }
  ]
}
