{
  "DataSet":"연령대별특징적발화음성",
  "Version":"1.0",
  "Date":"20220919",
  "MediaUrl":"단어/40대/41.가족/40_41_2121_220919_0028.wav",
  "Category":"40대",
  "SubCategory":"가족",
  "DialogPlace":"집",
  "DialogVoiceType":"독백",
  "SpeakerNumber":"1",
  "RecDevice":"스마트폰",
  "RecLen":3.8,
  "AudioResolution":{
    "BitDepth":"16bit",
    "SampleRate":"44.1kHz"
  },
  "Speakers":[
    {
      "Speaker":"2121",
      "Gender":"여성",
      "Locate":"수도권",
      "AgeGroup":"20"
    }
  ],
  "Dialogs":[
    {
      "Speaker":"2121",
      "SpeakerText":"시월드",
      "TextConvert":"시가 혹은 시집살이",
      "StartTime":1,
      "EndTime":2.8,
      "SpeakTime":1.8,
      "WordInfo":[
        {
          "Word":"시월드",
          "WordType":"은어",
          "WordStructure":"혼성어",
          "WordDefine":"시댁 혹은 \"시집살이\"를 나타내는 대한민국의 인터넷 신조어",
          "WordFell":"부정",
          "WordMean":"싫어함"
        }
      ]
    }
  ]
}
