{
  "DataSet":"연령대별특징적발화음성",
  "Version":"1.0",
  "Date":"20220901",
  "MediaUrl":"단어/40대/41.가족/40_41_2066_220901_0059.wav",
  "Category":"40대",
  "SubCategory":"가족",
  "DialogPlace":"집",
  "DialogVoiceType":"독백",
  "SpeakerNumber":"1",
  "RecDevice":"스마트폰",
  "RecLen":4.006,
  "AudioResolution":{
    "BitDepth":"16bit",
    "SampleRate":"44.1kHz"
  },
  "Speakers":[
    {
      "Speaker":"2066",
      "Gender":"여성",
      "Locate":"수도권",
      "AgeGroup":"40"
    }
  ],
  "Dialogs":[
    {
      "Speaker":"2066",
      "SpeakerText":"퐁퐁남",
      "TextConvert":"결혼생활에서 주도권이 없는 남성",
      "StartTime":1,
      "EndTime":3.006,
      "SpeakTime":2.006,
      "WordInfo":[
        {
          "Word":"퐁퐁남",
          "WordType":"줄임말",
          "WordStructure":"합성어",
          "WordDefine":"퐁퐁+남 /설거지론에서 '설거지'를 하는 배우자들을 조롱하는 신조어\n가정의 중요한 의사결정에서 발언권이 약하며 배우자로부터 일방적인 제약을 요구받는 등 노예와 다를 바 없는 비참한 결혼생활을 뜻함",
          "WordFell":"부정",
          "WordMean":"싫어함"
        }
      ]
    }
  ]
}
