{
  "DataSet":"연령대별특징적발화음성",
  "Version":"1.0",
  "Date":"20220909",
  "MediaUrl":"단어/30대/32.주거/30_32_2101_220909_0038.wav",
  "Category":"30대",
  "SubCategory":"주거",
  "DialogPlace":"집",
  "DialogVoiceType":"독백",
  "SpeakerNumber":"1",
  "RecDevice":"스마트폰",
  "RecLen":3.804,
  "AudioResolution":{
    "BitDepth":"16bit",
    "SampleRate":"44.1kHz"
  },
  "Speakers":[
    {
      "Speaker":"2101",
      "Gender":"여성",
      "Locate":"수도권",
      "AgeGroup":"30"
    }
  ],
  "Dialogs":[
    {
      "Speaker":"2101",
      "SpeakerText":"숲세권",
      "TextConvert":"숲 역세권",
      "StartTime":1,
      "EndTime":2.804,
      "SpeakTime":1.804,
      "WordInfo":[
        {
          "Word":"숲세권",
          "WordType":"은어",
          "WordStructure":"합성어",
          "WordDefine":"녹지공간을 뜻하는 '숲'과 역세권의 '세권'이라는 단어의 합성어",
          "WordFell":"중립",
          "WordMean":"감정없음"
        }
      ]
    }
  ]
}
