{
  "DataSet":"연령대별특징적발화음성",
  "Version":"1.0",
  "Date":"20220901",
  "MediaUrl":"단어/30대/32.주거/30_32_2059_220901_0003.wav",
  "Category":"30대",
  "SubCategory":"주거",
  "DialogPlace":"집",
  "DialogVoiceType":"독백",
  "SpeakerNumber":"1",
  "RecDevice":"스마트폰",
  "RecLen":3.63,
  "AudioResolution":{
    "BitDepth":"16bit",
    "SampleRate":"44.1kHz"
  },
  "Speakers":[
    {
      "Speaker":"2059",
      "Gender":"여성",
      "Locate":"수도권",
      "AgeGroup":"30"
    }
  ],
  "Dialogs":[
    {
      "Speaker":"2059",
      "SpeakerText":"공세권",
      "TextConvert":"공원이 근처에 있는 지역",
      "StartTime":1,
      "EndTime":2.63,
      "SpeakTime":1.63,
      "WordInfo":[
        {
          "Word":"공세권",
          "WordType":"은어",
          "WordStructure":"혼성어",
          "WordDefine":"공원(park)+역세권의 합성어",
          "WordFell":"중립",
          "WordMean":"감정없음"
        }
      ]
    }
  ]
}
