{
  "DataSet":"연령대별특징적발화음성",
  "Version":"1.0",
  "Date":"20220919",
  "MediaUrl":"단어/30대/32.주거/30_32_2121_220919_0044.wav",
  "Category":"30대",
  "SubCategory":"주거",
  "DialogPlace":"집",
  "DialogVoiceType":"독백",
  "SpeakerNumber":"1",
  "RecDevice":"스마트폰",
  "RecLen":3.876,
  "AudioResolution":{
    "BitDepth":"16bit",
    "SampleRate":"44.1kHz"
  },
  "Speakers":[
    {
      "Speaker":"2121",
      "Gender":"여성",
      "Locate":"수도권",
      "AgeGroup":"20"
    }
  ],
  "Dialogs":[
    {
      "Speaker":"2121",
      "SpeakerText":"알박기",
      "TextConvert":"고가로 되파는 투기 수법",
      "StartTime":1,
      "EndTime":2.876,
      "SpeakTime":1.876,
      "WordInfo":[
        {
          "Word":"알박기",
          "WordType":"은어",
          "WordStructure":"혼성어",
          "WordDefine":"개발 예정지의 땅 일부를 먼저 사들인 뒤 사업자에게 고가로 되파는 부동산 투기 수법",
          "WordFell":"부정",
          "WordMean":"싫어함"
        }
      ]
    }
  ]
}
