{
  "DataSet":"연령대별특징적발화음성",
  "Version":"1.0",
  "Date":"20220919",
  "MediaUrl":"단어/40대/43.경제/40_43_2121_220919_0030.wav",
  "Category":"40대",
  "SubCategory":"경제",
  "DialogPlace":"집",
  "DialogVoiceType":"독백",
  "SpeakerNumber":"1",
  "RecDevice":"스마트폰",
  "RecLen":3.944,
  "AudioResolution":{
    "BitDepth":"16bit",
    "SampleRate":"44.1kHz"
  },
  "Speakers":[
    {
      "Speaker":"2121",
      "Gender":"여성",
      "Locate":"수도권",
      "AgeGroup":"20"
    }
  ],
  "Dialogs":[
    {
      "Speaker":"2121",
      "SpeakerText":"돈쭐내다",
      "TextConvert":"사회적으로 옳은 사람을 돈을 써서 혼내준다",
      "StartTime":1,
      "EndTime":2.944,
      "SpeakTime":1.944,
      "WordInfo":[
        {
          "Word":"돈쭐내다",
          "WordType":"은어",
          "WordStructure":"혼성어",
          "WordDefine":"돈' + '혼쭐내다'의 합성어. 혼쭐내다는 매우 강하게 혼을 내어 꾸짖음을 묻는 것인 반면, \n이에 대한 반어법과 그 변형으로 어떠한 사람이 사회적으로 옳은 행동을 했을 때 '이 사람은 돈다발로 뺨을 때려야 한다' 라는 뜻으로 생긴 신조어",
          "WordFell":"긍정",
          "WordMean":"선의"
        }
      ]
    }
  ]
}
