{
  "DataSet":"연령대별특징적발화음성",
  "Version":"1.0",
  "Date":"20220901",
  "MediaUrl":"단어/40대/43.경제/40_43_2059_220901_0060.wav",
  "Category":"40대",
  "SubCategory":"경제",
  "DialogPlace":"집",
  "DialogVoiceType":"독백",
  "SpeakerNumber":"1",
  "RecDevice":"스마트폰",
  "RecLen":3.455,
  "AudioResolution":{
    "BitDepth":"16bit",
    "SampleRate":"44.1kHz"
  },
  "Speakers":[
    {
      "Speaker":"2059",
      "Gender":"여성",
      "Locate":"수도권",
      "AgeGroup":"30"
    }
  ],
  "Dialogs":[
    {
      "Speaker":"2059",
      "SpeakerText":"손절",
      "TextConvert":"손해를 보더라도 매도하는 행위",
      "StartTime":1,
      "EndTime":2.455,
      "SpeakTime":1.455,
      "WordInfo":[
        {
          "Word":"손절",
          "WordType":"줄임말",
          "WordStructure":"축약어",
          "WordDefine":"손절매'(損切賣)의 약자, 가격이 더 떨어질 것으로 예상하고 손해를 보더라도 매도하는 행위 / '주식용어 \"손절매\"에서 유래/자신과 잘 맞지 않는 사람과 관계를 단절하는 행위",
          "WordFell":"부정",
          "WordMean":"싫어함"
        }
      ]
    }
  ]
}
