{
  "DataSet":"연령대별특징적발화음성",
  "Version":"1.0",
  "Date":"20220916",
  "MediaUrl":"단어/40대/43.경제/40_43_2128_220916_0043.wav",
  "Category":"40대",
  "SubCategory":"경제",
  "DialogPlace":"집",
  "DialogVoiceType":"독백",
  "SpeakerNumber":"1",
  "RecDevice":"스마트폰",
  "RecLen":3.147,
  "AudioResolution":{
    "BitDepth":"16bit",
    "SampleRate":"44.1kHz"
  },
  "Speakers":[
    {
      "Speaker":"2128",
      "Gender":"여성",
      "Locate":"경상",
      "AgeGroup":"20"
    }
  ],
  "Dialogs":[
    {
      "Speaker":"2128",
      "SpeakerText":"물타기",
      "TextConvert":"보유 주식 평균 매수단가가 현 주가보다 높을때 일정기간 계속 매수하는것 ",
      "StartTime":1,
      "EndTime":2.147,
      "SpeakTime":1.147,
      "WordInfo":[
        {
          "Word":"물타기",
          "WordType":"은어",
          "WordStructure":"기타",
          "WordDefine":" 자신이 보유한 주식의 평균 매수단가가 현재의 주가보다 높을 때 손실을 줄일 목적으로 일정 기간을 두고 계속 매수하는 방법(scale trading)을 말한다.",
          "WordFell":"중립",
          "WordMean":"감정없음"
        }
      ]
    }
  ]
}
