{
  "DataSet":"연령대별특징적발화음성",
  "Version":"1.0",
  "Date":"20221005",
  "MediaUrl":"대화/10대/14.일상/10_14_40955095_221005_0017.wav",
  "Category":"10대",
  "SubCategory":"일상",
  "DialogPlace":"집",
  "DialogVoiceType":"대면",
  "SpeakerNumber":"2",
  "RecDevice":"스마트폰",
  "RecLen":134.629,
  "AudioResolution":{
    "BitDepth":"16bit",
    "SampleRate":"44.1kHz"
  },
  "Speakers":[
    {
      "Speaker":"4095",
      "Gender":"여성",
      "Locate":"수도권",
      "AgeGroup":"20"
    },
    {
      "Speaker":"5095",
      "Gender":"여성",
      "Locate":"충청",
      "AgeGroup":"20"
    }
  ],
  "Dialogs":[
    {
      "Speaker":"4095",
      "SpeakerText":"너는 놀이기구 잘 타? 나는 놀이기구 탈 때면 세상이 나를 억까하는 기분이 들어.",
      "TextConvert":"너는 놀이기구 잘 타? 나는 놀이기구 탈 때면 세상이 나를 억지로 까는 기분이 들어.",
      "StartTime":0.88,
      "EndTime":5.74,
      "SpeakTime":4.86,
      "WordInfo":[
        {
          "Word":"억까",
          "WordType":"유행어",
          "WordStructure":"축약어",
          "WordDefine":"대상을 비판, 비난하는 이유가 말도 안 되는 억지일 때 사용하는 말.",
          "WordFell":"부정",
          "WordMean":"싫어함"
        }
      ]
    },
    {
      "Speaker":"5095",
      "SpeakerText":"나는 놀이기구 잘 타지. 너무 꿀잼이야. 다음에는 자이로드롭 타보고 싶어. 너가 그거 타다가 고소공포증 생겨서 놀이공원 믿거 한댔나?",
      "TextConvert":"나는 놀이기구 잘 타지. 너무 정말 재밌어. 다음에는 자이로드롭 타보고 싶어. 너가 그거 타다가 고소공포증 생겨서 놀이공원 믿고 거르기 한댔나?",
      "StartTime":6.03,
      "EndTime":15.79,
      "SpeakTime":9.76,
      "WordInfo":[
        {
          "Word":"꿀잼",
          "WordType":"은어",
          "WordStructure":"합성어",
          "WordDefine":"‘꿀’과 ‘재미’의 합성어로, ‘매우 많이 재미있다’는 의미의 신조어.",
          "WordFell":"긍정",
          "WordMean":"좋음"
        },
        {
          "Word":"믿거",
          "WordType":"은어",
          "WordStructure":"축약어",
          "WordDefine":"믿고 거른다'의 약자",
          "WordFell":"부정",
          "WordMean":"싫어함"
        }
      ]
    },
    {
      "Speaker":"4095",
      "SpeakerText":"고소공포증이 뭐냐? 백화점에 있는 유리 엘리베이터도 못 타. 그리고 그때 걔가 난 그리 타기 싫다니까 내 팔목 잡고 존버하면서 안 놔주고 타보면 가슴 뻥 뚫린다 해서 탔는데, 그 무뇌충의 슴가를 뚫어버릴까 생각을 했지.",
      "TextConvert":"고소공포증이 뭐냐? 백화점에 있는 유리 엘리베이터도 못 타. 그리고 그때 걔가 난 그리 타기 싫다니까 내 팔목 잡고 엄청 버티기 하면서 안 놔주고 타보면 가슴 뻥 뚫린다 해서 탔는데 그 뇌 없는 벌레의 가슴를 뚫어버릴까 생각을 했지.",
      "StartTime":16.93,
      "EndTime":31.49,
      "SpeakTime":14.56,
      "WordInfo":[
        {
          "Word":"존버",
          "WordType":"속어",
          "WordStructure":"축약어",
          "WordDefine":"비속어'존나'+ '버티다'의 줄임말/끝까지 막연하게 버팀",
          "WordFell":"긍정",
          "WordMean":"선의"
        },
        {
          "Word":"무뇌충",
          "WordType":"속어",
          "WordStructure":"합성어",
          "WordDefine":"‘뇌가 없는 벌레’란 뜻으로, 머리가 텅 빈 사람을 빗대어 이르는 말. ",
          "WordFell":"부정",
          "WordMean":"싫어함"
        },
        {
          "Word":"슴가",
          "WordType":"은어",
          "WordStructure":"파생어",
          "WordDefine":"우리말 '가슴'을 이르는 말. '가슴'의 음절을 뒤집어 표현한 말이다.",
          "WordFell":"중립",
          "WordMean":"감정없음"
        }
      ]
    },
    {
      "Speaker":"5095",
      "SpeakerText":"그 정도였냐? 좀 에바인데. 그러면 설마 우주 관람차도 못 타?",
      "TextConvert":"그 정도였냐? 좀 오바인데 그러면 설마 우주 관람차도 못 타?",
      "StartTime":31.88,
      "EndTime":35.99,
      "SpeakTime":4.11,
      "WordInfo":[
        {
          "Word":"에바",
          "WordType":"속어",
          "WordStructure":"파생어",
          "WordDefine":"요즘 신세대 사람들이 오바를 변형해서 말한 것이다. 약간 지나친 느낌.",
          "WordFell":"부정",
          "WordMean":"싫어함"
        }
      ]
    },
    {
      "Speaker":"4095",
      "SpeakerText":"백화점 유리 엘리베이터를 못 타는데 우주 관람차는 어떻게 타겠니? 물론 원래도 내가 놀이기구는 오지게 못 타긴 했어도 우주 관람차 까지 못 탈 정도는 아니었어. 이게 다 걔 때문이야 이생망. 나 여친 어떻게 만드냐?",
      "TextConvert":"백화점 유리 엘리베이터를 못 타는데 우주 관람차는 어떻게 타겠니? 물론 원래도 내가 놀이기구는 심하게 못 타긴 했어도 우주 관람차 까지 못 탈 정도는 아니었어. 이게 다 걔 때문이야 이번 생은 망했어. 나 여자친구 어떻게 만드냐?",
      "StartTime":36.68,
      "EndTime":49.79,
      "SpeakTime":13.11,
      "WordInfo":[
        {
          "Word":"오지다",
          "WordType":"유행어",
          "WordStructure":"파생어",
          "WordDefine":"놀라거나 감탄할 때 사용하는 단어\"",
          "WordFell":"중립",
          "WordMean":"감정없음"
        },
        {
          "Word":"이생망",
          "WordType":"줄임말",
          "WordStructure":"축약어",
          "WordDefine":"이번 생은 망했다'를 줄여 이르는 말 / 주로 젊은 층에서 자조적으로 쓴다.",
          "WordFell":"부정",
          "WordMean":"싫어함"
        },
        {
          "Word":"여친",
          "WordType":"줄임말",
          "WordStructure":"축약어",
          "WordDefine":"여자친구의 줄임말",
          "WordFell":"중립",
          "WordMean":"감정없음"
        }
      ]
    },
    {
      "Speaker":"5095",
      "SpeakerText":"뭘 그런 거를 고민해. 놀이기구를 못 타는 여자 만나면 되지. 복세편살.",
      "TextConvert":"뭘 그런 거를 고민해. 놀이기구를 못 타는 여자 만나면 되지. 복잡한 세상 편하게 살자.",
      "StartTime":50.53,
      "EndTime":54.99,
      "SpeakTime":4.46,
      "WordInfo":[
        {
          "Word":"복세편살",
          "WordType":"줄임말",
          "WordStructure":"축약어",
          "WordDefine":"복잡한 세상 편하게 살자의 준말",
          "WordFell":"긍정",
          "WordMean":"좋음"
        }
      ]
    },
    {
      "Speaker":"4095",
      "SpeakerText":"그런 간단한 방법이? 오키 좋아. 그럼 너 번지점프도 할 수 있냐?",
      "TextConvert":"그런 간단한 방법이? 오케이 좋아. 그럼 너 번지점프도 할 수 있냐?",
      "StartTime":55.28,
      "EndTime":59.49,
      "SpeakTime":4.21,
      "WordInfo":[
        {
          "Word":"오키",
          "WordType":"줄임말",
          "WordStructure":"축약어",
          "WordDefine":"오케이(Okay)'의 준말",
          "WordFell":"중립",
          "WordMean":"감정없음"
        }
      ]
    },
    {
      "Speaker":"5095",
      "SpeakerText":"나 번지점프 쌉가능이지. 가끔 나는 하늘을 날고 싶은데 왜 독수리로 태어나지 않았을까, 이생망이라는 생각을 자주 해. 그런 욕구불만을 충족시켜주는 게 번지점프랄까.",
      "TextConvert":"나 번지점프 무조건 가능이지. 가끔 나는 하늘을 날고 싶은데 왜 독수리로 태어나지 않았을까 이번 생은 망했다 라는 생각을 자주 해. 그런 욕구불만을 충족시켜주는 게 번지점프랄까.",
      "StartTime":59.93,
      "EndTime":71.29,
      "SpeakTime":11.36,
      "WordInfo":[
        {
          "Word":"쌉가능",
          "WordType":"속어",
          "WordStructure":"합성어",
          "WordDefine":" '완전' '매우' 등의 의미로 단어를 강조하는 접두어로 통용되는 쌉과 가능이라는 단어의 합성어로 완전 가능한 상태의 신조어",
          "WordFell":"긍정",
          "WordMean":"선의"
        },
        {
          "Word":"이생망",
          "WordType":"줄임말",
          "WordStructure":"축약어",
          "WordDefine":"이번 생은 망했다'를 줄여 이르는 말 / 주로 젊은 층에서 자조적으로 쓴다.",
          "WordFell":"부정",
          "WordMean":"싫어함"
        }
      ]
    },
    {
      "Speaker":"4095",
      "SpeakerText":"레게노. 너는 그냥 타고나길 높은 곳을 무서워하지 않는구나. 약간은 부럽다.",
      "TextConvert":"레전드. 너는 그냥 타고나길 높은 곳을 무서워하지 않는구나. 약간은 부럽다.",
      "StartTime":71.53,
      "EndTime":76.84,
      "SpeakTime":5.31,
      "WordInfo":[
        {
          "Word":"레게노",
          "WordType":"유행어",
          "WordStructure":"파생어",
          "WordDefine":"Legend'에서 파생 / 레전드를 뜻하는 인터넷 신조어. 초성으로 줄여 'ㄹㄱㄴ'라고 쓰이기도 한다.",
          "WordFell":"긍정",
          "WordMean":"선의"
        }
      ]
    },
    {
      "Speaker":"5095",
      "SpeakerText":"그런데 그런 거 극복하는 거 한순간 아니겠어? 내가 뒤에서 밀어줄 테니까 어서 가보자. 나 지금 드립아니야. 무야호.",
      "TextConvert":"그런데 그런 거 극복하는 거 한순간 아니겠어? 내가 뒤에서 밀어줄 테니까 어서 가보자. 나 지금 농담아니야. 와우.",
      "StartTime":77.13,
      "EndTime":84.29,
      "SpeakTime":7.16,
      "WordInfo":[
        {
          "Word":"드립",
          "WordType":"줄임말",
          "WordStructure":"파생어",
          "WordDefine":"애드립(Ad lib)의 줄임말에서 유래한 한국?인터넷 은어로, 농담의 뉘앙스가 있는 즉흥적 발언을 일컫는다.?",
          "WordFell":"중립",
          "WordMean":"감정없음"
        },
        {
          "Word":"무야호",
          "WordType":"유행어",
          "WordStructure":"기타",
          "WordDefine":"신난다'의 의미/ 예능 '무한도전'에서 유래된 말",
          "WordFell":"긍정",
          "WordMean":"좋음"
        }
      ]
    },
    {
      "Speaker":"4095",
      "SpeakerText":"반갈죽 당하고 싶어? 레알 그리고 그렇게 날고 싶으면 비행기나 타자. 나 제주도 가보고 싶어.",
      "TextConvert":"반으로 갈라서 죽임 당하고 싶어? 진짜 그리고 그렇게 날고 싶으면 비행기나 타자. 나 제주도 가보고 싶어.",
      "StartTime":85.23,
      "EndTime":91.54,
      "SpeakTime":6.31,
      "WordInfo":[
        {
          "Word":"반갈죽",
          "WordType":"줄임말",
          "WordStructure":"축약어",
          "WordDefine":"반으로 갈라져서 죽어'의 줄임말이다. 주된 용법은 반으로 갈라진 물체 혹은 반으로 갈라져서 사망한 인물이 반갈죽당했다고 드립치는 데 쓰인다.\n 혹은 짜증과 분노를 유발하는 대상을 반갈죽시켜버린다는 등 일종의 욕설처럼 쓰이기도 한다.",
          "WordFell":"부정",
          "WordMean":"싫어함"
        },
        {
          "Word":"레알",
          "WordType":"은어",
          "WordStructure":"파생어",
          "WordDefine":"REAL을 발음나는데로 읽은 표현 정말 진짜 라는 뜻을 더욱 강조하는 표현'",
          "WordFell":"중립",
          "WordMean":"감정없음"
        }
      ]
    },
    {
      "Speaker":"5095",
      "SpeakerText":"우리 급식충이라 운전도 못 하는데 제주도 가면 장소 이동하는데 시간 다 다 쓸걸?",
      "TextConvert":"우리 각종 민폐와 비행을 저지르는 미성년자라 운전도 못 하는데 제주도 가면 장소 이동하는데 시간 다 쓸걸?",
      "StartTime":91.93,
      "EndTime":96.79,
      "SpeakTime":4.86,
      "WordInfo":[
        {
          "Word":"급식충",
          "WordType":"속어",
          "WordStructure":"합성어",
          "WordDefine":"각종 민폐와 비행을 저지르는 미성년자를 비하하는 말",
          "WordFell":"부정",
          "WordMean":"싫어함"
        }
      ]
    },
    {
      "Speaker":"4095",
      "SpeakerText":"헐 여행의 재미를 모르는구나. 장소 찾아 이동하는 것도 결국 여행이야. 막 헤매는 거에 스트레스 받을 필요가 없어. 띵언 인정?",
      "TextConvert":"대박 여행의 재미를 모르는구나. 장소 찾아 이동하는 것도 결국 여행이야. 막 헤매는 거에 스트레스 받을 필요 없어. 명언 인정?",
      "StartTime":97.23,
      "EndTime":105.49,
      "SpeakTime":8.26,
      "WordInfo":[
        {
          "Word":"헐",
          "WordType":"유행어",
          "WordStructure":"기타",
          "WordDefine":"주로 황당한 상황에 닥쳤을 때 하는 감탄사로 쓰인다. / \"황당할 때, 화가 날 때, 짜증 날 때 등 다양한 상황에 쓸 수 있는 표현",
          "WordFell":"중립",
          "WordMean":"감정없음"
        },
        {
          "Word":"띵언",
          "WordType":"은어",
          "WordStructure":"파생어",
          "WordDefine":"명언에서 파생된 단어/\"명언\"의 장조",
          "WordFell":"긍정",
          "WordMean":"좋음"
        }
      ]
    },
    {
      "Speaker":"5095",
      "SpeakerText":"그런데 그때 경주로 수학여행 갔을 때는 오지게 징징거리지 않았냐?",
      "TextConvert":"그런데 그때 경주로 수학여행 갔을 때는 심하게 징징거리지 않았냐?",
      "StartTime":105.98,
      "EndTime":109.94,
      "SpeakTime":3.96,
      "WordInfo":[
        {
          "Word":"오지다",
          "WordType":"유행어",
          "WordStructure":"파생어",
          "WordDefine":"놀라거나 감탄할 때 사용하는 단어\"",
          "WordFell":"중립",
          "WordMean":"감정없음"
        }
      ]
    },
    {
      "Speaker":"4095",
      "SpeakerText":"내가 가고 싶은 곳 가는 거랑 노잼인 곳 억지로 끌려가는 거랑은 다르지. 첨성대인지 석굴암인지 내가 한국사에 무슨 관심이 있겠냐? 말넘심.",
      "TextConvert":"내가 가고 싶은 곳 가는 거랑 재미없는 곳 억지로 끌려가는 거랑은 다르지. 첨성대인지 석굴암인지 내가 한국사에 무슨 관심이 있겠냐? 말 너무 심하네.",
      "StartTime":110.43,
      "EndTime":119.74,
      "SpeakTime":9.31,
      "WordInfo":[
        {
          "Word":"노잼",
          "WordType":"유행어",
          "WordStructure":"합성어",
          "WordDefine":"무언가가 매우 재미없다는 의미의 인터넷 유행어. ",
          "WordFell":"부정",
          "WordMean":"싫어함"
        },
        {
          "Word":"말넘심",
          "WordType":"줄임말",
          "WordStructure":"축약어",
          "WordDefine":"말이?너무(넘)?심하다의?줄임말이다.",
          "WordFell":"부정",
          "WordMean":"싫어함"
        }
      ]
    },
    {
      "Speaker":"5095",
      "SpeakerText":"관심 없다면서 올 용케 외우고는 있네. 그래서 번지점프는 언제 할거야?",
      "TextConvert":"관심 없다면서 용하게 외우고는 있네. 그래서 번지점프는 언제 할거야?",
      "StartTime":120.18,
      "EndTime":124.64,
      "SpeakTime":4.46,
      "WordInfo":[
        {
          "Word":"용케",
          "WordType":"줄임말",
          "WordStructure":"축약어",
          "WordDefine":" '용하다'의 활용형인 '용하게'의 준말",
          "WordFell":"중립",
          "WordMean":"감정없음"
        }
      ]
    },
    {
      "Speaker":"4095",
      "SpeakerText":"은근슬쩍 묻어갈려고 하네? 한다고 말한 적 없다. 그냥 나는 찌질이로 살테니까 너 인생이나 잘 살아 오지라퍼야.",
      "TextConvert":"은근슬쩍 묻어갈려고 하네? 한다고 말한 적 없다. 그냥 나는 소속된 집단에 잘 적응하지 못하고 겉도는 사람으로 살테니까 너 인생이나 잘 살아 오지랖이 넓은 친구야.",
      "StartTime":125.03,
      "EndTime":132.04,
      "SpeakTime":7.01,
      "WordInfo":[
        {
          "Word":"찌질이",
          "WordType":"속어",
          "WordStructure":"기타",
          "WordDefine":"소속된 집단에 잘 적응하지 못하고 겉도는 사람을 속되게 이르는 말.",
          "WordFell":"부정",
          "WordMean":"싫어함"
        },
        {
          "Word":"오지라퍼",
          "WordType":"속어",
          "WordStructure":"파생어",
          "WordDefine":"오지랖이 넓은 사람을 신조어로 '오지라퍼(오지랖+er)'라고 부르기도 한다.",
          "WordFell":"부정",
          "WordMean":"싫어함"
        }
      ]
    }
  ]
}
