{
  "DataSet":"연령대별특징적발화음성",
  "Version":"1.0",
  "Date":"20220908",
  "MediaUrl":"단어/30대/35.일상/30_35_2082_220908_0101.wav",
  "Category":"30대",
  "SubCategory":"일상",
  "DialogPlace":"집",
  "DialogVoiceType":"독백",
  "SpeakerNumber":"1",
  "RecDevice":"스마트폰",
  "RecLen":3.748,
  "AudioResolution":{
    "BitDepth":"16bit",
    "SampleRate":"44.1kHz"
  },
  "Speakers":[
    {
      "Speaker":"2082",
      "Gender":"여성",
      "Locate":"충청",
      "AgeGroup":"30"
    }
  ],
  "Dialogs":[
    {
      "Speaker":"2082",
      "SpeakerText":"낄끼빠빠",
      "TextConvert":"낄 때 끼고 빠질 때 빠져라",
      "StartTime":1,
      "EndTime":2.748,
      "SpeakTime":1.748,
      "WordInfo":[
        {
          "Word":"낄끼빠빠",
          "WordType":"줄임말",
          "WordStructure":"축약어",
          "WordDefine":" '낄 때 끼고 빠질 때 빠져라'라는 뜻으로 분위기 파악을 잘하라는 뜻",
          "WordFell":"부정",
          "WordMean":"싫어함"
        }
      ]
    }
  ]
}
