{
  "DataSet":"연령대별특징적발화음성",
  "Version":"1.0",
  "Date":"20220829",
  "MediaUrl":"단어/30대/35.일상/30_35_2027_220829_0059.wav",
  "Category":"30대",
  "SubCategory":"일상",
  "DialogPlace":"사무실",
  "DialogVoiceType":"독백",
  "SpeakerNumber":"1",
  "RecDevice":"스마트폰",
  "RecLen":3.205,
  "AudioResolution":{
    "BitDepth":"16bit",
    "SampleRate":"44.1kHz"
  },
  "Speakers":[
    {
      "Speaker":"2027",
      "Gender":"남성",
      "Locate":"전라",
      "AgeGroup":"30"
    }
  ],
  "Dialogs":[
    {
      "Speaker":"2027",
      "SpeakerText":"고고싱",
      "TextConvert":"어서 시작하자",
      "StartTime":1,
      "EndTime":2.205,
      "SpeakTime":1.205,
      "WordInfo":[
        {
          "Word":"고고싱",
          "WordType":"유행어",
          "WordStructure":"합성어",
          "WordDefine":"2000년대 초반에 유행하기 시작한 인터넷 용어로, 보통 '어서 가자', '빨리 시작하자'라는 의미로 사용된다.",
          "WordFell":"중립",
          "WordMean":"감정없음"
        }
      ]
    }
  ]
}
