{
  "DataSet":"연령대별특징적발화음성",
  "Version":"1.0",
  "Date":"20220909",
  "MediaUrl":"단어/30대/35.일상/30_35_2086_220909_0048.wav",
  "Category":"30대",
  "SubCategory":"일상",
  "DialogPlace":"집",
  "DialogVoiceType":"독백",
  "SpeakerNumber":"1",
  "RecDevice":"스마트폰",
  "RecLen":3.438,
  "AudioResolution":{
    "BitDepth":"16bit",
    "SampleRate":"44.1kHz"
  },
  "Speakers":[
    {
      "Speaker":"2086",
      "Gender":"여성",
      "Locate":"경상",
      "AgeGroup":"30"
    }
  ],
  "Dialogs":[
    {
      "Speaker":"2086",
      "SpeakerText":"개취",
      "TextConvert":"개인적인 취향",
      "StartTime":1,
      "EndTime":2.438,
      "SpeakTime":1.438,
      "WordInfo":[
        {
          "Word":"개취",
          "WordType":"줄임말",
          "WordStructure":"축약어",
          "WordDefine":"개인의 취향의 줄임말",
          "WordFell":"중립",
          "WordMean":"감정없음"
        }
      ]
    }
  ]
}
