{
  "DataSet":"연령대별특징적발화음성",
  "Version":"1.0",
  "Date":"20221104",
  "MediaUrl":"대화/20대/25.음식/20_25_49345934_221104_0016.wav",
  "Category":"20대",
  "SubCategory":"음식",
  "DialogPlace":"집",
  "DialogVoiceType":"대면",
  "SpeakerNumber":"2",
  "RecDevice":"스마트폰",
  "RecLen":170.992,
  "AudioResolution":{
    "BitDepth":"16bit",
    "SampleRate":"44.1kHz"
  },
  "Speakers":[
    {
      "Speaker":"4934",
      "Gender":"여성",
      "Locate":"수도권",
      "AgeGroup":"20"
    },
    {
      "Speaker":"5934",
      "Gender":"남성",
      "Locate":"수도권",
      "AgeGroup":"20"
    }
  ],
  "Dialogs":[
    {
      "Speaker":"4934",
      "SpeakerText":"쉬는 날에 라면 끓여 먹는 것도 졸라 질리고, 그것만 아니면 죄다 꿀맛일 것 같아.",
      "TextConvert":"쉬는 날에 라면 끓여 먹는 것도 매우 질리고 그것만 아니면 죄다 정말 맛있는것 일 것 같아.",
      "StartTime":2.13,
      "EndTime":8.09,
      "SpeakTime":5.96,
      "WordInfo":[
        {
          "Word":"졸라",
          "WordType":"속어",
          "WordStructure":"기타",
          "WordDefine":"매우~, 너무~, 엄청~ 등 의 뜻으로 대상, 혹은 감정을 강조할 때 쓰이는 한국어의 비속어.",
          "WordFell":"중립",
          "WordMean":"감정없음"
        },
        {
          "Word":"꿀맛",
          "WordType":"유행어",
          "WordStructure":"합성어",
          "WordDefine":"꿀+맛 / 꿀처럼 맛있다, 정말 맛있다 라는 뜻",
          "WordFell":"긍정",
          "WordMean":"좋음"
        }
      ]
    },
    {
      "Speaker":"5934",
      "SpeakerText":"그래. 넌 라면을 넘나 많이 처묵처묵 하더라. 몸도 좀 생각해. 너 내년엔 서른이다.",
      "TextConvert":"그래. 넌 라면을 너무나 많이 음식을 게걸스럽게 먹는것 하더라. 몸도 좀 생각해. 너 내년엔 서른이다.",
      "StartTime":9.43,
      "EndTime":14.79,
      "SpeakTime":5.36,
      "WordInfo":[
        {
          "Word":"넘나",
          "WordType":"줄임말",
          "WordStructure":"축약어",
          "WordDefine":"너무나의 줄임말",
          "WordFell":"중립",
          "WordMean":"감정없음"
        },
        {
          "Word":"처묵처묵",
          "WordType":"속어",
          "WordStructure":"기타",
          "WordDefine":"처먹다'?에서 파생됨?'음식을 게걸스럽게, 혹은 복스럽게 먹는 모습'?을 극단적으로 표현하는?의태어.",
          "WordFell":"중립",
          "WordMean":"감정없음"
        }
      ]
    },
    {
      "Speaker":"4934",
      "SpeakerText":"그런데 예전에 방송을 보니까, 어떤 할아버지는 구십 평생 가까이를 세 끼 라면만 드셨다던데.",
      "TextConvert":"그런데 예전에 방송을 보니까 어떤 할아버지는 구십 평생 가까이를 세 끼 라면만 드셨다던데.",
      "StartTime":16.58,
      "EndTime":22.64,
      "SpeakTime":6.06,
      "WordInfo":null
    },
    {
      "Speaker":"5934",
      "SpeakerText":"개쩔더라. 어케 종일 라면만 드시고 살 수 있어? 몸이 존버해야 가능한 것 아닌가?",
      "TextConvert":"매우 대단하더라. 어떻게 종일 라면만 드시고 살 수 있어? 몸이 막연히 계속 버텨야 가능한 것 아닌가?",
      "StartTime":24.13,
      "EndTime":29.14,
      "SpeakTime":5.01,
      "WordInfo":[
        {
          "Word":"개쩐다",
          "WordType":"유행어",
          "WordStructure":"합성어",
          "WordDefine":"매우 대단하다의 강조표현",
          "WordFell":"긍정",
          "WordMean":"선의"
        },
        {
          "Word":"어케",
          "WordType":"줄임말",
          "WordStructure":"축약어",
          "WordDefine":"어떻게의 줄임말",
          "WordFell":"중립",
          "WordMean":"감정없음"
        },
        {
          "Word":"존버",
          "WordType":"속어",
          "WordStructure":"축약어",
          "WordDefine":"비속어'존나'+ '버티다'의 줄임말/끝까지 막연하게 버팀",
          "WordFell":"긍정",
          "WordMean":"선의"
        }
      ]
    },
    {
      "Speaker":"4934",
      "SpeakerText":"사람마다 체질이 다르니까, 그 할아버지에겐 라면이 뭣보다도 개꿀맛이었을테고 모든 라면 맛을 섭렵하셨겠지.",
      "TextConvert":"사람마다 체질이 다르니까 그 할아버지에겐 라면이 뭣보다도 정말 맛있었을테고 모든 라면 맛을 섭렵하셨겠지.",
      "StartTime":31.33,
      "EndTime":39.39,
      "SpeakTime":8.06,
      "WordInfo":[
        {
          "Word":"개꿀맛",
          "WordType":"유행어",
          "WordStructure":"합성어",
          "WordDefine":"개+꿀+맛 / 정말 맛있다의 강조 표현",
          "WordFell":"긍정",
          "WordMean":"좋음"
        }
      ]
    },
    {
      "Speaker":"5934",
      "SpeakerText":"그것도 아니더라고. 오로지 한 종류의 라면만 드시던데? 그래서 라면 회사에서 라면도 공급해 드렸지.",
      "TextConvert":"그것도 아니더라고. 오로지 한 종류의 라면만 드시던데? 그래서 라면 회사에서 라면도 공급해 드렸지.",
      "StartTime":40.88,
      "EndTime":47.09,
      "SpeakTime":6.21,
      "WordInfo":null
    },
    {
      "Speaker":"4934",
      "SpeakerText":"헐. 쩐다. 그런 일도 있었구나. 나는 그건 못할 것 같아. 아무리 라면이 좋아도 말이지.",
      "TextConvert":"헉. 엄청나다. 그런 일도 있었구나. 나는 그건 못할 것 같아. 아무리 라면이 좋아도 말이지.",
      "StartTime":48.83,
      "EndTime":54.14,
      "SpeakTime":5.31,
      "WordInfo":[
        {
          "Word":"헐",
          "WordType":"유행어",
          "WordStructure":"기타",
          "WordDefine":"주로 황당한 상황에 닥쳤을 때 하는 감탄사로 쓰인다. / \"황당할 때, 화가 날 때, 짜증 날 때 등 다양한 상황에 쓸 수 있는 표현",
          "WordFell":"중립",
          "WordMean":"감정없음"
        },
        {
          "Word":"쩐다",
          "WordType":"속어",
          "WordStructure":"파생어",
          "WordDefine":"엄청나다, 죽여준다, 대박이다라는 긍정적으로 쓸수도 있으나 반대로 부정적인 의미로도 쓸 수 있다. 예를 들어 너무 어이없을 때나 황당할때 쓰기도 한다.\n절다에서 파생된 말로 '쩔다', '쩐다', '쩔어'등으로 사용된다.",
          "WordFell":"중립",
          "WordMean":"감정없음"
        }
      ]
    },
    {
      "Speaker":"5934",
      "SpeakerText":"요즘 직딩들 런치플레이션 때문에 졸라 골때리나 보더라. 나는 뭐 편도를 사서 먹으니 상관 없지만 말이야.",
      "TextConvert":"요즘 직장인들 점심값이 비싸지는 사태 때문에 매우 머리가 아플 정도로 기가 막히나 보더라. 나는 뭐 편의점 도시락을 사서 먹으니 상관 없지만 말이야.",
      "StartTime":56.13,
      "EndTime":63.44,
      "SpeakTime":7.31,
      "WordInfo":[
        {
          "Word":"직딩",
          "WordType":"속어",
          "WordStructure":"기타",
          "WordDefine":"직장인'을 속되게 이르는 말.",
          "WordFell":"중립",
          "WordMean":"감정없음"
        },
        {
          "Word":"런치플레이션",
          "WordType":"은어",
          "WordStructure":"혼성어",
          "WordDefine":"점심(Lunch)+물가상승(Inflation) / 비싸진 점심값을 뜻하는 신조어",
          "WordFell":"부정",
          "WordMean":"싫어함"
        },
        {
          "Word":"졸라",
          "WordType":"속어",
          "WordStructure":"기타",
          "WordDefine":"매우~, 너무~, 엄청~ 등 의 뜻으로 대상, 혹은 감정을 강조할 때 쓰이는 한국어의 비속어.",
          "WordFell":"중립",
          "WordMean":"감정없음"
        },
        {
          "Word":"골때리다",
          "WordType":"속어",
          "WordStructure":"합성어",
          "WordDefine":"어처구니없이 행동하여 실소가 나오거나 골이 아플 지경이 되다. 젊은이들, 특히 학생들이 많이 쓰는 속어임.",
          "WordFell":"부정",
          "WordMean":"싫어함"
        },
        {
          "Word":"편도",
          "WordType":"줄임말",
          "WordStructure":"축약어",
          "WordDefine":"편의점 도시락의 준말",
          "WordFell":"중립",
          "WordMean":"감정없음"
        }
      ]
    },
    {
      "Speaker":"4934",
      "SpeakerText":"편도도 종류가 얼마나 다양한데? 아마 그거 때문에 편의점들이 편도 전쟁을 하나 싶더라고.",
      "TextConvert":"편의점 도시락도 종류가 얼마나 다양한데? 아마 그거 때문에 편의점들이 편의점 도시락 전쟁을 하나 싶더라고.",
      "StartTime":65.18,
      "EndTime":71.74,
      "SpeakTime":6.56,
      "WordInfo":[
        {
          "Word":"편도",
          "WordType":"줄임말",
          "WordStructure":"축약어",
          "WordDefine":"편의점 도시락의 준말",
          "WordFell":"중립",
          "WordMean":"감정없음"
        },
        {
          "Word":"편도",
          "WordType":"줄임말",
          "WordStructure":"축약어",
          "WordDefine":"편의점 도시락의 준말",
          "WordFell":"중립",
          "WordMean":"감정없음"
        }
      ]
    },
    {
      "Speaker":"5934",
      "SpeakerText":"하긴 메뉴 개발에 열라 바쁘겠지. 가성비가 좋더라고. 그리고 요즘 사무실엔 오피스브런치족들이 정말 많아.",
      "TextConvert":"하긴 메뉴 개발에 열나게 바쁘겠지. 가격 대비 성능비가 좋더라고. 그리고 요즘 사무실엔  브런치를 사무실에서 즐기는 직장인들이 정말 많아.",
      "StartTime":73.78,
      "EndTime":80.64,
      "SpeakTime":6.86,
      "WordInfo":[
        {
          "Word":"열라",
          "WordType":"줄임말",
          "WordStructure":"축약어",
          "WordDefine":"열나게의 줄임말",
          "WordFell":"중립",
          "WordMean":"감정없음"
        },
        {
          "Word":"가성비",
          "WordType":"줄임말",
          "WordStructure":"축약어",
          "WordDefine":"가격 대비 성능비'를 줄인말로써 지불한 가격에 비해 얼마나 성능(만족감)이 높은지를 의미하는 단어",
          "WordFell":"긍정",
          "WordMean":"선의"
        },
        {
          "Word":"오피스브런치족",
          "WordType":"줄임말",
          "WordStructure":"합성어",
          "WordDefine":"브런치는 블랙퍼스트(Breakfast)와 런치(Lunch)의 합성어로 \n우리말로는 이른 점심식사 정도로 표현할 수 있는 단어. \n오피스브런치족은 그러한 브런치를 사무실에서 즐기는 직장인들을 이르는 말이다.",
          "WordFell":"긍정",
          "WordMean":"선의"
        }
      ]
    },
    {
      "Speaker":"4934",
      "SpeakerText":"우리 사무실도 마찬가지거든. 그런데 또 한편으론 그렇게 편도 먹고 산책도 하는 워런치족도 제법 있어.",
      "TextConvert":"우리 사무실도 마찬가지거든. 그런데 또 한편으론 그렇게 편의점 도시락먹고 산책도 하는 점심시간에 걷기 운동 하는 직장인도 제법 있어.",
      "StartTime":82.13,
      "EndTime":91.99,
      "SpeakTime":9.86,
      "WordInfo":[
        {
          "Word":"편도",
          "WordType":"줄임말",
          "WordStructure":"축약어",
          "WordDefine":"편의점 도시락의 준말",
          "WordFell":"중립",
          "WordMean":"감정없음"
        },
        {
          "Word":"워런치족",
          "WordType":"은어",
          "WordStructure":"혼성어",
          "WordDefine":"워킹(Walking)과 점심(Lunch)의 합성어 / 점심시간을 이용해 걷기 운동을 하는 직장인을 가리킨다.",
          "WordFell":"긍정",
          "WordMean":"선의"
        }
      ]
    },
    {
      "Speaker":"5934",
      "SpeakerText":"너도 정크푸드 많이 먹는데, 먹고나서 운동도 좀 하고 그래라. 너네 사무실 워런치족들이랑 말이야.",
      "TextConvert":"너도 정크푸드 많이 먹는데 먹고나서 운동도 좀 하고 그래라. 너네 사무실 점심시간에 걷기 운동 하는 직장인들이랑 말이야.",
      "StartTime":93.58,
      "EndTime":99.54,
      "SpeakTime":5.96,
      "WordInfo":[
        {
          "Word":"워런치족",
          "WordType":"은어",
          "WordStructure":"혼성어",
          "WordDefine":"워킹(Walking)과 점심(Lunch)의 합성어 / 점심시간을 이용해 걷기 운동을 하는 직장인을 가리킨다.",
          "WordFell":"긍정",
          "WordMean":"선의"
        }
      ]
    },
    {
      "Speaker":"4934",
      "SpeakerText":"밥 먹고 산책하고나면 배가 금방 꺼진단 말이야. 그래서 나는 산책 못해.",
      "TextConvert":"밥 먹고 산책하고나면 배가 금방 꺼진단 말이야. 그래서 나는 산책 못해.",
      "StartTime":101.48,
      "EndTime":106.24,
      "SpeakTime":4.76,
      "WordInfo":null
    },
    {
      "Speaker":"5934",
      "SpeakerText":"어쭈? 개소리하고 자빠졌네. 그래놓구선 이십대인데 배가 나왔다고 그리 고민을 하냐?",
      "TextConvert":"어쭈? 헛소리하고 자빠졌네. 그래놓구선 이십대인데 배가 나왔다고 그리 고민을 하냐?",
      "StartTime":107.63,
      "EndTime":112.94,
      "SpeakTime":5.31,
      "WordInfo":[
        {
          "Word":"개소리",
          "WordType":"속어",
          "WordStructure":"합성어",
          "WordDefine":"개+소리, 헛소리",
          "WordFell":"부정",
          "WordMean":"싫어함"
        }
      ]
    },
    {
      "Speaker":"4934",
      "SpeakerText":"내 배는 뭐 나오고 싶어서 나오는 는건 아니거든? 밥 먹고 일을 곧장 하려고 하다보니까 그런거지 안그래?",
      "TextConvert":"내 배는 뭐 나오고 싶어서 나오는건 아니거든? 밥 먹고 일을 곧장 하려고 하다보니 그런거지 안그래?",
      "StartTime":115.33,
      "EndTime":123.09,
      "SpeakTime":7.76,
      "WordInfo":null
    },
    {
      "Speaker":"5934",
      "SpeakerText":"꿈보다 해몽이 좋군. 아무튼 인스턴트는 넘 많이 처묵처묵 하지 말라고. 나중에 후회하지 말고.",
      "TextConvert":"꿈보다 해몽이 좋군. 아무튼 인스턴트는 너무 많이 복스럽게 먹는 모습하는거 하지 말라고. 나중에 후회하지 말고.",
      "StartTime":124.53,
      "EndTime":130.039,
      "SpeakTime":5.509,
      "WordInfo":[
        {
          "Word":"넘",
          "WordType":"줄임말",
          "WordStructure":"축약어",
          "WordDefine":"너무'의 준말",
          "WordFell":"중립",
          "WordMean":"감정없음"
        },
        {
          "Word":"처묵처묵",
          "WordType":"속어",
          "WordStructure":"기타",
          "WordDefine":"처먹다'?에서 파생됨?'음식을 게걸스럽게, 혹은 복스럽게 먹는 모습'?을 극단적으로 표현하는?의태어.",
          "WordFell":"중립",
          "WordMean":"감정없음"
        }
      ]
    },
    {
      "Speaker":"4934",
      "SpeakerText":"그런 의미에서 오늘까지 연휴인데 뭘로 맛점을 해야 하나?",
      "TextConvert":"그런 의미에서 오늘까지 연휴인데 뭘로 맛있는 점심을 해야 하나?",
      "StartTime":132.08,
      "EndTime":135.64,
      "SpeakTime":3.56,
      "WordInfo":[
        {
          "Word":"맛점",
          "WordType":"줄임말",
          "WordStructure":"축약어",
          "WordDefine":"맛있는 점심의 줄임말",
          "WordFell":"긍정",
          "WordMean":"선의"
        }
      ]
    },
    {
      "Speaker":"5934",
      "SpeakerText":"설마 또 라면은 아닐거고, 간만에 너네 집에 왔으니 피 피맥이나 먹을까?",
      "TextConvert":"설마 또 라면은 아닐거고, 간만에 너네 집에 왔으니 피자와 맥주나 먹을까?",
      "StartTime":137.38,
      "EndTime":141.89,
      "SpeakTime":4.51,
      "WordInfo":[
        {
          "Word":"피맥",
          "WordType":"줄임말",
          "WordStructure":"축약어",
          "WordDefine":"피자와 맥주를 함께 먹는 것",
          "WordFell":"중립",
          "WordMean":"감정없음"
        }
      ]
    },
    {
      "Speaker":"4934",
      "SpeakerText":"무슨 점심부터 피맥이냐? 김떡순도 아니고. ",
      "TextConvert":"무슨 점심부터 피자와 맥주냐? 김밥 떡볶이 순대도 아니고. ",
      "StartTime":143.63,
      "EndTime":148.34,
      "SpeakTime":4.71,
      "WordInfo":[
        {
          "Word":"피맥",
          "WordType":"줄임말",
          "WordStructure":"축약어",
          "WordDefine":"피자와 맥주를 함께 먹는 것",
          "WordFell":"중립",
          "WordMean":"감정없음"
        },
        {
          "Word":"김떡순",
          "WordType":"줄임말",
          "WordStructure":"축약어",
          "WordDefine":"김밥 떡볶이 순대",
          "WordFell":"중립",
          "WordMean":"감정없음"
        }
      ]
    },
    {
      "Speaker":"5934",
      "SpeakerText":"내가 저녁은 밥을 안먹으니까, 이런 칼로리 높은 건 점심에 먹어야 해서 그렇거든. 너가 양보해라.",
      "TextConvert":"내가 저녁은 밥을 안먹으니까, 이런 칼로리 높은 건 점심에 먹어야 해서 그렇거든. 너가 양보해라.",
      "StartTime":150.23,
      "EndTime":155.79,
      "SpeakTime":5.56,
      "WordInfo":null
    },
    {
      "Speaker":"4934",
      "SpeakerText":"나더러 인스턴트 먹지마라 어쩌고 하더니, 대낮부터 참 너도 어이없 개어이없다 친구야.",
      "TextConvert":"나더러 인스턴트 먹지마라 어쩌고 하더니 대낮부터 참 너도 매우 어이없다 친구야.",
      "StartTime":158.08,
      "EndTime":164.09,
      "SpeakTime":6.01,
      "WordInfo":[
        {
          "Word":"개어이없다",
          "WordType":"유행어",
          "WordStructure":"합성어",
          "WordDefine":"어이없다의 강조 표현",
          "WordFell":"부정",
          "WordMean":"싫어함"
        }
      ]
    },
    {
      "Speaker":"5934",
      "SpeakerText":"너는 내가 와서 혼밥에 혼술 안하는 것만 해도 감사하라고. 오케바리?",
      "TextConvert":"너는 내가 와서 혼자 밥 먹기에 혼자 술 마시기 안하는 것만 해도 감사하라고 알았지?",
      "StartTime":166.18,
      "EndTime":170.09,
      "SpeakTime":3.91,
      "WordInfo":[
        {
          "Word":"혼밥",
          "WordType":"줄임말",
          "WordStructure":"축약어",
          "WordDefine":"혼자서 밥을 먹는 행위",
          "WordFell":"중립",
          "WordMean":"감정없음"
        },
        {
          "Word":"혼술",
          "WordType":"줄임말",
          "WordStructure":"축약어",
          "WordDefine":"혼자 술을 마시는 행위",
          "WordFell":"중립",
          "WordMean":"감정없음"
        },
        {
          "Word":"오케바리",
          "WordType":"은어",
          "WordStructure":"합성어",
          "WordDefine":"한국인이 자주쓰는 일본말. 이 오케바리는 일본어의 'おきまり(오키마리)' 에서 온 것으로 오키마리란 '결정'이란 의미로,\n 식당 같은 곳에서 음식주문을 받는다던지 할 때 '오키마리 데스까?' 라고 하면 '결정하셨습니까?' 라는 뜻으로 쓰이는 것인데 어쩌다 와전되어 오케바리가 된것이다.",
          "WordFell":"중립",
          "WordMean":"감정없음"
        }
      ]
    }
  ]
}
