{
  "DataSet":"연령대별특징적발화음성",
  "Version":"1.0",
  "Date":"20220925",
  "MediaUrl":"문장/30대/32.주거/30_32_3253_220925_0056.wav",
  "Category":"30대",
  "SubCategory":"주거",
  "DialogPlace":"집",
  "DialogVoiceType":"독백",
  "SpeakerNumber":"1",
  "RecDevice":"스마트폰",
  "RecLen":9.346,
  "AudioResolution":{
    "BitDepth":"16bit",
    "SampleRate":"44.1kHz"
  },
  "Speakers":[
    {
      "Speaker":"3253",
      "Gender":"여성",
      "Locate":"충청",
      "AgeGroup":"20"
    }
  ],
  "Dialogs":[
    {
      "Speaker":"3253",
      "SpeakerText":"집이 편세권이면 삼각김밥 먹고싶을 때 당장 잠옷 입고 뛰쳐나갈 수 있는 거리라서 행복이지!",
      "TextConvert":"집이 편의점이 근처에 있는 지역이면 삼각김밥 먹고싶을 때 당장 잠옷 입고 뛰쳐나갈 수 있는 거리라서 행복이지!",
      "StartTime":1,
      "EndTime":8.346,
      "SpeakTime":7.346,
      "WordInfo":[
        {
          "Word":"편세권",
          "WordType":"은어",
          "WordStructure":"혼성어",
          "WordDefine":"편의점에 가까이 있는 생활권'을 의미함",
          "WordFell":"중립",
          "WordMean":"감정없음"
        }
      ]
    }
  ]
}
