{
  "DataSet":"연령대별특징적발화음성",
  "Version":"1.0",
  "Date":"20220923",
  "MediaUrl":"문장/30대/33.경제/30_33_3743_220923_0084.wav",
  "Category":"30대",
  "SubCategory":"경제",
  "DialogPlace":"집",
  "DialogVoiceType":"독백",
  "SpeakerNumber":"1",
  "RecDevice":"스마트폰",
  "RecLen":8.085,
  "AudioResolution":{
    "BitDepth":"16bit",
    "SampleRate":"44.1kHz"
  },
  "Speakers":[
    {
      "Speaker":"3743",
      "Gender":"여성",
      "Locate":"수도권",
      "AgeGroup":"20"
    }
  ],
  "Dialogs":[
    {
      "Speaker":"3743",
      "SpeakerText":"요즘 뜨는 중에 희귀한 식물을 기르는 취미 생활로 돈을 벌 수 있는 식테크도 있대!",
      "TextConvert":"요즘 뜨는 중에 희귀한 식물을 기르는 취미 생활로 돈을 벌 수 있는 식물로 재테크하는 방법도 있대!",
      "StartTime":1,
      "EndTime":7.085,
      "SpeakTime":6.085,
      "WordInfo":[
        {
          "Word":"식테크",
          "WordType":"은어",
          "WordStructure":"혼성어",
          "WordDefine":"식물을 잘 키워 중고 거래 앱 등에서 비싼 값에 되파는 방식 / 식물+재테크",
          "WordFell":"중립",
          "WordMean":"감정없음"
        }
      ]
    }
  ]
}
