{
  "DataSet":"연령대별특징적발화음성",
  "Version":"1.0",
  "Date":"20220816",
  "MediaUrl":"단어/40대/42.주거/40_42_2014_220816_0042.wav",
  "Category":"40대",
  "SubCategory":"주거",
  "DialogPlace":"집",
  "DialogVoiceType":"독백",
  "SpeakerNumber":"1",
  "RecDevice":"스마트폰",
  "RecLen":3.763,
  "AudioResolution":{
    "BitDepth":"16bit",
    "SampleRate":"44.1kHz"
  },
  "Speakers":[
    {
      "Speaker":"2014",
      "Gender":"여성",
      "Locate":"수도권",
      "AgeGroup":"50"
    }
  ],
  "Dialogs":[
    {
      "Speaker":"2014",
      "SpeakerText":"아도치기",
      "TextConvert":"일정 단지의 모든 상가를 통매입 하는것",
      "StartTime":1,
      "EndTime":2.763,
      "SpeakTime":1.763,
      "WordInfo":[
        {
          "Word":"아도치기",
          "WordType":"은어",
          "WordStructure":"기타",
          "WordDefine":"일정한 단지의 상가를 모두 '통매입' 하는 것",
          "WordFell":"중립",
          "WordMean":"감정없음"
        }
      ]
    }
  ]
}
