{
  "DataSet":"연령대별특징적발화음성",
  "Version":"1.0",
  "Date":"20220904",
  "MediaUrl":"단어/40대/42.주거/40_42_2067_220904_0023.wav",
  "Category":"40대",
  "SubCategory":"주거",
  "DialogPlace":"집",
  "DialogVoiceType":"독백",
  "SpeakerNumber":"1",
  "RecDevice":"스마트폰",
  "RecLen":3.506,
  "AudioResolution":{
    "BitDepth":"16bit",
    "SampleRate":"44.1kHz"
  },
  "Speakers":[
    {
      "Speaker":"2067",
      "Gender":"남성",
      "Locate":"수도권",
      "AgeGroup":"30"
    }
  ],
  "Dialogs":[
    {
      "Speaker":"2067",
      "SpeakerText":"마용성",
      "TextConvert":"마포구 용산구 성동구",
      "StartTime":1,
      "EndTime":2.506,
      "SpeakTime":1.506,
      "WordInfo":[
        {
          "Word":"마용성",
          "WordType":"줄임말",
          "WordStructure":"축약어",
          "WordDefine":"서울특별시에 소재한 마포구, 용산구, 성동구의 첫 글자를 각각 따왔다.",
          "WordFell":"중립",
          "WordMean":"감정없음"
        }
      ]
    }
  ]
}
