{
  "DataSet":"연령대별특징적발화음성",
  "Version":"1.0",
  "Date":"20220901",
  "MediaUrl":"단어/40대/42.주거/40_42_2073_220901_0063.wav",
  "Category":"40대",
  "SubCategory":"주거",
  "DialogPlace":"집",
  "DialogVoiceType":"독백",
  "SpeakerNumber":"1",
  "RecDevice":"스마트폰",
  "RecLen":3.68,
  "AudioResolution":{
    "BitDepth":"16bit",
    "SampleRate":"44.1kHz"
  },
  "Speakers":[
    {
      "Speaker":"2073",
      "Gender":"여성",
      "Locate":"수도권",
      "AgeGroup":"30"
    }
  ],
  "Dialogs":[
    {
      "Speaker":"2073",
      "SpeakerText":"주세권",
      "TextConvert":"술한잔 하기 좋은 곳",
      "StartTime":1,
      "EndTime":2.68,
      "SpeakTime":1.68,
      "WordInfo":[
        {
          "Word":"주세권",
          "WordType":"은어",
          "WordStructure":"혼성어",
          "WordDefine":"술을 뜻하는 주(酒)+ 역세권'의 합성어 / 퇴근 후 술 한잔 하기 좋은 곳",
          "WordFell":"중립",
          "WordMean":"감정없음"
        }
      ]
    }
  ]
}
