{
  "DataSet":"연령대별특징적발화음성",
  "Version":"1.0",
  "Date":"20220907",
  "MediaUrl":"문장/30대/31.직장/30_31_3280_220907_0089.wav",
  "Category":"30대",
  "SubCategory":"직장",
  "DialogPlace":"집",
  "DialogVoiceType":"독백",
  "SpeakerNumber":"1",
  "RecDevice":"스마트폰",
  "RecLen":9.066,
  "AudioResolution":{
    "BitDepth":"16bit",
    "SampleRate":"44.1kHz"
  },
  "Speakers":[
    {
      "Speaker":"3280",
      "Gender":"남성",
      "Locate":"수도권",
      "AgeGroup":"40"
    }
  ],
  "Dialogs":[
    {
      "Speaker":"3280",
      "SpeakerText":"내가 오늘은 나토족이라는 단어를 알게 되었는데 말만하고 행동은 하지 않는 유형의 직장인이라는 뜻이야.",
      "TextConvert":"내가 오늘은 말만 하고 행동은 하지 않는 유형의 직장인이라는 단어를 알게 되었는데 말만하고 행동은 하지 않는 유형의 직장인이라는 뜻이야.",
      "StartTime":1,
      "EndTime":8.066,
      "SpeakTime":7.066,
      "WordInfo":[
        {
          "Word":"나토족",
          "WordType":"속어",
          "WordStructure":"기타",
          "WordDefine":"말만하고 행동은 하지 않는 유형의 직장인",
          "WordFell":"부정",
          "WordMean":"싫어함"
        }
      ]
    }
  ]
}
