{
  "DataSet":"연령대별특징적발화음성",
  "Version":"1.0",
  "Date":"20221007",
  "MediaUrl":"대화/30대/31.직장/30_31_41835183_221007_0017.wav",
  "Category":"30대",
  "SubCategory":"직장",
  "DialogPlace":"집",
  "DialogVoiceType":"음성통화",
  "SpeakerNumber":"2",
  "RecDevice":"스마트폰",
  "RecLen":140.783,
  "AudioResolution":{
    "BitDepth":"16bit",
    "SampleRate":"44.1kHz"
  },
  "Speakers":[
    {
      "Speaker":"4183",
      "Gender":"여성",
      "Locate":"수도권",
      "AgeGroup":"40"
    },
    {
      "Speaker":"5183",
      "Gender":"여성",
      "Locate":"충청",
      "AgeGroup":"40"
    }
  ],
  "Dialogs":[
    {
      "Speaker":"4183",
      "SpeakerText":"너 그 이야기 들어봤어? 영업부 부장 있잖아. 완전 월급루팡이래.",
      "TextConvert":"너 그 이야기 들어봤어? 영업부 부장 있잖아. 완전 직장에서 하는 일 없이 월급만 타 가는 직원이래.",
      "StartTime":1.08,
      "EndTime":5.24,
      "SpeakTime":4.16,
      "WordInfo":[
        {
          "Word":"월급루팡",
          "WordType":"속어",
          "WordStructure":"합성어",
          "WordDefine":"직장에서 하는 일 없이 월급만 타 가는 직원을 비유적으로 이르는 말.",
          "WordFell":"부정",
          "WordMean":"싫어함"
        }
      ]
    },
    {
      "Speaker":"5183",
      "SpeakerText":"월급루팡이라면 좋은거지. 그거 말고도 그 양반은 평소에 꼰대로 유명한 사람이었잖아.",
      "TextConvert":"직장에서 하는 일 없이 월급만 타 가는 직원이라면 좋은거지. 그거 말고도 그 양반은 평소에 늙은이로 유명한 사람이잖아.",
      "StartTime":5.63,
      "EndTime":11.69,
      "SpeakTime":6.06,
      "WordInfo":[
        {
          "Word":"월급루팡",
          "WordType":"속어",
          "WordStructure":"합성어",
          "WordDefine":"직장에서 하는 일 없이 월급만 타 가는 직원을 비유적으로 이르는 말.",
          "WordFell":"부정",
          "WordMean":"싫어함"
        },
        {
          "Word":"꼰대",
          "WordType":"속어",
          "WordStructure":"기타",
          "WordDefine":"늙은이', '선생님'을 속되게 이르는 말 ",
          "WordFell":"부정",
          "WordMean":"싫어함"
        }
      ]
    },
    {
      "Speaker":"4183",
      "SpeakerText":"그러니? 그런데 심지어 일과 생활의 균형은 안중에도 없고 자기 혼자 워커홀릭처럼 그런다네.",
      "TextConvert":"그러니? 그런데 심지어 일과 생활의 균형은 안중에도 없고 자기 혼자 가정이나 다른 것보다 일이 우선이어서 오로지 일에만 몰두하여 사는 사람처럼 그런다네.",
      "StartTime":12.13,
      "EndTime":17.94,
      "SpeakTime":5.81,
      "WordInfo":[
        {
          "Word":"워커홀릭",
          "WordType":"은어",
          "WordStructure":"합성어",
          "WordDefine":"가정이나 다른 것보다 일이 우선이어서 오로지 일에만 몰두하여 사는 사람을 뜻함",
          "WordFell":"부정",
          "WordMean":"싫어함"
        }
      ]
    },
    {
      "Speaker":"5183",
      "SpeakerText":"너무 어이가 없다. 일은 정말 못하면서 자기가 마도잡는 것처럼 하니. 진짜 개짜증나.",
      "TextConvert":"너무 어이가 없다. 일은 정말 못하면서 자기가 프로젝트를 주도해 끌고 가는 것처럼 하니. 진짜 엄청 짜증나",
      "StartTime":18.23,
      "EndTime":23.94,
      "SpeakTime":5.71,
      "WordInfo":[
        {
          "Word":"마도잡다",
          "WordType":"은어",
          "WordStructure":"파생어",
          "WordDefine":"누군가 프로젝트를 주도해 끌고 간다/\"마도\"는 \"마도구찌\"에서 나온 말로 \"창구\"라는 뜻을 가지고 있다",
          "WordFell":"긍정",
          "WordMean":"선의"
        },
        {
          "Word":"개짜증",
          "WordType":"유행어",
          "WordStructure":"합성어",
          "WordDefine":"매우 짜증난다의 강조 표현",
          "WordFell":"부정",
          "WordMean":"싫어함"
        }
      ]
    },
    {
      "Speaker":"4183",
      "SpeakerText":"그러니 우리 같은 직장인들은 못 견디고 이퇴백이 되거나 아님 쉼포족이 돼서 고생하는 거지.",
      "TextConvert":"그러니 우리 같은 직장인들은 못 견디고 이십대에 퇴직한 백수가 되거나 아님 쉬는 것을 포기한 사람들이 돼서 고생하는 거지.",
      "StartTime":24.83,
      "EndTime":30.54,
      "SpeakTime":5.71,
      "WordInfo":[
        {
          "Word":"이퇴백",
          "WordType":"줄임말",
          "WordStructure":"축약어",
          "WordDefine":"이십 대에 퇴직한 백수 /적성에 맞지 않는 등의 이유로 퇴사해 다시 백수가 된 사람을 뜻한다.",
          "WordFell":"부정",
          "WordMean":"싫어함"
        },
        {
          "Word":"쉼포족",
          "WordType":"은어",
          "WordStructure":"파생어",
          "WordDefine":"쉼을 포기한 사람/쉬지않고 일만 하는 사람을 일컫는 신조어",
          "WordFell":"중립",
          "WordMean":"감정없음"
        }
      ]
    },
    {
      "Speaker":"5183",
      "SpeakerText":"우리는 언제 파이어족이 되려나. 너 그게 뭔지는 알지?",
      "TextConvert":"우리는 언제 경제적인 독립으로 일찍 은퇴하는 사람이 되려나. 너 그게 뭔지는 알지?",
      "StartTime":30.88,
      "EndTime":34.44,
      "SpeakTime":3.56,
      "WordInfo":[
        {
          "Word":"파이어족",
          "WordType":"은어",
          "WordStructure":"축약어",
          "WordDefine":"경제적 독립+빠른 은퇴/ F(파인넨셜, 경제적) I(인디펜선스, 독립) R(리타이어, 은퇴) E(얼리, 빠르게)/경제적인 독립으로 일찍 은퇴하는 사람.",
          "WordFell":"중립",
          "WordMean":"감정없음"
        }
      ]
    },
    {
      "Speaker":"4183",
      "SpeakerText":"당연하지. 파이어족은 나한테도 워너비잖아. 그런데 여전히 우린 짜치는 중이지 않니?",
      "TextConvert":"당연하지. 경제적인 독립으로 일찍 은퇴하는 사람은 나한테도 닮고 싶은 사람이잖아. 그런데 여전히 우린 기대치에 못 미치는 중이지 않니?",
      "StartTime":34.88,
      "EndTime":40.24,
      "SpeakTime":5.36,
      "WordInfo":[
        {
          "Word":"파이어족",
          "WordType":"은어",
          "WordStructure":"축약어",
          "WordDefine":"경제적 독립+빠른 은퇴/ F(파인넨셜, 경제적) I(인디펜선스, 독립) R(리타이어, 은퇴) E(얼리, 빠르게)/경제적인 독립으로 일찍 은퇴하는 사람.",
          "WordFell":"중립",
          "WordMean":"감정없음"
        },
        {
          "Word":"워너비",
          "WordType":"유행어",
          "WordStructure":"파생어",
          "WordDefine":"닮고 싶은 사람을 뜻함 /외국에서는 주관 없이 외형이나 행동을 따라하는 사람 / wanna be 에서 파생됨",
          "WordFell":"긍정",
          "WordMean":"좋음"
        },
        {
          "Word":"짜치다",
          "WordType":"은어",
          "WordStructure":"파생어",
          "WordDefine":"쪼들리다의 경상도 방언/ 수준이 모자라거나 기대치에 미치지 못하는 경우/ 급이 없고 낮아서 후져보인다.",
          "WordFell":"부정",
          "WordMean":"싫어함"
        }
      ]
    },
    {
      "Speaker":"5183",
      "SpeakerText":"이 월급이라는게 쪼들리는게 당연한 거 아닌가? 이건 완전 데꼬보꼬거든. 워라밸은 꿈도 못 꾸지.",
      "TextConvert":"이 월급이라는게 쪼들리는게 당연한 거 아닌가? 이건 완전 울퉁불퉁이거든. 일과 생활의 균형은 꿈도 못 꾸지.",
      "StartTime":40.88,
      "EndTime":48.24,
      "SpeakTime":7.36,
      "WordInfo":[
        {
          "Word":"데꼬보꼬",
          "WordType":"은어",
          "WordStructure":"파생어",
          "WordDefine":" 주로 요소의 배치, 크기 등에 대비를 줄 때 사용한다. / 일반적으로 '평평하지 못하다''울퉁불퉁''매끄럽지 못하다''들쭉날쭉하다 ",
          "WordFell":"긍정",
          "WordMean":"선의"
        },
        {
          "Word":"워라밸",
          "WordType":"줄임말",
          "WordStructure":"혼성어",
          "WordDefine":"워크(work) & 라이프(life)+밸런스(balance)를 합친 단어/직장인들 사이에서 주로 쓰임/\"일과 생활의 균형\"",
          "WordFell":"긍정",
          "WordMean":"선의"
        }
      ]
    },
    {
      "Speaker":"4183",
      "SpeakerText":"뭐가 그렇게 데꼬보꼬라는거야? 넌 전보다 나아진 상태잖아.",
      "TextConvert":"뭐가 그렇게 울퉁불퉁이라는거야? 넌 전보다 나아진 상태잖아.",
      "StartTime":48.88,
      "EndTime":52.64,
      "SpeakTime":3.76,
      "WordInfo":[
        {
          "Word":"데꼬보꼬",
          "WordType":"은어",
          "WordStructure":"파생어",
          "WordDefine":" 주로 요소의 배치, 크기 등에 대비를 줄 때 사용한다. / 일반적으로 '평평하지 못하다''울퉁불퉁''매끄럽지 못하다''들쭉날쭉하다 ",
          "WordFell":"긍정",
          "WordMean":"선의"
        }
      ]
    },
    {
      "Speaker":"5183",
      "SpeakerText":"아냐, 보기만 그렇지. 정말 너나 나나 이태백, 삼태백이 아니라 성실한 직장인들이어서 그나마 다행이지.",
      "TextConvert":"아냐, 보기만 그렇지. 정말 너나 나나 이십대 태반이 백수, 삼십대 태반이 백수가 아니라 성실한 직장인들이어서 그나마 다행이지.",
      "StartTime":52.78,
      "EndTime":59.44,
      "SpeakTime":6.66,
      "WordInfo":[
        {
          "Word":"이태백",
          "WordType":"줄임말",
          "WordStructure":"축약어",
          "WordDefine":"이십 대 태반이 백수'의 줄임말",
          "WordFell":"부정",
          "WordMean":"싫어함"
        },
        {
          "Word":"삼태백",
          "WordType":"줄임말",
          "WordStructure":"축약어",
          "WordDefine":"삼십 대 태반이 백수'의 줄임말",
          "WordFell":"부정",
          "WordMean":"싫어함"
        }
      ]
    },
    {
      "Speaker":"4183",
      "SpeakerText":"뭔 소리야, 나도 여유만 되면 파이어족 되고 싶은 게 워너비인 사람이고, 취집하고픈 사람이었어.",
      "TextConvert":"뭔 소리야, 나도 여유만 되면 경제적인 독립으로 일찍 은퇴하는 사람 되고 싶은 게 닮고 싶은 사람이고, 취업 대신 시집하고픈 사람이었어.",
      "StartTime":60.08,
      "EndTime":65.84,
      "SpeakTime":5.76,
      "WordInfo":[
        {
          "Word":"파이어족",
          "WordType":"은어",
          "WordStructure":"축약어",
          "WordDefine":"경제적 독립+빠른 은퇴/ F(파인넨셜, 경제적) I(인디펜선스, 독립) R(리타이어, 은퇴) E(얼리, 빠르게)/경제적인 독립으로 일찍 은퇴하는 사람.",
          "WordFell":"중립",
          "WordMean":"감정없음"
        },
        {
          "Word":"워너비",
          "WordType":"유행어",
          "WordStructure":"파생어",
          "WordDefine":"닮고 싶은 사람을 뜻함 /외국에서는 주관 없이 외형이나 행동을 따라하는 사람 / wanna be 에서 파생됨",
          "WordFell":"긍정",
          "WordMean":"좋음"
        },
        {
          "Word":"취집",
          "WordType":"줄임말",
          "WordStructure":"축약어",
          "WordDefine":"취업 대신 시집'의 줄임말",
          "WordFell":"중립",
          "WordMean":"감정없음"
        }
      ]
    },
    {
      "Speaker":"5183",
      "SpeakerText":"취집이 웬 말이니. 너나 나나 엄청나게 일 잘하는 수준은 아니어도 나름 회사에서 인정받잖아.",
      "TextConvert":"취업 대신 시집이 웬 말이니. 너나 나나 엄청나게 일 잘하는 수준은 아니어도 나름 회사에서 인정받잖아.",
      "StartTime":66.38,
      "EndTime":72.39,
      "SpeakTime":6.01,
      "WordInfo":[
        {
          "Word":"취집",
          "WordType":"줄임말",
          "WordStructure":"축약어",
          "WordDefine":"취업 대신 시집'의 줄임말",
          "WordFell":"중립",
          "WordMean":"감정없음"
        }
      ]
    },
    {
      "Speaker":"4183",
      "SpeakerText":"그건 우리 착각이지. 정말 삼초땡들이 너무 많아서 가끔은 마음이 심란해져. 언제 사오정으로 몰릴지도 모르는 일이잖아.",
      "TextConvert":"그건 우리 착각이지. 정말 30대 초반이면 명예퇴직을 생각해야 한다가 너무 많아서 가끔은 마음이 심란해져. 언제 45세가 정년으로 몰릴지도 모르는 일이잖아.",
      "StartTime":73.13,
      "EndTime":81.14,
      "SpeakTime":8.01,
      "WordInfo":[
        {
          "Word":"삼초땡",
          "WordType":"속어",
          "WordStructure":"기타",
          "WordDefine":"30대 초반이면 명예퇴직을 생각해야 한다",
          "WordFell":"부정",
          "WordMean":"싫어함"
        },
        {
          "Word":"사오정",
          "WordType":"줄임말",
          "WordStructure":"축약어",
          "WordDefine":"45세가 정년이라는 말로 정년이 아닌데도 직장에서 내몰리는 40대",
          "WordFell":"부정",
          "WordMean":"싫어함"
        }
      ]
    },
    {
      "Speaker":"5183",
      "SpeakerText":"우린 최소한 삼초땡이나 사오정으로 내몰리지는 말자고,",
      "TextConvert":"우린 최소한 30대 초반이면 명예퇴직을 생각해야 한다나 45세가 정년으로 내몰리지는 말자고,",
      "StartTime":81.63,
      "EndTime":85.34,
      "SpeakTime":3.71,
      "WordInfo":[
        {
          "Word":"삼초땡",
          "WordType":"속어",
          "WordStructure":"기타",
          "WordDefine":"30대 초반이면 명예퇴직을 생각해야 한다",
          "WordFell":"부정",
          "WordMean":"싫어함"
        },
        {
          "Word":"사오정",
          "WordType":"줄임말",
          "WordStructure":"축약어",
          "WordDefine":"45세가 정년이라는 말로 정년이 아닌데도 직장에서 내몰리는 40대",
          "WordFell":"부정",
          "WordMean":"싫어함"
        }
      ]
    },
    {
      "Speaker":"4183",
      "SpeakerText":"그게 우리 마음대로 되니? 하긴 요즘 오죽하면 오륙도라는 말도 있더라고.",
      "TextConvert":"그게 우리 마음대로 되니? 하긴 요즘 오죽하면 56세까지 직장에 있으면 도둑이라는 말도 있더라고.",
      "StartTime":86.38,
      "EndTime":90.74,
      "SpeakTime":4.36,
      "WordInfo":[
        {
          "Word":"오륙도",
          "WordType":"줄임말",
          "WordStructure":"축약어",
          "WordDefine":"56세까지 직장에 있으면 도둑이라는 뜻으로 정년을 채우지 못하는 50대",
          "WordFell":"부정",
          "WordMean":"싫어함"
        }
      ]
    },
    {
      "Speaker":"5183",
      "SpeakerText":"그건 또 뭐래? 무슨 관광지 이름인가?",
      "TextConvert":"그건 또 뭐래? 무슨 관광지 이름인가?",
      "StartTime":91.33,
      "EndTime":93.79,
      "SpeakTime":2.46,
      "WordInfo":null
    },
    {
      "Speaker":"4183",
      "SpeakerText":"(56세)/(오십 육 세)까지 직장인으로 있으면 그건 완전 월급루팡 되는 것과 다를 바 없는 뜻이지.",
      "TextConvert":"56세까지 직장인으로 있으면 그건 완전 직장에서 하는 일 없이 월급만 타 가는 직원 되는 것과 다를 바 없는 뜻이지.",
      "StartTime":94.63,
      "EndTime":100.14,
      "SpeakTime":5.51,
      "WordInfo":[
        {
          "Word":"월급루팡",
          "WordType":"속어",
          "WordStructure":"합성어",
          "WordDefine":"직장에서 하는 일 없이 월급만 타 가는 직원을 비유적으로 이르는 말.",
          "WordFell":"부정",
          "WordMean":"싫어함"
        }
      ]
    },
    {
      "Speaker":"5183",
      "SpeakerText":"어떤 때엔 돌취생으로 돌아가고 싶어. 백수일 때가 좋았지.",
      "TextConvert":"어떤 때엔 돌아온 취업 준비생으로 돌아가고 싶어. 직업이 없는 사람일 때가 좋았지.",
      "StartTime":100.73,
      "EndTime":104.64,
      "SpeakTime":3.91,
      "WordInfo":[
        {
          "Word":"돌취생",
          "WordType":"줄임말",
          "WordStructure":"축약어",
          "WordDefine":"돌아온 취업준비생의 준말",
          "WordFell":"부정",
          "WordMean":"싫어함"
        },
        {
          "Word":"백수",
          "WordType":"은어",
          "WordStructure":"기타",
          "WordDefine":"만 19세 이상의 성인이면서?대학생,?대학원생,?병역 이행?중이 아닌 사람들 중에서 직업이 없는 사람들을 뜻하는 말\n",
          "WordFell":"부정",
          "WordMean":"싫어함"
        }
      ]
    },
    {
      "Speaker":"4183",
      "SpeakerText":"뻥치고 있네. 암튼 우린 코피스족이나 회의주의자는 되지 말자. 꼰대는 되지 말자는 말이야.",
      "TextConvert":"거짓말 하고 있네. 암튼 우린 커피전문점에서 휴대전화나 노트북 등을 이용해 업무를 보는 직장인이나 틈만 나면 별 의미 없이 미팅을 소집하는 상사나 선배직원은 되지 말자. 늙은이는 되지 말자는 말이야.",
      "StartTime":105.23,
      "EndTime":110.94,
      "SpeakTime":5.71,
      "WordInfo":[
        {
          "Word":"뻥",
          "WordType":"속어",
          "WordStructure":"파생어",
          "WordDefine":"거짓말을 속되게 이르는 말",
          "WordFell":"부정",
          "WordMean":"싫어함"
        },
        {
          "Word":"코피스족",
          "WordType":"은어",
          "WordStructure":"혼성어",
          "WordDefine":"커피전문점에서 휴대전화나 노트북 등을 이용해 업무를 보는 직장인",
          "WordFell":"중립",
          "WordMean":"감정없음"
        },
        {
          "Word":"회의주의자",
          "WordType":"유행어",
          "WordStructure":"파생어",
          "WordDefine":"틈만 나면 별 의미 없이 미팅을 소집하는 상사나 선배직원",
          "WordFell":"부정",
          "WordMean":"싫어함"
        },
        {
          "Word":"꼰대",
          "WordType":"속어",
          "WordStructure":"기타",
          "WordDefine":"늙은이', '선생님'을 속되게 이르는 말 ",
          "WordFell":"부정",
          "WordMean":"싫어함"
        }
      ]
    },
    {
      "Speaker":"5183",
      "SpeakerText":"요즘엔 고진감래 하는 애들이 많다고 하더라고.",
      "TextConvert":"요즘엔 고용해 주셔서 진짜 감사한데 집에 갈래 하는 애들이 많다고 하더라고.",
      "StartTime":111.63,
      "EndTime":114.79,
      "SpeakTime":3.16,
      "WordInfo":[
        {
          "Word":"고진감래",
          "WordType":"줄임말",
          "WordStructure":"축약어",
          "WordDefine":"고용해 주셔서 진짜 감사한데, 집에 갈래'의 줄임말",
          "WordFell":"부정",
          "WordMean":"싫어함"
        }
      ]
    },
    {
      "Speaker":"4183",
      "SpeakerText":"고진감래하고 회사를 나가는 것엔 당연히 이유가 있겠지. 그 중엔 환승이직 하는 애들도 있고 회사에서 암반수로 있다가 열 받으면 다시 백수로 돌아가는 거지.",
      "TextConvert":"고용해 주셔서 진짜 감사한데 집에 갈래 하고 회사를 나가는 것엔 당연히 이유가 있겠지. 그 중엔 환승해서 바로 이직하는 애들도 있고 회사에서 직장에서 눈에 띄지 않게 조용히 숨을 죽이고 있다가 열 받으면 다시 직업이 없는 사람으로 돌아가는 거지.",
      "StartTime":115.88,
      "EndTime":125.64,
      "SpeakTime":9.76,
      "WordInfo":[
        {
          "Word":"고진감래",
          "WordType":"줄임말",
          "WordStructure":"축약어",
          "WordDefine":"고용해 주셔서 진짜 감사한데, 집에 갈래'의 줄임말",
          "WordFell":"부정",
          "WordMean":"싫어함"
        },
        {
          "Word":"환승이직",
          "WordType":"은어",
          "WordStructure":"합성어",
          "WordDefine":"환승해서 바로 이직하는 사람/재직 중이다가 이직 성공해서바로 그만두고 바로 새 직장 들어가는 사람",
          "WordFell":"중립",
          "WordMean":"감정없음"
        },
        {
          "Word":"암반수",
          "WordType":"속어",
          "WordStructure":"기타",
          "WordDefine":"직장에서 눈에 띄지 않게 조용히 숨을 죽이고 있는 사람",
          "WordFell":"부정",
          "WordMean":"화남"
        },
        {
          "Word":"백수",
          "WordType":"은어",
          "WordStructure":"기타",
          "WordDefine":"만 19세 이상의 성인이면서?대학생,?대학원생,?병역 이행?중이 아닌 사람들 중에서 직업이 없는 사람들을 뜻하는 말\n",
          "WordFell":"부정",
          "WordMean":"싫어함"
        }
      ]
    },
    {
      "Speaker":"5183",
      "SpeakerText":"아무리 청백전 시대라고 하더라도 나는 다시는 장미족은 되고 싶지는 않네. 밥시간 다됬는데 이제 그만 일하러 가자.",
      "TextConvert":"아무리 청년 백수 전성 시대라고 하더라도 나는 다시는 장기간 미취업인 사람은 되고 싶지는 않네. 밥시간 다됬는데 이제 그만 일하러 가자.",
      "StartTime":126.18,
      "EndTime":134.04,
      "SpeakTime":7.86,
      "WordInfo":[
        {
          "Word":"청백전",
          "WordType":"줄임말",
          "WordStructure":"축약어",
          "WordDefine":"청년 백수 전성시대'의 줄임말",
          "WordFell":"부정",
          "WordMean":"싫어함"
        },
        {
          "Word":"장미족",
          "WordType":"속어",
          "WordStructure":"기타",
          "WordDefine":"장기간 미취업 상태에 있는 사람",
          "WordFell":"부정",
          "WordMean":"싫어함"
        }
      ]
    },
    {
      "Speaker":"4183",
      "SpeakerText":"그래 이제 일하러 가야겠지. 게으름 부리다가 또 혼날 수도 있으니까,",
      "TextConvert":"그래 이제 일하러 가야겠지. 게으름 부리다가 또 혼날 수도 있으니까,",
      "StartTime":134.43,
      "EndTime":138.44,
      "SpeakTime":4.01,
      "WordInfo":null
    }
  ]
}
