{
  "DataSet":"연령대별특징적발화음성",
  "Version":"1.0",
  "Date":"20221102",
  "MediaUrl":"대화/40대/44.일상/40_44_46205620_221102_0009.wav",
  "Category":"40대",
  "SubCategory":"일상",
  "DialogPlace":"집",
  "DialogVoiceType":"대면",
  "SpeakerNumber":"2",
  "RecDevice":"스마트폰",
  "RecLen":181.056,
  "AudioResolution":{
    "BitDepth":"16bit",
    "SampleRate":"44.1kHz"
  },
  "Speakers":[
    {
      "Speaker":"4620",
      "Gender":"여성",
      "Locate":"수도권",
      "AgeGroup":"20"
    },
    {
      "Speaker":"5620",
      "Gender":"여성",
      "Locate":"수도권",
      "AgeGroup":"50"
    }
  ],
  "Dialogs":[
    {
      "Speaker":"4620",
      "SpeakerText":"그 얘기 들었어? 우리 대학 선배가 회사에서 북어가 되고 잘렸대.",
      "TextConvert":"그 얘기 들었어? 우리 대학 선배가 회사에서 퇴직 당하지 않으려고 발버둥치고 남아 있다가 결국 퇴직금이나 위로금도 못받고 쫓겨난 사람이 되고 잘렸대.",
      "StartTime":0.78,
      "EndTime":5.59,
      "SpeakTime":4.81,
      "WordInfo":[
        {
          "Word":"북어",
          "WordType":"속어",
          "WordStructure":"기타",
          "WordDefine":"퇴직 당하지 않으려고 발버둥치고 남아 있다가 결국 퇴직금이나 위로금도 못받고 쫓겨난 사람",
          "WordFell":"부정",
          "WordMean":"싫어함"
        }
      ]
    },
    {
      "Speaker":"5620",
      "SpeakerText":"그 선배 완전 회방남 아니었나? 어쩌다가 그런 신세가 되신 거야?",
      "TextConvert":"그 선배 완전 회사 방침을 철저히 따르는 남자 아니었나? 어쩌다가 그런 신세가 되신 거야?",
      "StartTime":6.38,
      "EndTime":10.79,
      "SpeakTime":4.41,
      "WordInfo":[
        {
          "Word":"회방남",
          "WordType":"은어",
          "WordStructure":"기타",
          "WordDefine":"회사 방침을 철저히 따르는 남자",
          "WordFell":"중립",
          "WordMean":"감정없음"
        }
      ]
    },
    {
      "Speaker":"4620",
      "SpeakerText":"그러게 말이야. 마음이 무척 안좋아. 연락이라도 드려볼까 하는데 눈치없다고 생각하실까봐 고민이야. 넌씨눈이 되긴 싫거든.",
      "TextConvert":"그러게 말이야. 마음이 무척 안좋아. 연락이라도 드려볼까 하는데 눈치없다고 생각하실까봐 고민이야. 넌 시발 눈치도 없냐가 되긴 싫거든.",
      "StartTime":10.79,
      "EndTime":19.14,
      "SpeakTime":8.35,
      "WordInfo":[
        {
          "Word":"넌씨눈",
          "WordType":"속어",
          "WordStructure":"축약어",
          "WordDefine":"사회, 학교 등 일상생활에서 분위기나 상황을 파악하지 못하고 엉뚱한 언행을 하는 사람을 비하하는 표현.\n'넌 씨발 눈치도 없냐' 의 축약어",
          "WordFell":"부정",
          "WordMean":"싫어함"
        }
      ]
    },
    {
      "Speaker":"5620",
      "SpeakerText":"대학에 다닐 때도 언제나 히뜩한 아이디어들로 눈에 띄는 선배였는데 말이지.",
      "TextConvert":"대학에 다닐 때도 언제나 그동안 찾아보기 힘들었던 아이디어들로 눈에 띄는 선배였는데 말이지.",
      "StartTime":19.33,
      "EndTime":23.83,
      "SpeakTime":4.5,
      "WordInfo":[
        {
          "Word":"히뜩하다",
          "WordType":"은어",
          "WordStructure":"합성어",
          "WordDefine":"그동안 찾아보기 어려웠던 신박한 아이디어를 지칭하는 말",
          "WordFell":"중립",
          "WordMean":"감정없음"
        }
      ]
    },
    {
      "Speaker":"4620",
      "SpeakerText":"동감이야. 그래서 나도 그 선배 앞날이 언제나 창창할 거라고만 생각했었어. 이래서 십장생 해야되나 봐.",
      "TextConvert":"동감이야. 그래서 나도 그 선배 앞날이 언제나 창창할 거라고만 생각했었어. 이래서 십대들도 장차 백수가 되는 것을 생각 해야되나 봐.",
      "StartTime":23.83,
      "EndTime":31.54,
      "SpeakTime":7.71,
      "WordInfo":[
        {
          "Word":"십장생",
          "WordType":"줄임말",
          "WordStructure":"축약어",
          "WordDefine":"십대들도 장차 백수가 되는 것을 생각해야 한다'의 줄임말",
          "WordFell":"부정",
          "WordMean":"싫어함"
        }
      ]
    },
    {
      "Speaker":"5620",
      "SpeakerText":"그렇게 훌륭한 멘토는 잘리고 나토족들은 회사를 잘만 다니는 현실이라니.",
      "TextConvert":"그렇게 훌륭한 멘토는 잘리고 말만하고 행동은 하지 않는 유형의 직장인들은 회사를 잘만 다니는 현실이라니.",
      "StartTime":31.98,
      "EndTime":37.34,
      "SpeakTime":5.36,
      "WordInfo":[
        {
          "Word":"나토족",
          "WordType":"속어",
          "WordStructure":"기타",
          "WordDefine":"말만하고 행동은 하지 않는 유형의 직장인",
          "WordFell":"부정",
          "WordMean":"싫어함"
        }
      ]
    },
    {
      "Speaker":"4620",
      "SpeakerText":"사람 일 어떻게 될지 모르니까 나도 언젠가 반퇴세대가 될 거라는 자각은 하고 살아야겠어.",
      "TextConvert":"사람 일 어떻게 될지 모르니까 나도 언젠가 조기퇴직 후 경제활동을 지속하는 세대가 될 거라는 자각은 하고 살아야겠어.",
      "StartTime":37.58,
      "EndTime":43.39,
      "SpeakTime":5.81,
      "WordInfo":[
        {
          "Word":"반퇴세대",
          "WordType":"속어",
          "WordStructure":"기타",
          "WordDefine":"조기퇴직 후 경제활동을 지속하는 세대를 뜻함",
          "WordFell":"부정",
          "WordMean":"싫어함"
        }
      ]
    },
    {
      "Speaker":"5620",
      "SpeakerText":"우리 같은 직딩들은 언제나 긴장을 늦추지 않아야겠다는 생각이 드는군. 워라밸을 신경쓸 여유도 없으니 원 참.",
      "TextConvert":"우리 같은 직장인들은 언제나 긴장을 늦추지 않아야겠다는 생각이 드는군. 일과 생활의 균형을 신경쓸 여유도 없으니 원 참.",
      "StartTime":43.73,
      "EndTime":52.29,
      "SpeakTime":8.56,
      "WordInfo":[
        {
          "Word":"직딩",
          "WordType":"속어",
          "WordStructure":"기타",
          "WordDefine":"직장인'을 속되게 이르는 말.",
          "WordFell":"중립",
          "WordMean":"감정없음"
        },
        {
          "Word":"워라밸",
          "WordType":"줄임말",
          "WordStructure":"혼성어",
          "WordDefine":"워크(work) & 라이프(life)+밸런스(balance)를 합친 단어/직장인들 사이에서 주로 쓰임/\"일과 생활의 균형\"",
          "WordFell":"긍정",
          "WordMean":"선의"
        }
      ]
    },
    {
      "Speaker":"4620",
      "SpeakerText":"긴장 속에서 잘 버텨야지 뭐 어쩌겠어. 그래도 우리는 좀 나아. 요즘 완전 이구백이라잖나.",
      "TextConvert":"긴장 속에서 잘 버텨야지 뭐 어쩌겠어. 그래도 우리는 좀 나아. 요즘 완전 이십대 90%가 백수라잖나.",
      "StartTime":52.29,
      "EndTime":58.94,
      "SpeakTime":6.65,
      "WordInfo":[
        {
          "Word":"이구백",
          "WordType":"줄임말",
          "WordStructure":"축약어",
          "WordDefine":"이십대 90%가 백수'의 줄임말",
          "WordFell":"부정",
          "WordMean":"싫어함"
        }
      ]
    },
    {
      "Speaker":"5620",
      "SpeakerText":"이십대들이 안타깝기도 하지만 좀 더 적극적으로 일을 찾아다니면 자리가 없는 것도 아닐텐데 말이지. 먹고 살려면 귀차니즘을 좀 버려야 해.",
      "TextConvert":"이십대들이 안타깝기도 하지만 좀 더 적극적으로 일을 찾아다니면 자리가 없는 것도 아닐텐데 말이지. 먹고 살려면 귀찮음을 좀 버려야 해.",
      "StartTime":59.78,
      "EndTime":69.78,
      "SpeakTime":10,
      "WordInfo":[
        {
          "Word":"귀차니즘",
          "WordType":"유행어",
          "WordStructure":"합성어",
          "WordDefine":"1. 귀찮-이라는 국어 형용사 어간을 어근 삼아 영어 접미사 \"-ism\"을 붙여서 만든?신조어.?\r\n2. 게으름,귀찮음 ",
          "WordFell":"부정",
          "WordMean":"싫어함"
        }
      ]
    },
    {
      "Speaker":"4620",
      "SpeakerText":"그렇게 말하면 꼰대 소리 들을 수 있어. 조심하고 우리나 잘해보자고.",
      "TextConvert":"그렇게 말하면 늙은이 소리 들을 수 있어. 조심하고 우리나 잘해보자고.",
      "StartTime":69.78,
      "EndTime":74.64,
      "SpeakTime":4.86,
      "WordInfo":[
        {
          "Word":"꼰대",
          "WordType":"속어",
          "WordStructure":"기타",
          "WordDefine":"늙은이', '선생님'을 속되게 이르는 말 ",
          "WordFell":"부정",
          "WordMean":"싫어함"
        }
      ]
    },
    {
      "Speaker":"5620",
      "SpeakerText":"그나저나 그 선배 주잘알이었는데 말이지. 회사 안다녀도 먹고 살기에는 충분하지 않을까?",
      "TextConvert":"그나저나 그 선배 주식 잘 아는 사람이었는데 말이지. 회사 안다녀도 먹고 살기에는 충분하지 않을까?",
      "StartTime":74.64,
      "EndTime":80.64,
      "SpeakTime":6,
      "WordInfo":[
        {
          "Word":"주잘알",
          "WordType":"줄임말",
          "WordStructure":"축약어",
          "WordDefine":"주식 잘 아는 사람'의 준말",
          "WordFell":"중립",
          "WordMean":"감정없음"
        }
      ]
    },
    {
      "Speaker":"4620",
      "SpeakerText":"그랬어? 나는 몰랐는데. 나 같은 주린이와 비교가 안 될 정도로 엄청난 사람이었잖아?",
      "TextConvert":"그랬어? 나는 몰랐는데. 나 같은 주식 입문자와 비교가 안 될 정도로 엄청난 사람이었잖아?",
      "StartTime":80.64,
      "EndTime":86.49,
      "SpeakTime":5.85,
      "WordInfo":[
        {
          "Word":"주린이",
          "WordType":"은어",
          "WordStructure":"혼성어",
          "WordDefine":"주식+어린이/\"주식\"에 초보자를 뜻하는 \"어린이\"를 합성한 단어",
          "WordFell":"중립",
          "WordMean":"감정없음"
        }
      ]
    },
    {
      "Speaker":"5620",
      "SpeakerText":"주식 공부 핑계로 위로차 연락이라도 드려봐. 주식이든 재태크든 투자를 하지 않으면 철수저에서 벗어날 수가 없는 시대니까.",
      "TextConvert":"주식 공부 핑계로 위로차 연락이라도 드려봐. 주식이든 재태크든 투자를 하지 않으면 서민층에서 벗어날 수가 없는 시대니까.",
      "StartTime":86.88,
      "EndTime":95.59,
      "SpeakTime":8.71,
      "WordInfo":[
        {
          "Word":"철수저",
          "WordType":"줄임말",
          "WordStructure":"합성어",
          "WordDefine":"세번째로 낮은 등급의 금속 수저로, 한국에서는 중산층 자제 이상을 제외한 서민층 자제를 뜻하며, 앞에 있는 흙수저, 플라스틱수저보다 높고 평범을 상징하는 대표적인 말이다. ",
          "WordFell":"중립",
          "WordMean":"감정없음"
        }
      ]
    },
    {
      "Speaker":"4620",
      "SpeakerText":"그래볼까? 안그래도 타조세대가 되지 않으려면 여기서 노력을 좀 더 해야하지 않나 싶긴 했어.",
      "TextConvert":"그래볼까? 안그래도 노후생활에 대한 불안에 시달리면서도 마땅한 대책이 없어 자포자기 상태에 빠진 사람이 되지 않으려면 여기서 노력을 좀 더 해야하지 않나 싶긴 했어.",
      "StartTime":95.73,
      "EndTime":101.89,
      "SpeakTime":6.16,
      "WordInfo":[
        {
          "Word":"타조세대",
          "WordType":"유행어",
          "WordStructure":"파생어",
          "WordDefine":"노후생활에 대한 불안에 시달리면서도 마땅한 대책이 없어 자포자기 상태에 빠진 이들을 칭함 / 맹수가 다가오면 머리만 모래 속에 파묻는 타조에 비유",
          "WordFell":"부정",
          "WordMean":"싫어함"
        }
      ]
    },
    {
      "Speaker":"5620",
      "SpeakerText":"나도 당장 골프채 사고 싶은 뽐뿌가 밀려오는데 그럴 여유가 어디있나 싶어서 관뒀잖아.",
      "TextConvert":"나도 당장 골프채 사고 싶은 마음속에서 올라오는 충동적인 구매욕구가 밀려오는데 그럴 여유가 어디있나 싶어서 관뒀잖아.",
      "StartTime":102.28,
      "EndTime":108.64,
      "SpeakTime":6.36,
      "WordInfo":[
        {
          "Word":"뽐뿌",
          "WordType":"은어",
          "WordStructure":"파생어",
          "WordDefine":"영어 '펌프(Pump)'를 일본식 발음으로 읽은것으로 마음속에서 올라오는 충동적인 구매욕구를 말한다.",
          "WordFell":"중립",
          "WordMean":"감정없음"
        }
      ]
    },
    {
      "Speaker":"4620",
      "SpeakerText":"이렇게만 살 수는 없어. 어차피 벼락거지가 된다면 노력하다가 실패해서 되는 게 낫지. 아무것도 안 하다가 망할 수도 있는데 역시 뭐라도 해봐야지.",
      "TextConvert":"이렇게만 살 수는 없어. 어차피 가만히 있었는데 날벼락을 맞아 거지가 된다면 노력하다가 실패해서 되는 게 낫지. 아무것도 안 하다가 망할 수도 있는데 역시 뭐라도 해봐야지.",
      "StartTime":108.88,
      "EndTime":118.24,
      "SpeakTime":9.36,
      "WordInfo":[
        {
          "Word":"벼락거지",
          "WordType":"유행어",
          "WordStructure":"파생어",
          "WordDefine":"벼락부자'에서 파생 / 가만히 있었는데 날벼락을 맞아 거지가 된 것을 이르는 말.\n한순간에 벼락처럼 갑작스레 거지가 되었다.\n 벼락부자에 대응되는 단어이다.",
          "WordFell":"부정",
          "WordMean":"싫어함"
        }
      ]
    },
    {
      "Speaker":"5620",
      "SpeakerText":"그래 그렇게 해봐. 너 잘되면 나도 공부 좀 같이 해봐야겠다. 갑자기 떡상할지 누가 알아?",
      "TextConvert":"그래 그렇게 해봐. 너 잘되면 나도 공부 좀 같이 해봐야겠다. 갑자기 급상승할지 누가 알아?",
      "StartTime":118.53,
      "EndTime":124.74,
      "SpeakTime":6.21,
      "WordInfo":[
        {
          "Word":"떡상",
          "WordType":"은어",
          "WordStructure":"합성어",
          "WordDefine":"떡칠'을 의미하는 '떡'과 물건의 값이나 주가 등이 갑자기 큰 폭으로 오르는 것을 의미하는 '급상승'을 합쳐 만든 단어",
          "WordFell":"긍정",
          "WordMean":"좋음"
        }
      ]
    },
    {
      "Speaker":"4620",
      "SpeakerText":"맞는 말이야. 어차피 지금 가지고 있는 주식들은 다 바닥이야.",
      "TextConvert":"맞는 말이야. 어차피 지금 가지고 있는 주식들은 다 가격이 더 이상 떨어지기 어려운 아주 낮은 금액이야.",
      "StartTime":124.78,
      "EndTime":129.09,
      "SpeakTime":4.31,
      "WordInfo":[
        {
          "Word":"바닥",
          "WordType":"은어",
          "WordStructure":"파생어",
          "WordDefine":"가격이 더 이상 떨어지기 어려운 아주 낮은 금액을 뜻함",
          "WordFell":"부정",
          "WordMean":"싫어함"
        }
      ]
    },
    {
      "Speaker":"5620",
      "SpeakerText":"너 또 이상한 사이트에서 리또속 하지 말고 빨리 그 선배한테 연락해보는 게 어때.",
      "TextConvert":"너 또 이상한 사이트에서 댓글에 또 속지 말고 빨리 그 선배한테 연락해보는 게 어때.",
      "StartTime":129.63,
      "EndTime":135.63,
      "SpeakTime":6,
      "WordInfo":[
        {
          "Word":"리또속",
          "WordType":"줄임말",
          "WordStructure":"축약어",
          "WordDefine":"리플에게 또 속았다의 준말",
          "WordFell":"부정",
          "WordMean":"싫어함"
        }
      ]
    },
    {
      "Speaker":"4620",
      "SpeakerText":"그래 그래야겠어. 어디 한 번 다이아몬드수저가 되어보자고.",
      "TextConvert":"그래 그래야겠어. 어디 한 번 재벌 가문의 자제가 되어보자고.",
      "StartTime":135.63,
      "EndTime":139.79,
      "SpeakTime":4.16,
      "WordInfo":[
        {
          "Word":"다이아몬드수저",
          "WordType":"줄임말",
          "WordStructure":"합성어",
          "WordDefine":"다이아몬드+수저의 합성어 / 대한민국 상위 0.1% 이내에 드는 갑부나 재벌 가문의 자제를 일컫는다.",
          "WordFell":"긍정",
          "WordMean":"좋음"
        }
      ]
    },
    {
      "Speaker":"5620",
      "SpeakerText":"그런데 생각해보니 그 선배 안 좋은 일을 당하신 거잖아. 우리가 이래도 되나? 쌉소름이네.",
      "TextConvert":"그런데 생각해보니 그 선배 안 좋은 일을 당하신 거잖아. 우리가 이래도 되나? 완전 소름이네.",
      "StartTime":140.08,
      "EndTime":146.14,
      "SpeakTime":6.06,
      "WordInfo":[
        {
          "Word":"쌉소름",
          "WordType":"유행어",
          "WordStructure":"합성어",
          "WordDefine":"완전 소름이라는 뜻",
          "WordFell":"중립",
          "WordMean":"감정없음"
        }
      ]
    },
    {
      "Speaker":"4620",
      "SpeakerText":"생각해보니 그렇기도 하고. 너무 기회주의적으로 행동하는 거 아닌가 싶네.",
      "TextConvert":"생각해보니 그렇기도 하고. 너무 기회주의적으로 행동하는 거 아닌가 싶네.",
      "StartTime":146.38,
      "EndTime":151.24,
      "SpeakTime":4.86,
      "WordInfo":null
    },
    {
      "Speaker":"5620",
      "SpeakerText":"우리가 평소에 흉보는 오피스빌런들이랑 다를 게 뭐가 있나 싶어서 회의감이 든다.",
      "TextConvert":"우리가 평소에 흉보는 사내에서 직원들에게 나쁜말만 해대는 상사들이랑 다를 게 뭐가 있나 싶어서 회의감이 든다.",
      "StartTime":151.48,
      "EndTime":156.89,
      "SpeakTime":5.41,
      "WordInfo":[
        {
          "Word":"오피스빌런",
          "WordType":"줄임말",
          "WordStructure":"합성어",
          "WordDefine":"Office(사무실)'+Villain(악역)의 합성어 / 사내에서 민폐를 끼치는 직원이나 직원들에게 나쁜말만 해대는 상사를 뜻함",
          "WordFell":"부정",
          "WordMean":"싫어함"
        }
      ]
    },
    {
      "Speaker":"4620",
      "SpeakerText":"그래도 나중에 타조세대가 되는 것보다는 낫잖아.",
      "TextConvert":"그래도 나중에 노후생활에 대한 불안에 시달리면서도 마땅한 대책이 없어 자포자기 상태에 빠진 사람이 되는 것보다는 낫잖아.",
      "StartTime":156.98,
      "EndTime":160.09,
      "SpeakTime":3.11,
      "WordInfo":[
        {
          "Word":"타조세대",
          "WordType":"유행어",
          "WordStructure":"파생어",
          "WordDefine":"노후생활에 대한 불안에 시달리면서도 마땅한 대책이 없어 자포자기 상태에 빠진 이들을 칭함 / 맹수가 다가오면 머리만 모래 속에 파묻는 타조에 비유",
          "WordFell":"부정",
          "WordMean":"싫어함"
        }
      ]
    },
    {
      "Speaker":"5620",
      "SpeakerText":"그것도 그래. 나중에 우리 자식이 커서 갑통알이라고 아르바이트 하면서 고생하는 거 보기 싫어.",
      "TextConvert":"그것도 그래. 나중에 우리 자식이 커서 갑자기 통장을 보니 알바해야겠다 라고 아르바이트 하면서 고생하는 거 보기 싫어.",
      "StartTime":160.68,
      "EndTime":167.18,
      "SpeakTime":6.5,
      "WordInfo":[
        {
          "Word":"갑통알",
          "WordType":"은어",
          "WordStructure":"축약어",
          "WordDefine":"갑자기 통장을 보니 알바를 해야겠다",
          "WordFell":"부정",
          "WordMean":"싫어함"
        }
      ]
    },
    {
      "Speaker":"4620",
      "SpeakerText":"애들한테 넉넉하게 해주고 싶은 마음이야 모든 부모들이 다 똑같지. 우리도 매월 금융치료 당해봐서 알잖아.",
      "TextConvert":"애들한테 넉넉하게 해주고 싶은 마음이야 모든 부모들이 다 똑같지. 우리도 매월 돈으로 감정이나 마음을 치료 당해봐서 알잖아.",
      "StartTime":167.18,
      "EndTime":174.39,
      "SpeakTime":7.21,
      "WordInfo":[
        {
          "Word":"금융치료",
          "WordType":"줄임말",
          "WordStructure":"합성어",
          "WordDefine":"금융+ 치료 / 돈으로 감정이나 마음을 치료한다는 뜻을 지닌 신조어",
          "WordFell":"긍정",
          "WordMean":"좋음"
        }
      ]
    },
    {
      "Speaker":"5620",
      "SpeakerText":"먼솔이냐고 하기에는 너무나 공감이 되네. 열심히 살아야지 어쩌겠어.",
      "TextConvert":"무슨 소리냐고 하기에는 너무나 공감이 되네. 열심히 살아야지 어쩌겠어.",
      "StartTime":175.03,
      "EndTime":180.64,
      "SpeakTime":5.61,
      "WordInfo":[
        {
          "Word":"먼솔",
          "WordType":"유행어",
          "WordStructure":"축약어",
          "WordDefine":"무슨 소리'를 뜻하는 준말이자 유행어",
          "WordFell":"중립",
          "WordMean":"감정없음"
        }
      ]
    }
  ]
}
