{
  "DataSet":"연령대별특징적발화음성",
  "Version":"1.0",
  "Date":"20220908",
  "MediaUrl":"단어/20대/24.SNS/20_24_2054_220908_0149.wav",
  "Category":"20대",
  "SubCategory":"SNS",
  "DialogPlace":"집",
  "DialogVoiceType":"독백",
  "SpeakerNumber":"1",
  "RecDevice":"스마트폰",
  "RecLen":3.617,
  "AudioResolution":{
    "BitDepth":"16bit",
    "SampleRate":"44.1kHz"
  },
  "Speakers":[
    {
      "Speaker":"2054",
      "Gender":"여성",
      "Locate":"전라",
      "AgeGroup":"30"
    }
  ],
  "Dialogs":[
    {
      "Speaker":"2054",
      "SpeakerText":"먹튀",
      "TextConvert":"먹고 튀다",
      "StartTime":1,
      "EndTime":2.617,
      "SpeakTime":1.617,
      "WordInfo":[
        {
          "Word":"먹튀",
          "WordType":"줄임말",
          "WordStructure":"축약어",
          "WordDefine":"속어이자 약자의 일종으로, ‘먹고 튀다'의?준말이며 정당한 대가를 치르지 않거나 이익만 챙겨서 떠나는 경우를 말한다.",
          "WordFell":"부정",
          "WordMean":"싫어함"
        }
      ]
    }
  ]
}
