{
  "DataSet":"연령대별특징적발화음성",
  "Version":"1.0",
  "Date":"20220919",
  "MediaUrl":"단어/20대/24.SNS/20_24_2112_220919_0081.wav",
  "Category":"20대",
  "SubCategory":"SNS",
  "DialogPlace":"집",
  "DialogVoiceType":"독백",
  "SpeakerNumber":"1",
  "RecDevice":"스마트폰",
  "RecLen":3.89,
  "AudioResolution":{
    "BitDepth":"16bit",
    "SampleRate":"44.1kHz"
  },
  "Speakers":[
    {
      "Speaker":"2112",
      "Gender":"여성",
      "Locate":"수도권",
      "AgeGroup":"30"
    }
  ],
  "Dialogs":[
    {
      "Speaker":"2112",
      "SpeakerText":"당근",
      "TextConvert":"당연",
      "StartTime":1,
      "EndTime":2.89,
      "SpeakTime":1.89,
      "WordInfo":[
        {
          "Word":"당근",
          "WordType":"유행어",
          "WordStructure":"파생어",
          "WordDefine":"재미있게 말하거나 강조하여 말할 때, '당연하다'의 뜻으로 쓰는 말",
          "WordFell":"긍정",
          "WordMean":"좋음"
        }
      ]
    }
  ]
}
