{
  "DataSet":"연령대별특징적발화음성",
  "Version":"1.0",
  "Date":"20220901",
  "MediaUrl":"단어/20대/24.SNS/20_24_2059_220901_0137.wav",
  "Category":"20대",
  "SubCategory":"SNS",
  "DialogPlace":"집",
  "DialogVoiceType":"독백",
  "SpeakerNumber":"1",
  "RecDevice":"스마트폰",
  "RecLen":3.414,
  "AudioResolution":{
    "BitDepth":"16bit",
    "SampleRate":"44.1kHz"
  },
  "Speakers":[
    {
      "Speaker":"2059",
      "Gender":"여성",
      "Locate":"수도권",
      "AgeGroup":"30"
    }
  ],
  "Dialogs":[
    {
      "Speaker":"2059",
      "SpeakerText":"맞삭",
      "TextConvert":"서로 삭제",
      "StartTime":1,
      "EndTime":2.414,
      "SpeakTime":1.414,
      "WordInfo":[
        {
          "Word":"맞삭",
          "WordType":"줄임말",
          "WordStructure":"축약어",
          "WordDefine":"맞삭제의 줄임말/ 미니홈피나 메신저에서 서로 삭제함을 의미",
          "WordFell":"부정",
          "WordMean":"싫어함"
        }
      ]
    }
  ]
}
