{
  "DataSet":"연령대별특징적발화음성",
  "Version":"1.0",
  "Date":"20220907",
  "MediaUrl":"문장/10대/14.일상/10_14_3567_220907_0102.wav",
  "Category":"10대",
  "SubCategory":"일상",
  "DialogPlace":"집",
  "DialogVoiceType":"독백",
  "SpeakerNumber":"1",
  "RecDevice":"스마트폰",
  "RecLen":7.065,
  "AudioResolution":{
    "BitDepth":"16bit",
    "SampleRate":"44.1kHz"
  },
  "Speakers":[
    {
      "Speaker":"3567",
      "Gender":"여성",
      "Locate":"전라",
      "AgeGroup":"20"
    }
  ],
  "Dialogs":[
    {
      "Speaker":"3567",
      "SpeakerText":"요즘 드라마 남주 여주는 서로 그림체가 닮은 것 같아. 그래야 더 캐미가 살아서 그런가봐.",
      "TextConvert":"요즘 드라마 남주 여주는 서로 그림체가 닮은 것 같아. 그래야 더 어울리고 궁합이 살아서 그런가봐.",
      "StartTime":1,
      "EndTime":6.065,
      "SpeakTime":5.065,
      "WordInfo":[
        {
          "Word":"남주",
          "WordType":"줄임말",
          "WordStructure":"축약어",
          "WordDefine":"남자 주인공",
          "WordFell":"중립",
          "WordMean":"감정없음"
        },
        {
          "Word":"여주",
          "WordType":"줄임말",
          "WordStructure":"축약어",
          "WordDefine":"여자 주인공",
          "WordFell":"중립",
          "WordMean":"감정없음"
        },
        {
          "Word":"캐미",
          "WordType":"유행어",
          "WordStructure":"파생어",
          "WordDefine":"‘화학 반응’이란 뜻을 가진 chemistry의 줄인 말인 캐미(chemi)는 사람과 사람(주로 남녀)의 어울림, 궁합 등을 표현할 때 사용.",
          "WordFell":"긍정",
          "WordMean":"좋음"
        }
      ]
    }
  ]
}
