{
  "DataSet":"연령대별특징적발화음성",
  "Version":"1.0",
  "Date":"20220908",
  "MediaUrl":"문장/10대/11.게임/10_11_3482_220908_0034.wav",
  "Category":"10대",
  "SubCategory":"게임",
  "DialogPlace":"집",
  "DialogVoiceType":"독백",
  "SpeakerNumber":"1",
  "RecDevice":"스마트폰",
  "RecLen":16.234,
  "AudioResolution":{
    "BitDepth":"16bit",
    "SampleRate":"44.1kHz"
  },
  "Speakers":[
    {
      "Speaker":"3482",
      "Gender":"여성",
      "Locate":"전라",
      "AgeGroup":"30"
    }
  ],
  "Dialogs":[
    {
      "Speaker":"3482",
      "SpeakerText":"옛날에 크레이지 아케이드 할때 준비 완료 안누르고 있으면 애들이 엄청 강퇴 타령했었는데 내가 당하고 나면 오지게 기분 나쁜데 누가 준비 완료 안하고 있으면 나도 기다리고 있자니 화나긴 하더라.",
      "TextConvert":"옛날에 크레이지 아케이드 할때 준비 완료 안누르고 있으면 애들이 엄청 강제 퇴장 타령했었는데 내가 당하고 나면 심하게 기분 나쁜데 누가 준비 완료 안하고 있으면 나도 기다리고 있자니 화나긴 하더라.",
      "StartTime":1,
      "EndTime":15.234,
      "SpeakTime":14.234,
      "WordInfo":[
        {
          "Word":"강퇴",
          "WordType":"줄임말",
          "WordStructure":"축약어",
          "WordDefine":"인터넷·컴퓨터 통신의 대화방 등에서, 어떤 사람을 방에서 강제로 나가게 하는 것.",
          "WordFell":"부정",
          "WordMean":"싫어함"
        },
        {
          "Word":"오지다",
          "WordType":"유행어",
          "WordStructure":"파생어",
          "WordDefine":"놀라거나 감탄할 때 사용하는 단어\"",
          "WordFell":"중립",
          "WordMean":"감정없음"
        }
      ]
    }
  ]
}
