{
  "DataSet":"연령대별특징적발화음성",
  "Version":"1.0",
  "Date":"20221111",
  "MediaUrl":"대화/20대/24.SNS/20_24_48955895_221111_0017.wav",
  "Category":"20대",
  "SubCategory":"SNS",
  "DialogPlace":"집",
  "DialogVoiceType":"음성통화",
  "SpeakerNumber":"2",
  "RecDevice":"스마트폰",
  "RecLen":186.563,
  "AudioResolution":{
    "BitDepth":"16bit",
    "SampleRate":"44.1kHz"
  },
  "Speakers":[
    {
      "Speaker":"4895",
      "Gender":"여성",
      "Locate":"수도권",
      "AgeGroup":"10"
    },
    {
      "Speaker":"5895",
      "Gender":"여성",
      "Locate":"수도권",
      "AgeGroup":"20"
    }
  ],
  "Dialogs":[
    {
      "Speaker":"4895",
      "SpeakerText":"나는 아이돌 덕질을 놓을 수가 없는 사람인 것 같아. 정말이지 내 삶의 활력소야.",
      "TextConvert":"나는 아이돌 오타쿠 활동을 놓을 수가 없는 사람인 것 같아. 정말이지 내 삶의 활력소야.",
      "StartTime":0.63,
      "EndTime":5.89,
      "SpeakTime":5.26,
      "WordInfo":[
        {
          "Word":"덕질",
          "WordType":"은어",
          "WordStructure":"혼성어",
          "WordDefine":"한 분야에 열중하여 그와 관련된 것들을 모으거나 관련 활동을 하는 것.",
          "WordFell":"긍정",
          "WordMean":"좋음"
        }
      ]
    },
    {
      "Speaker":"5895",
      "SpeakerText":"네다씹이라고 말하고 싶지만 나도 그 마음이 뭔지 몰 알아서 그럴 수가 없네.",
      "TextConvert":"네 다음 오타쿠 라고 말하고 싶지만 나도 그 마음이 뭔지 알아서 그럴 수가 없네.",
      "StartTime":6.63,
      "EndTime":11.14,
      "SpeakTime":4.51,
      "WordInfo":[
        {
          "Word":"네다씹",
          "WordType":"줄임말",
          "WordStructure":"축약어",
          "WordDefine":"네 다음 씹덕후'의 줄임말\n상관 없는 게시판에 게시글로 서브컬쳐요소(애니메이션 미소녀 캐릭터, 게임 미소녀 캐릭터, 만화 미소녀 캐릭터)와 같은 사진을 올렸을 때 주로 사용됨",
          "WordFell":"부정",
          "WordMean":"싫어함"
        }
      ]
    },
    {
      "Speaker":"4895",
      "SpeakerText":"그렇지? 누군가를 좋아하는 일은 스스로에게도 큰 행복을 주는 것 같아. 난 요즘 여돌을 덕질중이야.",
      "TextConvert":"그렇지? 누군가를 좋아하는 일은 스스로에게도 큰 행복을 주는 것 같아. 난 요즘 여자아이돌을 오타쿠 활동중이야.",
      "StartTime":11.88,
      "EndTime":18.54,
      "SpeakTime":6.66,
      "WordInfo":[
        {
          "Word":"여돌",
          "WordType":"줄임말",
          "WordStructure":"축약어",
          "WordDefine":"여자 아이돌의 줄임말",
          "WordFell":"중립",
          "WordMean":"감정없음"
        },
        {
          "Word":"덕질",
          "WordType":"은어",
          "WordStructure":"혼성어",
          "WordDefine":"한 분야에 열중하여 그와 관련된 것들을 모으거나 관련 활동을 하는 것.",
          "WordFell":"긍정",
          "WordMean":"좋음"
        }
      ]
    },
    {
      "Speaker":"5895",
      "SpeakerText":"그게 정말이야? 너 항상 남돌만 덕질해왔었잖아. 이번엔 웬일이야?",
      "TextConvert":"그게 정말이야? 너 항상 남자아이돌만 오타쿠 활동 해왔었잖아. 이번엔 웬일이야?",
      "StartTime":19.08,
      "EndTime":23.64,
      "SpeakTime":4.56,
      "WordInfo":[
        {
          "Word":"남돌",
          "WordType":"줄임말",
          "WordStructure":"축약어",
          "WordDefine":"남자 아이돌의 줄임말",
          "WordFell":"중립",
          "WordMean":"감정없음"
        },
        {
          "Word":"덕질",
          "WordType":"은어",
          "WordStructure":"혼성어",
          "WordDefine":"한 분야에 열중하여 그와 관련된 것들을 모으거나 관련 활동을 하는 것.",
          "WordFell":"긍정",
          "WordMean":"좋음"
        }
      ]
    },
    {
      "Speaker":"4895",
      "SpeakerText":"멋진 언니들에게 크 걸크러쉬를 느꼈다고 할 수 있지. 요즘 매일 매일 언니들 사진을 보고 있어.",
      "TextConvert":"멋진 언니들에게 여성이 여성에게 환호하고 적극적으로 지지하는 마음을 느꼈다고 할 수 있지. 요즘 매일 매일 언니들 사진을 보고 있어.",
      "StartTime":24.58,
      "EndTime":31.44,
      "SpeakTime":6.86,
      "WordInfo":[
        {
          "Word":"걸크러쉬",
          "WordType":"유행어",
          "WordStructure":"합성어",
          "WordDefine":"여성이 여성에게 환호하고 적극적으로 지지하는 마음이나 그러한 현상으로 쓰이는 단어를 의미",
          "WordFell":"긍정",
          "WordMean":"좋음"
        }
      ]
    },
    {
      "Speaker":"5895",
      "SpeakerText":"어쩐지 요즘 스타일링이 바뀌었더라. 너 그 아이돌 손민수하고 있지?",
      "TextConvert":"어쩐지 요즘 스타일링이 바뀌었더라. 너 그 아이돌 따라하고 있지?",
      "StartTime":32.229,
      "EndTime":36.59,
      "SpeakTime":4.361,
      "WordInfo":[
        {
          "Word":"손민수",
          "WordType":"유행어",
          "WordStructure":"파생어",
          "WordDefine":"누군가를 따라하는 것을 이르는 말(행동, 말투, 패션, 소비 등) / 웹툰 '치즈인더트랩 '손민수'에서 비롯됨",
          "WordFell":"부정",
          "WordMean":"싫어함"
        }
      ]
    },
    {
      "Speaker":"4895",
      "SpeakerText":"역시 티가 나는구나. 그동안은 해연 위주로 사진 찾아보면서 그들의 스타일링을 참고했었거든.",
      "TextConvert":"역시 티가 나는구나. 그동안은 해외 연예인 위주로 사진 찾아보면서 그들의 스타일링을 참고했었거든.",
      "StartTime":37.23,
      "EndTime":44.94,
      "SpeakTime":7.71,
      "WordInfo":[
        {
          "Word":"해연",
          "WordType":"줄임말",
          "WordStructure":"축약어",
          "WordDefine":"해외 연예인의 줄임말",
          "WordFell":"중립",
          "WordMean":"감정없음"
        }
      ]
    },
    {
      "Speaker":"5895",
      "SpeakerText":"그정도 열정이면 너는 페북스타도 될 수 있겠다.",
      "TextConvert":"그정도 열정이면 너는 페이스북 유명인도 될 수 있겠다.",
      "StartTime":45.58,
      "EndTime":48.49,
      "SpeakTime":2.91,
      "WordInfo":[
        {
          "Word":"페북스타",
          "WordType":"줄임말",
          "WordStructure":"축약어",
          "WordDefine":"페이스북+스타' \n페이스북에서 유명한 사람들을 의미하며,\n 기존의 연예인이나 유명인이 아니라 페이스북 내에서 여러가지 기능(그룹,페이지,생방송 등) 등을 이용하여, 많은 좋아요/팔로어와 파급력을 가지게 된 사람들을 이야기한다.",
          "WordFell":"긍정",
          "WordMean":"좋음"
        }
      ]
    },
    {
      "Speaker":"4895",
      "SpeakerText":"안그래도 페이스북에서 활동하는 인플루언서들쯤은 내가 이길 수 있지 않나 생각해봤었어.",
      "TextConvert":"안그래도 페이스북에서 활동하는 타인에게 영향력을 끼치는 사람들쯤은 내가 이길 수 있지 않나 생각해봤었어.",
      "StartTime":49.43,
      "EndTime":55.64,
      "SpeakTime":6.21,
      "WordInfo":[
        {
          "Word":"인플루언서",
          "WordType":"은어",
          "WordStructure":"기타",
          "WordDefine":"타인에게 영향력을 끼치는 사람(Influence + er)이라는 뜻의 신조어",
          "WordFell":"중립",
          "WordMean":"감정없음"
        }
      ]
    },
    {
      "Speaker":"5895",
      "SpeakerText":"맞아맞아. 너 충분히 그럴 수 있어. 그 사람들 대부분 평타치던데 가뿐히 이길 수 있을 것 같아.",
      "TextConvert":"맞아맞아. 너 충분히 그럴 수 있어. 그 사람들 대부분 평균만 하던데 가뿐히 이길 수 있을 것 같아.",
      "StartTime":56.28,
      "EndTime":62.19,
      "SpeakTime":5.91,
      "WordInfo":[
        {
          "Word":"평타치",
          "WordType":"줄임말",
          "WordStructure":"혼성어",
          "WordDefine":"게임용어인 '평타'를 활용한 용어로 '평균은 한다' 라는 뜻",
          "WordFell":"중립",
          "WordMean":"감정없음"
        }
      ]
    },
    {
      "Speaker":"4895",
      "SpeakerText":"솔삐 요즘에는 사람 자체가 평범해도 본인을 어떻게 프레젠테이션하느냐에 따라서 유명세를 얻을 수도 있는 것 같아.",
      "TextConvert":"솔직히 요즘에는 사람 자체가 평범해도 본인을 어떻게 프레젠테이션하느냐에 따라서 유명세를 얻을 수도 있는 것 같아.",
      "StartTime":62.93,
      "EndTime":71.34,
      "SpeakTime":8.41,
      "WordInfo":[
        {
          "Word":"솔삐",
          "WordType":"은어",
          "WordStructure":"파생어",
          "WordDefine":"솔직히라는 의미로 사용되며 사투리의 변형이라는 설도 있으나 아직 정확한 어원은 알려진 바가 없다. \n예) 아 시험 끝나니까 솔삐 맘편하다.",
          "WordFell":"중립",
          "WordMean":"감정없음"
        }
      ]
    },
    {
      "Speaker":"5895",
      "SpeakerText":"그게 바로 매력이라는 것 아니겠어. 가면 갈수록 매력이 넘치는 힘숨찐들이 등장할지도 몰라.",
      "TextConvert":"그게 바로 매력이라는 것 아니겠어. 가면 갈수록 매력이 넘치는 힘을 숨긴 외로운 친구들이 등장할지도 몰라.",
      "StartTime":72.08,
      "EndTime":78.09,
      "SpeakTime":6.01,
      "WordInfo":[
        {
          "Word":"힘숨찐",
          "WordType":"줄임말",
          "WordStructure":"축약어",
          "WordDefine":"힘을 숨긴 찐따'/'겉으로 보기에 별 볼일 없는인물이 알고보면 강한힘을 가졌다'의 줄임말",
          "WordFell":"긍정",
          "WordMean":"선의"
        }
      ]
    },
    {
      "Speaker":"4895",
      "SpeakerText":"진짜 킹정한다. 그러기 전에 빨리 선수쳐야지 안되겠어.",
      "TextConvert":"진짜 인정한다. 그러기 전에 빨리 선수쳐야지 안되겠어.",
      "StartTime":78.63,
      "EndTime":82.54,
      "SpeakTime":3.91,
      "WordInfo":[
        {
          "Word":"킹정",
          "WordType":"은어",
          "WordStructure":"혼성어",
          "WordDefine":"킹정'은 'king'과 '인정'을 합친 신조어이다",
          "WordFell":"중립",
          "WordMean":"감정없음"
        }
      ]
    },
    {
      "Speaker":"5895",
      "SpeakerText":"유튜브도 시작해봐. 겟레디윗미 영상 찍어서 올리면 조회수 떡상할 수도 있어. 오케바리?",
      "TextConvert":"유튜브도 시작해봐. 스킨케어부터 메이크업, 옷 입는 것까지 자신의 준비 과정을 보여주는 영상 찍어서 올리면 조회수 급상승 할 수도 있어. 오케이?",
      "StartTime":83.08,
      "EndTime":89.89,
      "SpeakTime":6.81,
      "WordInfo":[
        {
          "Word":"겟레디윗미",
          "WordType":"속어",
          "WordStructure":"기타",
          "WordDefine":"해외 유튜버들이 사용한 뒤 국내 유튜버들까지 빈번하게 사용되고 있는 신조어.\n스킨케어부터 메이크업, 옷 입는 것까지 자신의 준비 과정을 보여줄 때를 표현하는 신조어.",
          "WordFell":"중립",
          "WordMean":"감정없음"
        },
        {
          "Word":"떡상",
          "WordType":"은어",
          "WordStructure":"합성어",
          "WordDefine":"떡칠'을 의미하는 '떡'과 물건의 값이나 주가 등이 갑자기 큰 폭으로 오르는 것을 의미하는 '급상승'을 합쳐 만든 단어",
          "WordFell":"긍정",
          "WordMean":"좋음"
        },
        {
          "Word":"오케바리",
          "WordType":"은어",
          "WordStructure":"합성어",
          "WordDefine":"한국인이 자주쓰는 일본말. 이 오케바리는 일본어의 'おきまり(오키마리)' 에서 온 것으로 오키마리란 '결정'이란 의미로,\n 식당 같은 곳에서 음식주문을 받는다던지 할 때 '오키마리 데스까?' 라고 하면 '결정하셨습니까?' 라는 뜻으로 쓰이는 것인데 어쩌다 와전되어 오케바리가 된것이다.",
          "WordFell":"중립",
          "WordMean":"감정없음"
        }
      ]
    },
    {
      "Speaker":"4895",
      "SpeakerText":"좋은 생각이다. 그렇게해서 유명해지면 내가 좋아하는 아이돌도 만날 수 있으려나?",
      "TextConvert":"좋은 생각이다. 그렇게해서 유명해지면 내가 좋아하는 아이돌도 만날 수 있으려나?",
      "StartTime":90.93,
      "EndTime":96.29,
      "SpeakTime":5.36,
      "WordInfo":null
    },
    {
      "Speaker":"5895",
      "SpeakerText":"그럴지도 모르지. 진짜 가슴이 웅장해진다. 나까지 기대되고 설레.",
      "TextConvert":"그럴지도 모르지. 진짜 가슴이 벅차오른다. 나까지 기대되고 설레.",
      "StartTime":96.88,
      "EndTime":101.49,
      "SpeakTime":4.61,
      "WordInfo":[
        {
          "Word":"가슴이웅장해진다",
          "WordType":"유행어",
          "WordStructure":"기타",
          "WordDefine":"가슴이 벅차오른다",
          "WordFell":"긍정",
          "WordMean":"좋음"
        }
      ]
    },
    {
      "Speaker":"4895",
      "SpeakerText":"너무 과몰입충 같긴 하지만 내가 좋아하는 아이돌을 만날 정도로 유명해진다면 꼭 대시해봐야겠어 겠다.",
      "TextConvert":"너무 필요 이상으로 과도하게 몰입하는 경우 같긴 하지만 내가 좋아하는 아이돌을 만날 정도로 유명해진다면 꼭 대시해봐야겠다.",
      "StartTime":102.53,
      "EndTime":109.69,
      "SpeakTime":7.16,
      "WordInfo":[
        {
          "Word":"과몰입충",
          "WordType":"속어",
          "WordStructure":"파생어",
          "WordDefine":"필요 이상으로 과도하게 몰입하는 경우에 사용되는 파생어이다. \n자기 자신에게 거의 영향이 가지 않는 일, 또는 타인에게 지나치게 감정을 몰입하는 상황을 나타내는 데 사용되기도 한다.\n혹은 본인의 일이라도 대다수의 사람들이 봤을 때 별 것 아닌 일에 과한 반응을 보일 때도 사용된다.",
          "WordFell":"부정",
          "WordMean":"싫어함"
        }
      ]
    },
    {
      "Speaker":"5895",
      "SpeakerText":"그거 완전 개이득이잖아. 상상을 아주 가지가지하게 한다.",
      "TextConvert":"그거 완전 엄청 이득이잖아. 상상을 아주 가지가지하게 한다.",
      "StartTime":111.13,
      "EndTime":114.84,
      "SpeakTime":3.71,
      "WordInfo":[
        {
          "Word":"개이득",
          "WordType":"속어",
          "WordStructure":"파생어",
          "WordDefine":"정말로라는 뜻으로도 쓰이는 접두사 개-와 이득이 함께 쓰인 파생어/ \"완전이득\"의 강조",
          "WordFell":"긍정",
          "WordMean":"좋음"
        }
      ]
    },
    {
      "Speaker":"4895",
      "SpeakerText":"내가 잘되면 너한테도 뽀찌 줄게. 그러니까 많은 응원 부탁한다. 오키?",
      "TextConvert":"내가 잘되면 너한테도 잘되서 얻은 돈 중 일부를 조금 나눠 줄게. 그러니까 많은 응원 부탁한다. 오케이?",
      "StartTime":115.78,
      "EndTime":121.04,
      "SpeakTime":5.26,
      "WordInfo":[
        {
          "Word":"뽀찌",
          "WordType":"은어",
          "WordStructure":"기타",
          "WordDefine":" 게임으로 딴 돈 중 일부를 조금 나눠주는 것을 말하는 은어",
          "WordFell":"중립",
          "WordMean":"감정없음"
        },
        {
          "Word":"오키",
          "WordType":"줄임말",
          "WordStructure":"축약어",
          "WordDefine":"오케이(Okay)'의 준말",
          "WordFell":"중립",
          "WordMean":"감정없음"
        }
      ]
    },
    {
      "Speaker":"5895",
      "SpeakerText":"그렇다면야 응원을 안 할 수가 없지. 꽃길만 걷기를 원 기원할게.",
      "TextConvert":"그렇다면야 응원을 안 할 수가 없지. 앞으로 좋은 일만 일어나기를 희망하고 기원할게.",
      "StartTime":121.63,
      "EndTime":125.69,
      "SpeakTime":4.06,
      "WordInfo":[
        {
          "Word":"꽃길",
          "WordType":"유행어",
          "WordStructure":"합성어",
          "WordDefine":"어떤 사람에게 앞으로 좋은 일만 일어나기를 희망한다는 의미로 사용됨",
          "WordFell":"긍정",
          "WordMean":"선의"
        }
      ]
    },
    {
      "Speaker":"4895",
      "SpeakerText":"고마워. 아이돌 이야기를 하다가 이렇게 미래 설계를 하게 되었네. 돌판에 있다보면 긍정적인 영향을 받기도 하나봐.",
      "TextConvert":"고마워. 아이돌 이야기를 하다가 이렇게 미래 설계를 하게 되었네. 아이돌판에 있다보면 긍정적인 영향을 받기도 하나봐.",
      "StartTime":126.23,
      "EndTime":134.04,
      "SpeakTime":7.81,
      "WordInfo":[
        {
          "Word":"돌판",
          "WordType":"줄임말",
          "WordStructure":"축약어",
          "WordDefine":"아이돌판의 줄임말",
          "WordFell":"중립",
          "WordMean":"감정없음"
        }
      ]
    },
    {
      "Speaker":"5895",
      "SpeakerText":"그런 거 같아. 뭐든 열정으로 움직이라고들 하잖아. 마음이 이끌리는대로 가다보면 뭐든 배울 게 있다니까. 레알이야.",
      "TextConvert":"그런 것 같아. 뭐든 열정으로 움직이라고들 하잖아. 마음이 이끌리는대로 가다보면 뭐든 배울 게 있다니까. 진짜야.",
      "StartTime":134.58,
      "EndTime":142.34,
      "SpeakTime":7.76,
      "WordInfo":[
        {
          "Word":"레알",
          "WordType":"은어",
          "WordStructure":"파생어",
          "WordDefine":"REAL을 발음나는데로 읽은 표현 정말 진짜 라는 뜻을 더욱 강조하는 표현'",
          "WordFell":"중립",
          "WordMean":"감정없음"
        }
      ]
    },
    {
      "Speaker":"4895",
      "SpeakerText":"맞아맞아. 같이 덕질할 친구가 더 있었으면 좋겠다. 서로서로 응원해주면서 덕질하면 너무 좋을 것 같아.",
      "TextConvert":"맞아맞아. 같이 오타쿠 활동할 친구가 더 있었으면 좋겠다. 서로서로 응원해주면서 오타쿠 활동하면 너무 좋을 것 같아.",
      "StartTime":143.13,
      "EndTime":150.84,
      "SpeakTime":7.71,
      "WordInfo":[
        {
          "Word":"덕질",
          "WordType":"은어",
          "WordStructure":"혼성어",
          "WordDefine":"한 분야에 열중하여 그와 관련된 것들을 모으거나 관련 활동을 하는 것.",
          "WordFell":"긍정",
          "WordMean":"좋음"
        },
        {
          "Word":"덕질",
          "WordType":"은어",
          "WordStructure":"혼성어",
          "WordDefine":"한 분야에 열중하여 그와 관련된 것들을 모으거나 관련 활동을 하는 것.",
          "WordFell":"긍정",
          "WordMean":"좋음"
        }
      ]
    },
    {
      "Speaker":"5895",
      "SpeakerText":"좋아하는 가수의 콘서트장 근처에서 또래가 있나 찾아볼까? 있으면 다가가서 칭구칭긔하자고 하게.",
      "TextConvert":"좋아하는 가수의 콘서트장 근처에서 또래가 있나 찾아볼까? 있으면 다가가서 친구하자고 하게.",
      "StartTime":151.93,
      "EndTime":158.59,
      "SpeakTime":6.66,
      "WordInfo":[
        {
          "Word":"칭구칭긔",
          "WordType":"은어",
          "WordStructure":"파생어",
          "WordDefine":"SNS에서 '친구'를 귀엽게 이르는 말.",
          "WordFell":"긍정",
          "WordMean":"좋음"
        }
      ]
    },
    {
      "Speaker":"4895",
      "SpeakerText":"그거 너무 커여운 생각이잖아? 근데 나쁘지 않을 것 같다. 한 번 해보자.",
      "TextConvert":"그거 너무 귀여운 생각이잖아? 근데 나쁘지 않을 것 같다. 한 번 해보자.",
      "StartTime":159.33,
      "EndTime":164.59,
      "SpeakTime":5.26,
      "WordInfo":[
        {
          "Word":"커엽다",
          "WordType":"은어",
          "WordStructure":"파생어",
          "WordDefine":"귀엽다'에서 파생된 단어/'귀엽다'의 강조",
          "WordFell":"긍정",
          "WordMean":"좋음"
        }
      ]
    },
    {
      "Speaker":"5895",
      "SpeakerText":"그렇게 해서 정말 친구를 사귀게 되면 어디가서 자랑할만 하겠다. 너무 독특한 경험이잖아.",
      "TextConvert":"그렇게 해서 정말 친구를 사귀게 되면 어디가서 자랑할만 하겠다. 너무 독특한 경험이잖아.",
      "StartTime":165.23,
      "EndTime":170.54,
      "SpeakTime":5.31,
      "WordInfo":null
    },
    {
      "Speaker":"4895",
      "SpeakerText":"그건 그런데 흔치 않은 일이라서 주작 소리도 듣겠다. 뭐 그만큼 특별한 추억이 될 것 같긴 해.",
      "TextConvert":"그건 그런데 흔치 않은 일이라서 조작 소리도 듣겠다. 뭐 그만큼 특별한 추억이 될 것 같긴 해.",
      "StartTime":171.18,
      "EndTime":178.44,
      "SpeakTime":7.26,
      "WordInfo":[
        {
          "Word":"주작",
          "WordType":"은어",
          "WordStructure":"파생어",
          "WordDefine":"?'조작'의 모음을 바꿔 2번 문단과 연관시킨 것.?",
          "WordFell":"부정",
          "WordMean":"싫어함"
        }
      ]
    },
    {
      "Speaker":"5895",
      "SpeakerText":"이러나저러나 친구만 사귈 수 있다면야. 그리고 믿기 어려울만한 이야깃거리가 생긴다면 오히려좋아.",
      "TextConvert":"이러나저러나 친구만 사귈 수 있다면야. 그리고 믿기 어려울만한 이야깃거리가 생긴다면 오히려좋아.",
      "StartTime":179.03,
      "EndTime":185.34,
      "SpeakTime":6.31,
      "WordInfo":null
    }
  ]
}
