{
  "DataSet":"연령대별특징적발화음성",
  "Version":"1.0",
  "Date":"20220919",
  "MediaUrl":"단어/20대/22.연애결혼/20_22_2126_220919_0070.wav",
  "Category":"20대",
  "SubCategory":"연애결혼",
  "DialogPlace":"집",
  "DialogVoiceType":"독백",
  "SpeakerNumber":"1",
  "RecDevice":"스마트폰",
  "RecLen":3.481,
  "AudioResolution":{
    "BitDepth":"16bit",
    "SampleRate":"44.1kHz"
  },
  "Speakers":[
    {
      "Speaker":"2126",
      "Gender":"여성",
      "Locate":"전라",
      "AgeGroup":"20"
    }
  ],
  "Dialogs":[
    {
      "Speaker":"2126",
      "SpeakerText":"얼짱",
      "TextConvert":"얼굴 최고",
      "StartTime":1,
      "EndTime":2.481,
      "SpeakTime":1.481,
      "WordInfo":[
        {
          "Word":"얼짱",
          "WordType":"줄임말",
          "WordStructure":"축약어",
          "WordDefine":"얼굴짱 (최고)의 줄임말. 장난조로 얼굴짱(커)나 얼굴짱나의 준말이라고도 한다.",
          "WordFell":"긍정",
          "WordMean":"좋음"
        }
      ]
    }
  ]
}
