{
  "DataSet":"연령대별특징적발화음성",
  "Version":"1.0",
  "Date":"20220901",
  "MediaUrl":"단어/20대/22.연애결혼/20_22_2055_220901_0020.wav",
  "Category":"20대",
  "SubCategory":"연애결혼",
  "DialogPlace":"집",
  "DialogVoiceType":"독백",
  "SpeakerNumber":"1",
  "RecDevice":"스마트폰",
  "RecLen":3.618,
  "AudioResolution":{
    "BitDepth":"16bit",
    "SampleRate":"44.1kHz"
  },
  "Speakers":[
    {
      "Speaker":"2055",
      "Gender":"여성",
      "Locate":"경상",
      "AgeGroup":"10"
    }
  ],
  "Dialogs":[
    {
      "Speaker":"2055",
      "SpeakerText":"꾸꾸꾸",
      "TextConvert":"꾸민듯 꾸민듯 꾸밈",
      "StartTime":1,
      "EndTime":2.618,
      "SpeakTime":1.618,
      "WordInfo":[
        {
          "Word":"꾸꾸꾸",
          "WordType":"줄임말",
          "WordStructure":"축약어",
          "WordDefine":"꾸민듯 꾸민듯 꾸밈, 꾸안꾸의 반대 / 꾸며도 꾸질꾸질",
          "WordFell":"중립",
          "WordMean":"감정없음"
        }
      ]
    }
  ]
}
