{
  "DataSet":"연령대별특징적발화음성",
  "Version":"1.0",
  "Date":"20220909",
  "MediaUrl":"단어/20대/22.연애결혼/20_22_2102_220909_0014.wav",
  "Category":"20대",
  "SubCategory":"연애결혼",
  "DialogPlace":"집",
  "DialogVoiceType":"독백",
  "SpeakerNumber":"1",
  "RecDevice":"스마트폰",
  "RecLen":3.676,
  "AudioResolution":{
    "BitDepth":"16bit",
    "SampleRate":"44.1kHz"
  },
  "Speakers":[
    {
      "Speaker":"2102",
      "Gender":"여성",
      "Locate":"수도권",
      "AgeGroup":"20"
    }
  ],
  "Dialogs":[
    {
      "Speaker":"2102",
      "SpeakerText":"금사빠",
      "TextConvert":"금방 사랑에 빠진다",
      "StartTime":1,
      "EndTime":2.676,
      "SpeakTime":1.676,
      "WordInfo":[
        {
          "Word":"금사빠",
          "WordType":"줄임말",
          "WordStructure":"축약어",
          "WordDefine":"금방 사랑에 빠진다'의 줄임말/ 그러한 상태 혹은 인물을 가리키는 축약어이자 신조어",
          "WordFell":"긍정",
          "WordMean":"좋음"
        }
      ]
    }
  ]
}
