{
  "DataSet":"연령대별특징적발화음성",
  "Version":"1.0",
  "Date":"20221128",
  "MediaUrl":"대화/20대/21.군대/20_21_69617961_221128_0012.wav",
  "Category":"20대",
  "SubCategory":"군대",
  "DialogPlace":"실내",
  "DialogVoiceType":"음성통화",
  "SpeakerNumber":"2",
  "RecDevice":"컴퓨터",
  "RecLen":191.676,
  "AudioResolution":{
    "BitDepth":"16bit",
    "SampleRate":"44.1kHz"
  },
  "Speakers":[
    {
      "Speaker":"6961",
      "Gender":"남성",
      "Locate":"수도권",
      "AgeGroup":"20"
    },
    {
      "Speaker":"7961",
      "Gender":"남성",
      "Locate":"충청",
      "AgeGroup":"30"
    }
  ],
  "Dialogs":[
    {
      "Speaker":"6961",
      "SpeakerText":"이병장님 식사 맛있게 하셨습니까?",
      "TextConvert":"이병장님 식사 맛있게 하셨습니까?",
      "StartTime":1.53,
      "EndTime":3.44,
      "SpeakTime":1.91,
      "WordInfo":null
    },
    {
      "Speaker":"7961",
      "SpeakerText":"아니 니는?",
      "TextConvert":"아니 니는?",
      "StartTime":4.38,
      "EndTime":5.64,
      "SpeakTime":1.26,
      "WordInfo":null
    },
    {
      "Speaker":"6961",
      "SpeakerText":"저도 노맛이라서 결식했습니다.",
      "TextConvert":"저도 맛이 없어서 결식했습니다.",
      "StartTime":6.78,
      "EndTime":8.64,
      "SpeakTime":1.86,
      "WordInfo":[
        {
          "Word":"노맛",
          "WordType":"줄임말",
          "WordStructure":"합성어",
          "WordDefine":"No+맛 의 합성어 / '맛이 없다'라는 뜼",
          "WordFell":"부정",
          "WordMean":"싫어함"
        }
      ]
    },
    {
      "Speaker":"7961",
      "SpeakerText":"그니까 이거 대대장한테 노맛인 메뉴 빼달라고 해야해.",
      "TextConvert":"그니까 이거 대대장한테 맛없는 메뉴 빼달라고 해야해.",
      "StartTime":9.68,
      "EndTime":13.69,
      "SpeakTime":4.01,
      "WordInfo":[
        {
          "Word":"노맛",
          "WordType":"줄임말",
          "WordStructure":"합성어",
          "WordDefine":"No+맛 의 합성어 / '맛이 없다'라는 뜼",
          "WordFell":"부정",
          "WordMean":"싫어함"
        }
      ]
    },
    {
      "Speaker":"6961",
      "SpeakerText":"에이 빼주겠습니까? ",
      "TextConvert":"에이 빼주겠습니까? ",
      "StartTime":14.68,
      "EndTime":16.09,
      "SpeakTime":1.41,
      "WordInfo":null
    },
    {
      "Speaker":"7961",
      "SpeakerText":"하긴 그렇지.",
      "TextConvert":"하긴 그렇지.",
      "StartTime":16.98,
      "EndTime":17.94,
      "SpeakTime":0.96,
      "WordInfo":null
    },
    {
      "Speaker":"6961",
      "SpeakerText":"아 오늘 당직사관 누구입니까?",
      "TextConvert":"아 오늘 당직사관 누구입니까?",
      "StartTime":19.13,
      "EndTime":20.84,
      "SpeakTime":1.71,
      "WordInfo":null
    },
    {
      "Speaker":"7961",
      "SpeakerText":"서상뱀일걸? 왜?",
      "TextConvert":"서상병일걸? 왜?",
      "StartTime":21.73,
      "EndTime":23.14,
      "SpeakTime":1.41,
      "WordInfo":[
        {
          "Word":"뱀",
          "WordType":"은어",
          "WordStructure":"기타",
          "WordDefine":"병장을 짧게 부르는 말. ",
          "WordFell":"중립",
          "WordMean":"감정없음"
        }
      ]
    },
    {
      "Speaker":"6961",
      "SpeakerText":"아 제가 해도 되겠습니까? 일말상초 무섭습니다. 여친이 화가 많이 났습니다.",
      "TextConvert":"아 제가 해도 되겠습니까? 일병 말에서 상병 초반이면 사회에 두고 온 연인과 헤어질 가능성이 높다고 하기 때문에 무섭습니다. 여자친구가 화가 많이 났습니다.",
      "StartTime":24.13,
      "EndTime":29.14,
      "SpeakTime":5.01,
      "WordInfo":[
        {
          "Word":"일말상초",
          "WordType":"줄임말",
          "WordStructure":"축약어",
          "WordDefine":" 일병 말에서 상병 초반에(즉 군대 들어온 지 대략 8~11개월쯤에) \n사회에 두고 온 교제 중인 연인과 헤어질 위기에 처할 가능성이 높다.",
          "WordFell":"부정",
          "WordMean":"싫어함"
        },
        {
          "Word":"여친",
          "WordType":"줄임말",
          "WordStructure":"축약어",
          "WordDefine":"여자친구의 줄임말",
          "WordFell":"중립",
          "WordMean":"감정없음"
        }
      ]
    },
    {
      "Speaker":"7961",
      "SpeakerText":"일과시간에 싸지방 가던가 내가 보내줄게.",
      "TextConvert":"일과시간에 사이버 지식 정보방 가던가 내가 보내줄게.",
      "StartTime":30.58,
      "EndTime":33.19,
      "SpeakTime":2.61,
      "WordInfo":[
        {
          "Word":"싸지방",
          "WordType":"줄임말",
          "WordStructure":"축약어",
          "WordDefine":"사이버 지식 정보방의 준말.",
          "WordFell":"중립",
          "WordMean":"감정없음"
        }
      ]
    },
    {
      "Speaker":"6961",
      "SpeakerText":"와 감사합니다 이병장님.",
      "TextConvert":"와 감사합니다. 이병장님.",
      "StartTime":34.68,
      "EndTime":36.24,
      "SpeakTime":1.56,
      "WordInfo":null
    },
    {
      "Speaker":"7961",
      "SpeakerText":"나는 나가서 많이 하면 되니까 니들 많이해라.",
      "TextConvert":"나는 나가서 많이 하면 되니까 니들 많이해라.",
      "StartTime":37.18,
      "EndTime":41.34,
      "SpeakTime":4.16,
      "WordInfo":null
    },
    {
      "Speaker":"6961",
      "SpeakerText":"이제 곧 전역 아니십니까? 부럽습니다. (50일)/(오십 일) 남으셨나?",
      "TextConvert":"이제 곧 전역 아니십니까? 부럽습니다. 50일 남으셨나?",
      "StartTime":42.48,
      "EndTime":45.94,
      "SpeakTime":3.46,
      "WordInfo":null
    },
    {
      "Speaker":"7961",
      "SpeakerText":"원래 (35일)/(삼십 오 일) 남았는데 풀창 갔다와서 늘어났잖아.",
      "TextConvert":"원래 35일 남았는데 영창 징계 최대치 갔다와서 늘어났잖아.",
      "StartTime":47.03,
      "EndTime":50.49,
      "SpeakTime":3.46,
      "WordInfo":[
        {
          "Word":"풀창",
          "WordType":"은어",
          "WordStructure":"혼성어",
          "WordDefine":"영창 징계를 최대치인 14박 15일 갔다오는 것. \n주로 구타 및 가혹행위나 하극상, 성군기 위반 등이 대부분. '풀창'이라고도 한다.",
          "WordFell":"부정",
          "WordMean":"싫어함"
        }
      ]
    },
    {
      "Speaker":"6961",
      "SpeakerText":"아 맞다 긁히셨지.",
      "TextConvert":"아 맞다. 마음의 편지로 고발 당하셨지.",
      "StartTime":51.38,
      "EndTime":53.14,
      "SpeakTime":1.76,
      "WordInfo":[
        {
          "Word":"긁다",
          "WordType":"은어",
          "WordStructure":"기타",
          "WordDefine":"군대은어 / 군대 내에 있는 '마음의 편지'로 부조리를 고발하는것",
          "WordFell":"부정",
          "WordMean":"싫어함"
        }
      ]
    },
    {
      "Speaker":"7961",
      "SpeakerText":"존나 억울해 죽겠다. 그린캠프 갔다온 애한테 잘못 걸려가지고.",
      "TextConvert":"엄청 억울해 죽겠다. 그린캠프 갔다온 애한테 잘못 걸려가지고 ",
      "StartTime":54.13,
      "EndTime":59.34,
      "SpeakTime":5.21,
      "WordInfo":[
        {
          "Word":"존나",
          "WordType":"속어",
          "WordStructure":"기타",
          "WordDefine":"매우~, 너무~, 엄청~ 등 의 뜻으로 대상, 혹은 감정을 강조할 때 쓰이는 한국어의 비속어.",
          "WordFell":"중립",
          "WordMean":"감정없음"
        }
      ]
    },
    {
      "Speaker":"6961",
      "SpeakerText":"근데 이병장님이 하이바 씌우고 머리 때리셨지 않습니까.",
      "TextConvert":"근데 이병장님이 헬멧 씌우고 머리 때리셨지 않습니까?",
      "StartTime":60.83,
      "EndTime":64.239,
      "SpeakTime":3.409,
      "WordInfo":[
        {
          "Word":"하이바",
          "WordType":"은어",
          "WordStructure":"파생어",
          "WordDefine":"방탄헬멧'의 (fiber helmet) 일본식 준말을 일컫는 말.'",
          "WordFell":"중립",
          "WordMean":"감정없음"
        }
      ]
    },
    {
      "Speaker":"7961",
      "SpeakerText":"개짜증나게 말귀를 못알아 듣잖아.",
      "TextConvert":"매우 짜증나게 말귀를 못알아 듣잖아.",
      "StartTime":65.379,
      "EndTime":67.64,
      "SpeakTime":2.261,
      "WordInfo":[
        {
          "Word":"개짜증",
          "WordType":"유행어",
          "WordStructure":"합성어",
          "WordDefine":"매우 짜증난다의 강조 표현",
          "WordFell":"부정",
          "WordMean":"싫어함"
        }
      ]
    },
    {
      "Speaker":"6961",
      "SpeakerText":"그건 그렇습니다 가스 걸까요?",
      "TextConvert":"그건 그렇습니다 제재 걸까요?",
      "StartTime":68.88,
      "EndTime":70.89,
      "SpeakTime":2.01,
      "WordInfo":[
        {
          "Word":"가스",
          "WordType":"은어",
          "WordStructure":"파생어",
          "WordDefine":"후임들에게 거는 제재,통제등을 의미. '가스를 건다'로 활용함.",
          "WordFell":"부정",
          "WordMean":"싫어함"
        }
      ]
    },
    {
      "Speaker":"7961",
      "SpeakerText":"야 니 이불 뭐 쓰냐?",
      "TextConvert":"야 니 이불 뭐 쓰냐?",
      "StartTime":72.08,
      "EndTime":73.59,
      "SpeakTime":1.51,
      "WordInfo":null
    },
    {
      "Speaker":"6961",
      "SpeakerText":"저 그냥 보급쓰고 있습니다.",
      "TextConvert":"저 그냥 보급쓰고 있습니다.",
      "StartTime":74.83,
      "EndTime":76.49,
      "SpeakTime":1.66,
      "WordInfo":null
    },
    {
      "Speaker":"7961",
      "SpeakerText":"나 전역하면 싸제 이불 주고 갈 테니까 그거 써라. 완전 부드러운거.",
      "TextConvert":"나 전역하면 외부용품 이불 주고 갈 테니까 그거 써라 완전 부드러운거",
      "StartTime":77.48,
      "EndTime":81.59,
      "SpeakTime":4.11,
      "WordInfo":[
        {
          "Word":"싸제",
          "WordType":"은어",
          "WordStructure":"축약어",
          "WordDefine":"(은어) 군용품이 아닌 외부용품",
          "WordFell":"중립",
          "WordMean":"감정없음"
        }
      ]
    },
    {
      "Speaker":"6961",
      "SpeakerText":"싸제라니 감사합니다.",
      "TextConvert":"외부용품라니 감사합니다.",
      "StartTime":82.53,
      "EndTime":84.44,
      "SpeakTime":1.91,
      "WordInfo":[
        {
          "Word":"싸제",
          "WordType":"은어",
          "WordStructure":"축약어",
          "WordDefine":"(은어) 군용품이 아닌 외부용품",
          "WordFell":"중립",
          "WordMean":"감정없음"
        }
      ]
    },
    {
      "Speaker":"7961",
      "SpeakerText":"그래 대신 오늘 레토나 안테나 정비좀 해줄래?",
      "TextConvert":"그래 대신 오늘 레토나 안테나 정비좀 해줄래?",
      "StartTime":85.43,
      "EndTime":88.49,
      "SpeakTime":3.06,
      "WordInfo":null
    },
    {
      "Speaker":"6961",
      "SpeakerText":"역시 그냥 주는게 아니였군요.",
      "TextConvert":"역시 그냥 주는게 아니였군요.",
      "StartTime":89.63,
      "EndTime":91.49,
      "SpeakTime":1.86,
      "WordInfo":null
    },
    {
      "Speaker":"7961",
      "SpeakerText":"이정도는 해줄 수 있잖아.",
      "TextConvert":"이정도는 해줄 수 있잖아.",
      "StartTime":92.63,
      "EndTime":94.14,
      "SpeakTime":1.51,
      "WordInfo":null
    },
    {
      "Speaker":"6961",
      "SpeakerText":"알겠습니다. 대신 저녁먹고 냉동 사주시면 안 됩니까?",
      "TextConvert":"알겠습니다. 대신 저녁먹고 냉동 사주시면 안 됩니까?",
      "StartTime":95.38,
      "EndTime":98.29,
      "SpeakTime":2.91,
      "WordInfo":null
    },
    {
      "Speaker":"7961",
      "SpeakerText":"뽀글이 만들어 줄게.",
      "TextConvert":"라면 봉지 째 끓여서 만들어 줄게.",
      "StartTime":99.18,
      "EndTime":100.29,
      "SpeakTime":1.11,
      "WordInfo":[
        {
          "Word":"뽀글이",
          "WordType":"은어",
          "WordStructure":"파생어",
          "WordDefine":"(은어) 라면 등을 냄비에 끓이지 않고 봉지째로 뜨거운 물을 넣고 익혀서 먹는 방식.또는 그 형태",
          "WordFell":"중립",
          "WordMean":"감정없음"
        }
      ]
    },
    {
      "Speaker":"6961",
      "SpeakerText":"싫습니다. 매점으로 가시죠.",
      "TextConvert":"싫습니다. 매점으로 가시죠.",
      "StartTime":101.23,
      "EndTime":102.89,
      "SpeakTime":1.66,
      "WordInfo":null
    },
    {
      "Speaker":"7961",
      "SpeakerText":"팅커벨 같은놈, 알겠다. ",
      "TextConvert":"거대한 나방 같은놈 알겠다. ",
      "StartTime":103.98,
      "EndTime":106.09,
      "SpeakTime":2.11,
      "WordInfo":[
        {
          "Word":"팅커벨",
          "WordType":"은어",
          "WordStructure":"파생어",
          "WordDefine":"(은어) 간혹 근무지에서 볼 수 있는 몸길이가 10cm를 넘어가는 거대한 나방을 일컫는 말",
          "WordFell":"중립",
          "WordMean":"감정없음"
        }
      ]
    },
    {
      "Speaker":"6961",
      "SpeakerText":"감사합니다.",
      "TextConvert":"감사합니다.",
      "StartTime":107.03,
      "EndTime":107.99,
      "SpeakTime":0.96,
      "WordInfo":null
    },
    {
      "Speaker":"7961",
      "SpeakerText":"아 맞다. 이번에 이등별들 교육좀 잘 시켜라.",
      "TextConvert":"아 맞다 이번에 이등병을 함부로 대하지 않는다들 교육좀 잘 시켜라.",
      "StartTime":108.93,
      "EndTime":113.19,
      "SpeakTime":4.26,
      "WordInfo":[
        {
          "Word":"이등별",
          "WordType":"유행어",
          "WordStructure":"파생어",
          "WordDefine":"이등병들을 함부로 대하지 않는다는 의미",
          "WordFell":"긍정",
          "WordMean":"선의"
        }
      ]
    },
    {
      "Speaker":"6961",
      "SpeakerText":"왜 그러십 왜 그러십니까?",
      "TextConvert":"왜 그러십니까?",
      "StartTime":114.23,
      "EndTime":116.24,
      "SpeakTime":2.01,
      "WordInfo":null
    },
    {
      "Speaker":"7961",
      "SpeakerText":"아직도 압존법 안하는 애들이 있더라. 폐급들.",
      "TextConvert":"아직도 압존법 안하는 애들이 있더라 폐급들",
      "StartTime":117.18,
      "EndTime":120.39,
      "SpeakTime":3.21,
      "WordInfo":null
    },
    {
      "Speaker":"6961",
      "SpeakerText":"교육시키겠습니다.",
      "TextConvert":"교육시키겠습니다.",
      "StartTime":121.58,
      "EndTime":122.74,
      "SpeakTime":1.16,
      "WordInfo":null
    },
    {
      "Speaker":"7961",
      "SpeakerText":"그리고 저번에 훈련갈 때 맛다시 챙기라고 했는데, 하나도 안챙겨오고 요새 킹받게하네.",
      "TextConvert":"그리고 저번에 훈련갈 때 맛다시 챙기라고 했는데 하나도 안챙겨오고 요새 열받게하네",
      "StartTime":123.88,
      "EndTime":129.94,
      "SpeakTime":6.06,
      "WordInfo":[
        {
          "Word":"킹받는다",
          "WordType":"속어",
          "WordStructure":"합성어",
          "WordDefine":"열받는다' 의 '열'을 '킹'으로 바꿔 강조 표현",
          "WordFell":"부정",
          "WordMean":"화남"
        }
      ]
    },
    {
      "Speaker":"6961",
      "SpeakerText":"제가 대신 많이 챙겼지 않습니까. 애들 이번에 처음이니까 한번 한번만 봐주십쇼.",
      "TextConvert":"제가 대신 많이 챙겼지 않습니까 애들 이번에 처음이니까 한번만 봐주십쇼",
      "StartTime":131.13,
      "EndTime":136.84,
      "SpeakTime":5.71,
      "WordInfo":null
    },
    {
      "Speaker":"7961",
      "SpeakerText":"그래. 그래도 다음번 부터는 신경쓰자. 언제까지 내가 다 짬때릴 순 없잖아.",
      "TextConvert":"그래 그래도 다음번 부터는 신경쓰자 언제까지 내가 다 일을 다른 사람에게 떠넘길 순 없잖아",
      "StartTime":137.88,
      "EndTime":144.44,
      "SpeakTime":6.56,
      "WordInfo":[
        {
          "Word":"짬때리다",
          "WordType":"속어",
          "WordStructure":"합성어",
          "WordDefine":"일을 다른 사람에게 떠 넘기는 것을 속된 말로 표현",
          "WordFell":"부정",
          "WordMean":"싫어함"
        }
      ]
    },
    {
      "Speaker":"6961",
      "SpeakerText":"그것도 교육시키겠습니다.",
      "TextConvert":"그것도 교육시키겠습니다.",
      "StartTime":145.63,
      "EndTime":147.24,
      "SpeakTime":1.61,
      "WordInfo":null
    },
    {
      "Speaker":"7961",
      "SpeakerText":"에휴 또 긁힐까봐. 애들한테 뭐라고 하지도 못하고.",
      "TextConvert":"에휴 또 마음의 편지로 고발 당할까봐 애들한테 뭐라고 하지도 못하고",
      "StartTime":148.48,
      "EndTime":151.64,
      "SpeakTime":3.16,
      "WordInfo":[
        {
          "Word":"긁다",
          "WordType":"은어",
          "WordStructure":"기타",
          "WordDefine":"군대은어 / 군대 내에 있는 '마음의 편지'로 부조리를 고발하는것",
          "WordFell":"부정",
          "WordMean":"싫어함"
        }
      ]
    },
    {
      "Speaker":"6961",
      "SpeakerText":"진짜 함부로 말했다가 제대로 긁힙니다.",
      "TextConvert":"진짜 함부로 말했다가 제대로 마음의 편지로 고발 당합니다",
      "StartTime":152.73,
      "EndTime":155.04,
      "SpeakTime":2.31,
      "WordInfo":[
        {
          "Word":"긁다",
          "WordType":"은어",
          "WordStructure":"기타",
          "WordDefine":"군대은어 / 군대 내에 있는 '마음의 편지'로 부조리를 고발하는것",
          "WordFell":"부정",
          "WordMean":"싫어함"
        }
      ]
    },
    {
      "Speaker":"7961",
      "SpeakerText":"그니까 아주 이등별이야. 기고만장해.",
      "TextConvert":"그니까 아주 이등병을 함부로 대할 수 없어 기고만장해",
      "StartTime":156.13,
      "EndTime":159.29,
      "SpeakTime":3.16,
      "WordInfo":[
        {
          "Word":"이등별",
          "WordType":"유행어",
          "WordStructure":"파생어",
          "WordDefine":"이등병들을 함부로 대하지 않는다는 의미",
          "WordFell":"긍정",
          "WordMean":"선의"
        }
      ]
    },
    {
      "Speaker":"6961",
      "SpeakerText":"군대가 거꾸로 돌아갑니다. 제가 나중에 짬바차면 더 심할 것 같습니다.",
      "TextConvert":"군대가 거꾸로 돌아갑니다. 제가 나중에 연륜 차면 더 심할 것 같습니다.",
      "StartTime":160.53,
      "EndTime":164.99,
      "SpeakTime":4.46,
      "WordInfo":[
        {
          "Word":"짬바",
          "WordType":"유행어",
          "WordStructure":"축약어",
          "WordDefine":"짬에서 나오는 바이브' 의 줄임말로 오랜 경험이나 연륜으로 여유, 노련미를 표현할 때 쓰는 말이다.",
          "WordFell":"긍정",
          "WordMean":"선의"
        }
      ]
    },
    {
      "Speaker":"7961",
      "SpeakerText":"고생 좀 할거다. 개공감일껄?",
      "TextConvert":"고생 좀 할거다 매우 공감일껄?",
      "StartTime":166.13,
      "EndTime":168.24,
      "SpeakTime":2.11,
      "WordInfo":[
        {
          "Word":"개공감",
          "WordType":"유행어",
          "WordStructure":"혼성어",
          "WordDefine":"매우 공감한다의 강조표현",
          "WordFell":"긍정",
          "WordMean":"좋음"
        }
      ]
    },
    {
      "Speaker":"6961",
      "SpeakerText":"지금도 충분히 핵공감입니다.",
      "TextConvert":"지금도 충분히 매우 공감입니다.",
      "StartTime":169.38,
      "EndTime":171.24,
      "SpeakTime":1.86,
      "WordInfo":[
        {
          "Word":"핵공감",
          "WordType":"은어",
          "WordStructure":"합성어",
          "WordDefine":"크다 라는 의미를 가지고 있는 '핵'+'공감'의 합성어 / '크게 공감한다' 라는 의미를 가지고 있다",
          "WordFell":"긍정",
          "WordMean":"선의"
        }
      ]
    },
    {
      "Speaker":"7961",
      "SpeakerText":"내 동기한테 맛있는거 빼놓으라 할 테니까. 저녁 먹고보자.",
      "TextConvert":"내 동기한테 맛있는거 빼놓으라 할 테니까 저녁 먹고보자",
      "StartTime":172.23,
      "EndTime":175.79,
      "SpeakTime":3.56,
      "WordInfo":null
    },
    {
      "Speaker":"6961",
      "SpeakerText":"아 저녁먹고 봐야합니까?",
      "TextConvert":"아 저녁먹고 봐야합니까?",
      "StartTime":176.93,
      "EndTime":178.44,
      "SpeakTime":1.51,
      "WordInfo":null
    },
    {
      "Speaker":"7961",
      "SpeakerText":"왜? 저녁안먹게?",
      "TextConvert":"왜? 저녁안먹게?",
      "StartTime":179.38,
      "EndTime":180.59,
      "SpeakTime":1.21,
      "WordInfo":null
    },
    {
      "Speaker":"6961",
      "SpeakerText":"식사집합하고 바로 매점으로 가면 안됩니까? 자리 뺏깁니다.",
      "TextConvert":"식사집합하고 바로 매점으로 가면 안됩니까? 자리 뺏깁니다.",
      "StartTime":181.68,
      "EndTime":185.49,
      "SpeakTime":3.81,
      "WordInfo":null
    },
    {
      "Speaker":"7961",
      "SpeakerText":"오키 바로가자.",
      "TextConvert":"그래 바로가자",
      "StartTime":186.58,
      "EndTime":187.64,
      "SpeakTime":1.06,
      "WordInfo":[
        {
          "Word":"오키",
          "WordType":"줄임말",
          "WordStructure":"축약어",
          "WordDefine":"오케이(Okay)'의 준말",
          "WordFell":"중립",
          "WordMean":"감정없음"
        }
      ]
    },
    {
      "Speaker":"6961",
      "SpeakerText":"넵 그때 뵙겠습니다. 고생하십쇼!",
      "TextConvert":"넵 그때 뵙겠습니다. 고생하십쇼!",
      "StartTime":188.83,
      "EndTime":190.74,
      "SpeakTime":1.91,
      "WordInfo":null
    }
  ]
}
