{
  "DataSet":"연령대별특징적발화음성",
  "Version":"1.0",
  "Date":"20220813",
  "MediaUrl":"단어/10대/11.게임/10_11_2018_220813_0158.wav",
  "Category":"10대",
  "SubCategory":"게임",
  "DialogPlace":"집",
  "DialogVoiceType":"독백",
  "SpeakerNumber":"1",
  "RecDevice":"스마트폰",
  "RecLen":3.55,
  "AudioResolution":{
    "BitDepth":"16bit",
    "SampleRate":"44.1kHz"
  },
  "Speakers":[
    {
      "Speaker":"2018",
      "Gender":"남성",
      "Locate":"수도권",
      "AgeGroup":"10"
    }
  ],
  "Dialogs":[
    {
      "Speaker":"2018",
      "SpeakerText":"옵치",
      "TextConvert":"오버워치",
      "StartTime":1,
      "EndTime":2.55,
      "SpeakTime":1.55,
      "WordInfo":[
        {
          "Word":"옵치",
          "WordType":"줄임말",
          "WordStructure":"축약어",
          "WordDefine":"게임 \"오버워치\"의 줄임말 ",
          "WordFell":"중립",
          "WordMean":"감정없음"
        }
      ]
    }
  ]
}
