{
  "DataSet":"연령대별특징적발화음성",
  "Version":"1.0",
  "Date":"20220810",
  "MediaUrl":"단어/10대/11.게임/10_11_2003_220810_0107.wav",
  "Category":"10대",
  "SubCategory":"게임",
  "DialogPlace":"집",
  "DialogVoiceType":"독백",
  "SpeakerNumber":"1",
  "RecDevice":"스마트폰",
  "RecLen":3.406,
  "AudioResolution":{
    "BitDepth":"16bit",
    "SampleRate":"44.1kHz"
  },
  "Speakers":[
    {
      "Speaker":"2003",
      "Gender":"여성",
      "Locate":"강원",
      "AgeGroup":"50"
    }
  ],
  "Dialogs":[
    {
      "Speaker":"2003",
      "SpeakerText":"배그",
      "TextConvert":"배틀그라운드",
      "StartTime":1,
      "EndTime":2.406,
      "SpeakTime":1.406,
      "WordInfo":[
        {
          "Word":"배그",
          "WordType":"줄임말",
          "WordStructure":"축약어",
          "WordDefine":"게임 \"배틀 그라운드\"의 줄임말",
          "WordFell":"중립",
          "WordMean":"감정없음"
        }
      ]
    }
  ]
}
