{
  "DataSet":"연령대별특징적발화음성",
  "Version":"1.0",
  "Date":"20220929",
  "MediaUrl":"단어/10대/11.게임/10_11_2001_220929_0021.wav",
  "Category":"10대",
  "SubCategory":"게임",
  "DialogPlace":"집",
  "DialogVoiceType":"독백",
  "SpeakerNumber":"1",
  "RecDevice":"스마트폰",
  "RecLen":3.504,
  "AudioResolution":{
    "BitDepth":"16bit",
    "SampleRate":"44.1kHz"
  },
  "Speakers":[
    {
      "Speaker":"2001",
      "Gender":"남성",
      "Locate":"경상",
      "AgeGroup":"20"
    }
  ],
  "Dialogs":[
    {
      "Speaker":"2001",
      "SpeakerText":"광클",
      "TextConvert":"마우스를 빠르게 클릭",
      "StartTime":1,
      "EndTime":2.504,
      "SpeakTime":1.504,
      "WordInfo":[
        {
          "Word":"광클",
          "WordType":"속어",
          "WordStructure":"혼성어",
          "WordDefine":"狂(미칠광) click(클릭)의 줄임말 / 미친듯이 마우스를 빠르게 혹은 여러번 클릭했다는 의미이다.",
          "WordFell":"부정",
          "WordMean":"화남"
        }
      ]
    }
  ]
}
