{
  "DataSet":"연령대별특징적발화음성",
  "Version":"1.0",
  "Date":"20221006",
  "MediaUrl":"대화/30대/32.주거/30_32_41345134_221006_0013.wav",
  "Category":"30대",
  "SubCategory":"주거",
  "DialogPlace":"실내",
  "DialogVoiceType":"대면",
  "SpeakerNumber":"2",
  "RecDevice":"스마트폰",
  "RecLen":202.408,
  "AudioResolution":{
    "BitDepth":"16bit",
    "SampleRate":"44.1kHz"
  },
  "Speakers":[
    {
      "Speaker":"4134",
      "Gender":"여성",
      "Locate":"수도권",
      "AgeGroup":"20"
    },
    {
      "Speaker":"5134",
      "Gender":"여성",
      "Locate":"수도권",
      "AgeGroup":"20"
    }
  ],
  "Dialogs":[
    {
      "Speaker":"4134",
      "SpeakerText":"집을 서울 시내로 들어온다는게 도쿄에서 집 사기랑 다를 바가 전혀 없어. 대박이지?",
      "TextConvert":"집을 서울 시내로 들어온다는게 도쿄에서 집 사기랑 다를 바가 전혀 없어. 대박이지?",
      "StartTime":0.63,
      "EndTime":6.29,
      "SpeakTime":5.66,
      "WordInfo":null
    },
    {
      "Speaker":"5134",
      "SpeakerText":"그렇게 된지가 언젠데 라떼는말이야 같은 소릴 하고 있어. 실화냐, 장난해?",
      "TextConvert":"그렇게 된지가 언젠데 나때는 말이야 같은 소릴 하고 있어. 진짜냐, 장난해?",
      "StartTime":7.08,
      "EndTime":12.79,
      "SpeakTime":5.71,
      "WordInfo":[
        {
          "Word":"라떼는말이야",
          "WordType":"유행어",
          "WordStructure":"파생어",
          "WordDefine":"나때는 말이야'에서 파생됨 / 기성세대가 자주 쓰는 `나 때는 말이야` 를 풍자하는 표현.",
          "WordFell":"부정",
          "WordMean":"싫어함"
        },
        {
          "Word":"실화냐",
          "WordType":"유행어",
          "WordStructure":"파생어",
          "WordDefine":"정말이냐'의 강조 표현",
          "WordFell":"중립",
          "WordMean":"감정없음"
        }
      ]
    },
    {
      "Speaker":"4134",
      "SpeakerText":"우리 같은 직딩들이 (30대)/(삼십 대)에 자기 집 마련하는게 하늘의 별 따기보다 존나 어려운 것 같거든.",
      "TextConvert":"우리 같은 직장인들이 30대에 자기 집 마련하는게 하늘의 별 따기보다 엄청 어려운 것 같거든.",
      "StartTime":13.58,
      "EndTime":19.64,
      "SpeakTime":6.06,
      "WordInfo":[
        {
          "Word":"직딩",
          "WordType":"속어",
          "WordStructure":"기타",
          "WordDefine":"직장인'을 속되게 이르는 말.",
          "WordFell":"중립",
          "WordMean":"감정없음"
        },
        {
          "Word":"존나",
          "WordType":"속어",
          "WordStructure":"기타",
          "WordDefine":"매우~, 너무~, 엄청~ 등 의 뜻으로 대상, 혹은 감정을 강조할 때 쓰이는 한국어의 비속어.",
          "WordFell":"중립",
          "WordMean":"감정없음"
        }
      ]
    },
    {
      "Speaker":"5134",
      "SpeakerText":"그러니 쉐어하우스도 나오고 하메도 생기고 땅콩주택도 만들고 그런 것 아닌가 싶다.",
      "TextConvert":"그러니 쉐어하우스도 나오고 하우스메이트도 생기고 공동 소유의 토지 위에 같거나 비슷한 모양으로 나란히 지어진 두 가구의 집도 만들고 그런 것 아닌가 싶다.",
      "StartTime":20.23,
      "EndTime":27.04,
      "SpeakTime":6.81,
      "WordInfo":[
        {
          "Word":"하메",
          "WordType":"줄임말",
          "WordStructure":"축약어",
          "WordDefine":"하우스메이트'의 준말",
          "WordFell":"중립",
          "WordMean":"감정없음"
        },
        {
          "Word":"땅콩주택",
          "WordType":"속어",
          "WordStructure":"합성어",
          "WordDefine":"공동 소유의 토지 위에 같거나 비슷한 모양으로 나란히 지어진 두 가구의 집",
          "WordFell":"중립",
          "WordMean":"감정없음"
        }
      ]
    },
    {
      "Speaker":"4134",
      "SpeakerText":"우리가 아직 결혼은 했어도 아이는 없지만 나중에 아기라도 태어나면 초코아가 제일 우선순위에 해당할 거야.",
      "TextConvert":"우리가 아직 결혼은 했어도 아이는 없지만 나중에 아기라도 태어나면 초등학교가 코앞에 있는 아파트가 제일 우선순위에 해당할 거야.",
      "StartTime":27.93,
      "EndTime":35.64,
      "SpeakTime":7.71,
      "WordInfo":[
        {
          "Word":"초코아",
          "WordType":"줄임말",
          "WordStructure":"축약어",
          "WordDefine":"초등학교가 바로 코 앞에 있는 아파트'의 준말",
          "WordFell":"중립",
          "WordMean":"감정없음"
        }
      ]
    },
    {
      "Speaker":"5134",
      "SpeakerText":"초코아 뿐만 아니라 능력만 된다면 사실 공세권, 몰세권 다 가진 곳에 들어가서 살고 싶은게 당연한거 아니겠어?",
      "TextConvert":"초등학교가 코앞에 있는 아파트 뿐만 아니라 능력만 된다면 사실 공원이 근처에 있는 지역, 문화생활을 편리하게 즐길 수 있는 지역 다 가진 곳에 들어가서 살고 싶은게 당연한거 아니겠어?",
      "StartTime":36.48,
      "EndTime":45.44,
      "SpeakTime":8.96,
      "WordInfo":[
        {
          "Word":"초코아",
          "WordType":"줄임말",
          "WordStructure":"축약어",
          "WordDefine":"초등학교가 바로 코 앞에 있는 아파트'의 준말",
          "WordFell":"중립",
          "WordMean":"감정없음"
        },
        {
          "Word":"공세권",
          "WordType":"은어",
          "WordStructure":"혼성어",
          "WordDefine":"공원(park)+역세권의 합성어",
          "WordFell":"중립",
          "WordMean":"감정없음"
        },
        {
          "Word":"몰세권",
          "WordType":"은어",
          "WordStructure":"혼성어",
          "WordDefine":"몰(Mall)+역세권으로 편리하게 문화생활을 즐길 수 있는 지역을 뜻함",
          "WordFell":"중립",
          "WordMean":"감정없음"
        }
      ]
    },
    {
      "Speaker":"4134",
      "SpeakerText":"사람 마음 다 똑같지. 그런데 정말 웃긴게 대출 받지 않고 그런 역세권 사는 사람들이 거의 없다는 거지. 안그래? ",
      "TextConvert":"사람 마음 다 똑같지. 그런데 정말 웃긴게 대출 받지 않고 그런 역세권 사는 사람들이 거의 없다는 거지. 안그래? ",
      "StartTime":46.18,
      "EndTime":54.39,
      "SpeakTime":8.21,
      "WordInfo":null
    },
    {
      "Speaker":"5134",
      "SpeakerText":"그렇겠지. 갓 대학 졸업한 직딩이 사회생활을 얼마나 해야 자기 돈으로 집을 사냐고. ",
      "TextConvert":"그렇겠지. 갓 대학 졸업한 직장인이 사회생활을 얼마나 해야 자기 돈으로 집을 사냐고. ",
      "StartTime":55.13,
      "EndTime":61.74,
      "SpeakTime":6.61,
      "WordInfo":[
        {
          "Word":"직딩",
          "WordType":"속어",
          "WordStructure":"기타",
          "WordDefine":"직장인'을 속되게 이르는 말.",
          "WordFell":"중립",
          "WordMean":"감정없음"
        }
      ]
    },
    {
      "Speaker":"4134",
      "SpeakerText":"집 살 때 대출 다 끼고 사면서 또 웃픈거는 엘사들 졸라 무시하고 전세 사는 사람들을 전거지라면서 비하하는 게 기가 차더라.",
      "TextConvert":"집 살 때 대출 다 끼고 사면서 또 웃기면서 슬픈거는 엘 에이치 아파트에 사는 사람들 엄청 무시하고 전세 사는 사람들을 전세 사는 거지라면서 비하하는 게 기가 차더라.",
      "StartTime":62.68,
      "EndTime":72.59,
      "SpeakTime":9.91,
      "WordInfo":[
        {
          "Word":"웃프다",
          "WordType":"줄임말",
          "WordStructure":"축약어",
          "WordDefine":"웃기면서 슬프다",
          "WordFell":"부정",
          "WordMean":"싫어함"
        },
        {
          "Word":"엘사",
          "WordType":"은어",
          "WordStructure":"축약어",
          "WordDefine":"엘 에이치(LH) 아파트에 사는 사람을 비하하는 말",
          "WordFell":"부정",
          "WordMean":"싫어함"
        },
        {
          "Word":"졸라",
          "WordType":"속어",
          "WordStructure":"기타",
          "WordDefine":"매우~, 너무~, 엄청~ 등 의 뜻으로 대상, 혹은 감정을 강조할 때 쓰이는 한국어의 비속어.",
          "WordFell":"중립",
          "WordMean":"감정없음"
        },
        {
          "Word":"전거지",
          "WordType":"속어",
          "WordStructure":"축약어",
          "WordDefine":"전세 사는 거지'의 준말 / 초등학생들이 어린나이에 주거 형태를 두고 차별적인 단어를 형성하여 놀릴때 사용하는 단어",
          "WordFell":"부정",
          "WordMean":"싫어함"
        }
      ]
    },
    {
      "Speaker":"5134",
      "SpeakerText":"그런건 정말 인성 문제인거지. 모두가 그런 건 아닐거니까 그런 애들을 오히려 빌런이라며 개무시 하면 되지. ",
      "TextConvert":"그런건 정말 인성 문제인거지. 모두가 그런 건 아닐거니까 그런 애들을 오히려 빌런이라며 엄청 무시 하면 되지. ",
      "StartTime":73.78,
      "EndTime":83.14,
      "SpeakTime":9.36,
      "WordInfo":[
        {
          "Word":"개무시",
          "WordType":"유행어",
          "WordStructure":"혼성어",
          "WordDefine":"매우 무시한다의 강조표현",
          "WordFell":"부정",
          "WordMean":"싫어함"
        }
      ]
    },
    {
      "Speaker":"4134",
      "SpeakerText":"정말 부동산 잡는 건 안되는 건가? 어느 정부에서도 해결 못했던 일이잖아. 진짜 이생집망 이라는 신조어까지 생겼어.",
      "TextConvert":"정말 부동산 잡는 건 안되는 건가? 어느 정부에서도 해결 못했던 일이잖아. 진짜 이번 생에 집 사기는 망했다 라는 신조어까지 생겼어.",
      "StartTime":83.88,
      "EndTime":93.24,
      "SpeakTime":9.36,
      "WordInfo":[
        {
          "Word":"이생집망",
          "WordType":"줄임말",
          "WordStructure":"축약어",
          "WordDefine":"이번 생에는 집 사기는 망했다'의준말",
          "WordFell":"중립",
          "WordMean":"감정없음"
        }
      ]
    },
    {
      "Speaker":"5134",
      "SpeakerText":"얼마나 집사기가 어려우면 이생집망이라는 슬픈 단어가 다 생긴건지 알 수가 없다 친구야. 서글퍼.",
      "TextConvert":"얼마나 집사기가 어려우면 이번 생에 집 사기는 망했다 라는 슬픈 단어가 다 생긴건지 알 수가 없다 친구야. 서글퍼.",
      "StartTime":94.28,
      "EndTime":102.44,
      "SpeakTime":8.16,
      "WordInfo":[
        {
          "Word":"이생집망",
          "WordType":"줄임말",
          "WordStructure":"축약어",
          "WordDefine":"이번 생에는 집 사기는 망했다'의준말",
          "WordFell":"중립",
          "WordMean":"감정없음"
        }
      ]
    },
    {
      "Speaker":"4134",
      "SpeakerText":"오포세대들도 나왔다는데 우리들 보다 더 어린 후배들은 지금처럼 힘들지 않았으면 좋겠거든.",
      "TextConvert":"연애, 결혼, 출산, 인간관계, 집을 포기한 세대들도 나왔다는데 우리들 보다 더 어린 후배들은 지금처럼 힘들지 않았으면 좋겠거든.",
      "StartTime":103.43,
      "EndTime":110.09,
      "SpeakTime":6.66,
      "WordInfo":[
        {
          "Word":"오포세대",
          "WordType":"유행어",
          "WordStructure":"파생어",
          "WordDefine":"연애, 결혼, 출산을 포기한 삼포세대에 인간관계와 집을 추가로 포기한 세대",
          "WordFell":"부정",
          "WordMean":"싫어함"
        }
      ]
    },
    {
      "Speaker":"5134",
      "SpeakerText":"뭔가 대책은 나올테지. 가끔 그런 생각을 해 봤어. 서울시가 면적이 조낸 좁잖아, 수도권을 서울로 편입해서 아예 수도로 만들어 버리는거지.",
      "TextConvert":"뭔가 대책은 나올테지. 가끔 그런 생각을 해 봤어. 서울시가 면적이 엄청 좁잖아, 수도권을 서울로 편입해서 아예 수도로 만들어 버리는거지.",
      "StartTime":111.38,
      "EndTime":123.24,
      "SpeakTime":11.86,
      "WordInfo":[
        {
          "Word":"조낸",
          "WordType":"속어",
          "WordStructure":"기타",
          "WordDefine":"정말 매우 진짜 굉장히 라는 뜻으로 비속어인 '존나' 와 같은 표현",
          "WordFell":"중립",
          "WordMean":"감정없음"
        }
      ]
    },
    {
      "Speaker":"4134",
      "SpeakerText":"서울 사람들 졸라 싫어라 하겠는데? 죽빵 날아간다.",
      "TextConvert":"서울 사람들 엄청 싫어라 하겠는데? 얼굴에 주먹 날아간다.",
      "StartTime":123.93,
      "EndTime":127.54,
      "SpeakTime":3.61,
      "WordInfo":[
        {
          "Word":"졸라",
          "WordType":"속어",
          "WordStructure":"기타",
          "WordDefine":"매우~, 너무~, 엄청~ 등 의 뜻으로 대상, 혹은 감정을 강조할 때 쓰이는 한국어의 비속어.",
          "WordFell":"중립",
          "WordMean":"감정없음"
        },
        {
          "Word":"죽빵",
          "WordType":"유행어",
          "WordStructure":"기타",
          "WordDefine":"상대방의 뺨을 손바닥이 아닌?주먹으로 치는 행위를 뜻한다.",
          "WordFell":"부정",
          "WordMean":"싫어함"
        }
      ]
    },
    {
      "Speaker":"5134",
      "SpeakerText":"그리고 (6개)/(여섯 개) 광역시도 다 합쳐서 행정도시, 교육도시, 생활터전 이렇게 다 구획 정리를 해버리는 거야. ",
      "TextConvert":"그리고 6개 광역시도 다 합쳐서 행정도시, 교육도시, 생활터전 이렇게 다 구획 정리를 해버리는 거야. ",
      "StartTime":129.58,
      "EndTime":138.99,
      "SpeakTime":9.41,
      "WordInfo":null
    },
    {
      "Speaker":"4134",
      "SpeakerText":"무슨 영화 찍냐? 보면 너 한번씩 엉뚱한 소리를 해. 그렇지만 수도인 서울을 확장시키면 좋겠다는 의견에는 대박 찬성이야.",
      "TextConvert":"무슨 영화 찍냐? 보면 너 한번씩 엉뚱한 소리를 해. 그렇지만 수도인 서울을 확장시키면 좋겠다는 의견에는 대박 찬성이야.",
      "StartTime":139.98,
      "EndTime":148.74,
      "SpeakTime":8.76,
      "WordInfo":null
    },
    {
      "Speaker":"5134",
      "SpeakerText":"만약 그러면 지금처럼 월거지도, 전거지도, 휴거지라는 말도 안나오지 않을까 해서 말이야. 집 구하는 게 전쟁이잖아 완전히.",
      "TextConvert":"만약 그러면 지금처럼 월세 사는 거지도, 전세 사는 거지도, 휴먼시아 아파트 사는 거지라는 말도 안나오지 않을까 해서 말이야. 집 구하는 게 전쟁이잖아 완전히.",
      "StartTime":149.83,
      "EndTime":159.89,
      "SpeakTime":10.06,
      "WordInfo":[
        {
          "Word":"월거지",
          "WordType":"속어",
          "WordStructure":"축약어",
          "WordDefine":"월세 사는 거지'의 준말 / 초등학생들이 어린나이에 주거 형태를 두고 차별적인 단어를 형성하여 놀릴때 사용하는 단어",
          "WordFell":"부정",
          "WordMean":"싫어함"
        },
        {
          "Word":"전거지",
          "WordType":"속어",
          "WordStructure":"축약어",
          "WordDefine":"전세 사는 거지'의 준말 / 초등학생들이 어린나이에 주거 형태를 두고 차별적인 단어를 형성하여 놀릴때 사용하는 단어",
          "WordFell":"부정",
          "WordMean":"싫어함"
        },
        {
          "Word":"휴거지",
          "WordType":"은어",
          "WordStructure":"축약어",
          "WordDefine":"휴먼시아 아파트(국민임대 아파트)에 사는 사람을 비하하는 말",
          "WordFell":"부정",
          "WordMean":"싫어함"
        }
      ]
    },
    {
      "Speaker":"4134",
      "SpeakerText":"아직은 정말 꿈에 불과하지만, 나는 홈캠핑도 해보고 싶고 펫팸족이라서 동물 키우는 공간도 있으면 좋겠어.",
      "TextConvert":"아직은 정말 꿈에 불과하지만, 나는 실내에서 최소한의 캠핑 장비로 캠핑 분위기를 내는 것도 해보고 싶고 반려동물을 마치 가족처럼 여기는 사람이라서 동물 키우는 공간도 있으면 좋겠어.",
      "StartTime":160.73,
      "EndTime":169.44,
      "SpeakTime":8.71,
      "WordInfo":[
        {
          "Word":"홈캠핑",
          "WordType":"줄임말",
          "WordStructure":"합성어",
          "WordDefine":"홈(Home)+캠핑(Camping)'의 합성어 / 실내에서 최소한의 캠핑 장비로 캠핑 분위기를 내는 것을 일컫는 말",
          "WordFell":"긍정",
          "WordMean":"좋음"
        },
        {
          "Word":"펫팸족",
          "WordType":"은어",
          "WordStructure":"혼성어",
          "WordDefine":" 'Pet'+'Family'가 합쳐진 신조어 / 반려동물을 마치 가족처럼 여기는 사람들을 뜻함",
          "WordFell":"긍정",
          "WordMean":"좋음"
        }
      ]
    },
    {
      "Speaker":"5134",
      "SpeakerText":"요즘 반려동물 키우는 사람들이 많아서 예민하긴 하지. 너는 주복이나 아파트 말고 전원주택이 딱인데.",
      "TextConvert":"요즘 반려동물 키우는 사람들이 많아서 예민하긴 하지. 너는 주상 복합 아파트나 아파트 말고 전원주택이 딱인데.",
      "StartTime":170.18,
      "EndTime":178.99,
      "SpeakTime":8.81,
      "WordInfo":[
        {
          "Word":"주복",
          "WordType":"줄임말",
          "WordStructure":"축약어",
          "WordDefine":"주상 복합 아파트'의 준말",
          "WordFell":"중립",
          "WordMean":"감정없음"
        }
      ]
    },
    {
      "Speaker":"4134",
      "SpeakerText":"나도 주복은 좀 답답해서 그렇더라. 아파트도 사실 그렇고. 그럼에도 제일 부러운 아파트는 공세권.",
      "TextConvert":"나도 주상 복합 아파트는 좀 답답해서 그렇더라. 아파트도 사실 그렇고. 그럼에도 제일 부러운 아파트는 공원이 근처에 있는 지역.",
      "StartTime":179.88,
      "EndTime":187.54,
      "SpeakTime":7.66,
      "WordInfo":[
        {
          "Word":"주복",
          "WordType":"줄임말",
          "WordStructure":"축약어",
          "WordDefine":"주상 복합 아파트'의 준말",
          "WordFell":"중립",
          "WordMean":"감정없음"
        },
        {
          "Word":"공세권",
          "WordType":"은어",
          "WordStructure":"혼성어",
          "WordDefine":"공원(park)+역세권의 합성어",
          "WordFell":"중립",
          "WordMean":"감정없음"
        }
      ]
    },
    {
      "Speaker":"5134",
      "SpeakerText":"아침에 운동 하기에 좋고 놀토 오면 산책하기도 좋으니깐 공세권은 누구에게나 워너비잖아. 나도 그래.",
      "TextConvert":"아침에 운동 하기에 좋고 노는 토요일에 오면 산책하기도 좋으니깐 공원이 근처에 있는 지역은 누구에게나 닮고 싶은 것이잖아. 나도 그래.",
      "StartTime":188.43,
      "EndTime":196.44,
      "SpeakTime":8.01,
      "WordInfo":[
        {
          "Word":"놀토",
          "WordType":"줄임말",
          "WordStructure":"축약어",
          "WordDefine":"노는 토요일'의 줄임말",
          "WordFell":"긍정",
          "WordMean":"좋음"
        },
        {
          "Word":"공세권",
          "WordType":"은어",
          "WordStructure":"혼성어",
          "WordDefine":"공원(park)+역세권의 합성어",
          "WordFell":"중립",
          "WordMean":"감정없음"
        },
        {
          "Word":"워너비",
          "WordType":"유행어",
          "WordStructure":"파생어",
          "WordDefine":"닮고 싶은 사람을 뜻함 /외국에서는 주관 없이 외형이나 행동을 따라하는 사람 / wanna be 에서 파생됨",
          "WordFell":"긍정",
          "WordMean":"좋음"
        }
      ]
    },
    {
      "Speaker":"4134",
      "SpeakerText":"뭐가 됐든 열일하고 돈 모아서 우리도 이제 공세권에 도전해 보자.",
      "TextConvert":"뭐가 됐든 열심히 일하고 돈 모아서 우리도 이제 공원이 근처에 있는 지역에 도전해 보자.",
      "StartTime":197.03,
      "EndTime":201.44,
      "SpeakTime":4.41,
      "WordInfo":[
        {
          "Word":"열일하다",
          "WordType":"줄임말",
          "WordStructure":"축약어",
          "WordDefine":"열심히 일하다의 줄임말",
          "WordFell":"중립",
          "WordMean":"감정없음"
        },
        {
          "Word":"공세권",
          "WordType":"은어",
          "WordStructure":"혼성어",
          "WordDefine":"공원(park)+역세권의 합성어",
          "WordFell":"중립",
          "WordMean":"감정없음"
        }
      ]
    }
  ]
}
