{
  "DataSet":"연령대별특징적발화음성",
  "Version":"1.0",
  "Date":"20220906",
  "MediaUrl":"문장/50대이상/51.여가/50_51_3058_220906_0061.wav",
  "Category":"50대이상",
  "SubCategory":"여가",
  "DialogPlace":"집",
  "DialogVoiceType":"독백",
  "SpeakerNumber":"1",
  "RecDevice":"스마트폰",
  "RecLen":11.409,
  "AudioResolution":{
    "BitDepth":"16bit",
    "SampleRate":"44.1kHz"
  },
  "Speakers":[
    {
      "Speaker":"3058",
      "Gender":"여성",
      "Locate":"강원",
      "AgeGroup":"20"
    }
  ],
  "Dialogs":[
    {
      "Speaker":"3058",
      "SpeakerText":"여행 간다고 일주일 전부터 세세하게 계획 짰는데 막상 여행 당일날 댕청이처럼 계획표를 안 들고 온 나, 진짜 허접 아니냐.",
      "TextConvert":"여행 간다고 일주일 전부터 세세하게 계획 짰는데 막상 여행 당일날 멍청이처럼 계획표를 안 들고 온 나, 진짜 형편없지 않냐.",
      "StartTime":1,
      "EndTime":10.409,
      "SpeakTime":9.409,
      "WordInfo":[
        {
          "Word":"댕청이",
          "WordType":"속어",
          "WordStructure":"파생어",
          "WordDefine":"멍청이를 의미하며,‘멍’ 자를 그 모양이 비슷한 ‘댕’ 자로 바꿔 표기한 것",
          "WordFell":"부정",
          "WordMean":"싫어함"
        },
        {
          "Word":"허접",
          "WordType":"속어",
          "WordStructure":"파생어",
          "WordDefine":"무언가 형편없음을 지칭하는 비하성 속어. 어원은 '좋은 것이 빠지고 남은 허름한 물건'이라는 의미의?'허섭스레기'에서 온 말이다.?",
          "WordFell":"부정",
          "WordMean":"싫어함"
        }
      ]
    }
  ]
}
