{
  "DataSet":"연령대별특징적발화음성",
  "Version":"1.0",
  "Date":"20221111",
  "MediaUrl":"대화/30대/33.경제/30_33_49355935_221111_0018.wav",
  "Category":"30대",
  "SubCategory":"경제",
  "DialogPlace":"집",
  "DialogVoiceType":"대면",
  "SpeakerNumber":"2",
  "RecDevice":"스마트폰",
  "RecLen":172.315,
  "AudioResolution":{
    "BitDepth":"16bit",
    "SampleRate":"44.1kHz"
  },
  "Speakers":[
    {
      "Speaker":"4935",
      "Gender":"남성",
      "Locate":"수도권",
      "AgeGroup":"20"
    },
    {
      "Speaker":"5935",
      "Gender":"남성",
      "Locate":"수도권",
      "AgeGroup":"20"
    }
  ],
  "Dialogs":[
    {
      "Speaker":"4935",
      "SpeakerText":"요즘 주식하느라 일상생활에서 물건을 살 때면 항상 가성비를 따져서 사게 돼.",
      "TextConvert":"요즘 주식하느라 일상생활에서 물건을 살 때면 항상 가격 대비 성능비를 따져서 사게 돼.",
      "StartTime":2.28,
      "EndTime":7.09,
      "SpeakTime":4.81,
      "WordInfo":[
        {
          "Word":"가성비",
          "WordType":"줄임말",
          "WordStructure":"축약어",
          "WordDefine":"가격 대비 성능비'를 줄인말로써 지불한 가격에 비해 얼마나 성능(만족감)이 높은지를 의미하는 단어",
          "WordFell":"긍정",
          "WordMean":"선의"
        }
      ]
    },
    {
      "Speaker":"5935",
      "SpeakerText":"나도 비슷해. 월급을 받아도 거의 투자하느라 다 쓰게 되고 갑통알. 직장 다닐 때 말고 주말에 알바를 하면 되지 않을까?",
      "TextConvert":"나도 비슷해. 월급을 받아도 거의 투자하느라 다 쓰게 되고 갑자기 통장을 보니 아르바이트를 해야겠다. 직장 다닐 때 말고 주말에 아르바이트를 하면 되지 않을까?",
      "StartTime":8.33,
      "EndTime":17.69,
      "SpeakTime":9.36,
      "WordInfo":[
        {
          "Word":"갑통알",
          "WordType":"은어",
          "WordStructure":"축약어",
          "WordDefine":"갑자기 통장을 보니 알바를 해야겠다",
          "WordFell":"부정",
          "WordMean":"싫어함"
        },
        {
          "Word":"알바",
          "WordType":"줄임말",
          "WordStructure":"축약어",
          "WordDefine":"아르바이트'의 줄임말",
          "WordFell":"중립",
          "WordMean":"감정없음"
        }
      ]
    },
    {
      "Speaker":"4935",
      "SpeakerText":"너 그러다 야근각 잡히면 알바랑 직장 양쪽에서 우왕좌왕하게 된다.",
      "TextConvert":"너 그러다 야근하게될 조짐 잡히면 아르바이트랑 직장 양쪽에서 우왕좌왕하게 된다.",
      "StartTime":18.73,
      "EndTime":22.94,
      "SpeakTime":4.21,
      "WordInfo":[
        {
          "Word":"야근각",
          "WordType":"줄임말",
          "WordStructure":"합성어",
          "WordDefine":"야근+신조어'각'의 합성어 / 야근하게 될 것 같은 조짐이나 분위기를 나타내는 말",
          "WordFell":"부정",
          "WordMean":"싫어함"
        },
        {
          "Word":"알바",
          "WordType":"줄임말",
          "WordStructure":"축약어",
          "WordDefine":"아르바이트'의 줄임말",
          "WordFell":"중립",
          "WordMean":"감정없음"
        }
      ]
    },
    {
      "Speaker":"5935",
      "SpeakerText":"그럴까 봐 알바도 섣불리 못하겠어. 주식도 요즘 거품이 엄청 껴서 수익을 보기 어렵고.",
      "TextConvert":"그럴까 봐 아르바이트도 섣불리 못하겠어. 주식도 요즘 실제 가치보다 더 높게 형성된 가격\n이 엄청 껴서 수익을 보기 어렵고.",
      "StartTime":24.33,
      "EndTime":30.19,
      "SpeakTime":5.86,
      "WordInfo":[
        {
          "Word":"알바",
          "WordType":"줄임말",
          "WordStructure":"축약어",
          "WordDefine":"아르바이트'의 줄임말",
          "WordFell":"중립",
          "WordMean":"감정없음"
        },
        {
          "Word":"거품",
          "WordType":"은어",
          "WordStructure":"파생어",
          "WordDefine":" 실제 가치보다 더 높은 가격이 형성된 것을 표현하는 말",
          "WordFell":"부정",
          "WordMean":"싫어함"
        }
      ]
    },
    {
      "Speaker":"4935",
      "SpeakerText":"그건 코인충들도 마찬가지야. 네가 지금 코인을 하는지는 모르겠지만 하려고 한다면 난 말릴 것 같아. ",
      "TextConvert":"그건 암호화페 투자자들도 마찬가지잖아. 네가 지금 코인을 하는지는 모르겠지만 하려고 한다면 난 말릴 것 같아. ",
      "StartTime":31.28,
      "EndTime":37.49,
      "SpeakTime":6.21,
      "WordInfo":[
        {
          "Word":"코인충",
          "WordType":"줄임말",
          "WordStructure":"합성어",
          "WordDefine":"국내에서 암호화페 투자 광풍이 발생하면서 생긴 신조어 암호화페 투자자들을 비하하는 단어이다",
          "WordFell":"부정",
          "WordMean":"싫어함"
        }
      ]
    },
    {
      "Speaker":"5935",
      "SpeakerText":"그런 거 안 해. 그렇게 되었다간 나는 채린이가 되는 건데 잘알도 아닌 사람이 쉽게 손대도 좋을 투자로는 안 보여서.",
      "TextConvert":"그런 거 안 해. 그렇게 되었다간 나는 암호화폐 채굴 초보가 되는 건데 잘 아는 사람도 아닌 사람이 쉽게 손대도 좋을 투자로는 안 보여서.",
      "StartTime":38.53,
      "EndTime":48.59,
      "SpeakTime":10.06,
      "WordInfo":[
        {
          "Word":"잘알",
          "WordType":"줄임말",
          "WordStructure":"축약어",
          "WordDefine":"?’잘 알고 있다‘의 줄임말로,  무언가 또는 어떠한 분야에 많은 지식을 갖고 있는 사람을 일컫는 말이다.\n야구를 잘 알면 ‘야잘알’ 게임을 잘 알면 ‘겜잘알’ 등으로 쓰인다.",
          "WordFell":"긍정",
          "WordMean":"선의"
        },
        {
          "Word":"채린이",
          "WordType":"은어",
          "WordStructure":"혼성어",
          "WordDefine":"채굴 + 어린이 / 암호화폐 채굴을 처음 시작한 초보자를 뜻함",
          "WordFell":"중립",
          "WordMean":"감정없음"
        }
      ]
    },
    {
      "Speaker":"4935",
      "SpeakerText":"다행이야. 그런데 뭐든 간에 쉽게 손대도 좋은 투자란 게 있긴 한가. 토스매매법이라는 게 항상 손절할 때를 모르면 곤두박질치는 투자법들인데.",
      "TextConvert":"다행이야. 그런데 뭐든 간에 쉽게 손대도 좋은 투자란 게 있긴 한가.  재태크 하는 방법의 희화 표현이라는 게 항상 손해를 보더라도 매도하는 행위할 때를 모르면 곤두박질치는 투자법들인데.",
      "StartTime":49.63,
      "EndTime":59.49,
      "SpeakTime":9.86,
      "WordInfo":[
        {
          "Word":"토스매매법",
          "WordType":"줄임말",
          "WordStructure":"합성어",
          "WordDefine":"주식과 가상화폐 등 재테크하는 방법을 희화'하는 말.",
          "WordFell":"중립",
          "WordMean":"감정없음"
        },
        {
          "Word":"손절",
          "WordType":"줄임말",
          "WordStructure":"축약어",
          "WordDefine":"손절매'(損切賣)의 약자, 가격이 더 떨어질 것으로 예상하고 손해를 보더라도 매도하는 행위 / '주식용어 \"손절매\"에서 유래/자신과 잘 맞지 않는 사람과 관계를 단절하는 행위",
          "WordFell":"부정",
          "WordMean":"싫어함"
        }
      ]
    },
    {
      "Speaker":"5935",
      "SpeakerText":"무슨 투자든 간에 한동안은 새로 안 한다. 총알 만드느라 일단은 짠테크 중이야. ",
      "TextConvert":"무슨 투자든 간에 한동안은 새로 안 한다. 상품구매나 투자를 위한 돈 만드느라 일단은 절약을 통해 투자 자금을 모으는 것 중이야. ",
      "StartTime":60.13,
      "EndTime":66.69,
      "SpeakTime":6.56,
      "WordInfo":[
        {
          "Word":"총알",
          "WordType":"은어",
          "WordStructure":"파생어",
          "WordDefine":"상품 구매나 투자 목적으로 사용할 수 있는 현금",
          "WordFell":"중립",
          "WordMean":"감정없음"
        },
        {
          "Word":"짠테크",
          "WordType":"은어",
          "WordStructure":"혼성어",
          "WordDefine":"짜다+제테크'의 합성어 / 절약을 통해 투자를 위한 종잣돈을 모으는 방식을 뜻함",
          "WordFell":"중립",
          "WordMean":"감정없음"
        }
      ]
    },
    {
      "Speaker":"4935",
      "SpeakerText":"너는 무슨 짠테크 하는 중인데? 난 요즘 파테크 하는 중이라 파 심어서 길러 먹고 있어.",
      "TextConvert":"너는 무슨 절약을 통해 투자 자금을 모으는 것 하는 중인데? 난 요즘 파 제테크 하는 중이라 파 심어서 길러 먹고 있어.",
      "StartTime":67.48,
      "EndTime":73.04,
      "SpeakTime":5.56,
      "WordInfo":[
        {
          "Word":"짠테크",
          "WordType":"은어",
          "WordStructure":"혼성어",
          "WordDefine":"짜다+제테크'의 합성어 / 절약을 통해 투자를 위한 종잣돈을 모으는 방식을 뜻함",
          "WordFell":"중립",
          "WordMean":"감정없음"
        },
        {
          "Word":"파테크",
          "WordType":"은어",
          "WordStructure":"혼성어",
          "WordDefine":"파+제테크 / 햇볕만 있으면 자라는 집에서 키워 파값을 아끼자는 의미로 쓰임\n대파값이 급등하며 생긴 신조어",
          "WordFell":"중립",
          "WordMean":"감정없음"
        }
      ]
    },
    {
      "Speaker":"5935",
      "SpeakerText":"나는 일단 저렴이 제품들 위주로 생필품을 사고 있어.",
      "TextConvert":"나는 일단 저렴하면서 가격대비 성능 좋은 제품들 위주로 생필품을 사고 있어.",
      "StartTime":73.58,
      "EndTime":77.89,
      "SpeakTime":4.31,
      "WordInfo":[
        {
          "Word":"저렴이",
          "WordType":"속어",
          "WordStructure":"기타",
          "WordDefine":"저렴하면서 가성비 좋은 제품을 뜻함",
          "WordFell":"긍정",
          "WordMean":"선의"
        }
      ]
    },
    {
      "Speaker":"4935",
      "SpeakerText":"평소에는 친구나 후배들 만나면 돈쭐낸다고 생각하고 내가 밥 사고 술 사고 그랬는데 요즘은 사람 만나는 것도 줄이고 있어.",
      "TextConvert":"평소에는 친구나 후배들 만나면 사회적으로 옳은 사람을 돈을 써서 혼낸다고 생각하고 내가 밥 사고 술 사고 그랬는데 요즘은 사람 만나는 것도 줄이고 있어.",
      "StartTime":78.83,
      "EndTime":86.29,
      "SpeakTime":7.46,
      "WordInfo":[
        {
          "Word":"돈쭐내다",
          "WordType":"은어",
          "WordStructure":"혼성어",
          "WordDefine":"돈' + '혼쭐내다'의 합성어. 혼쭐내다는 매우 강하게 혼을 내어 꾸짖음을 묻는 것인 반면, \n이에 대한 반어법과 그 변형으로 어떠한 사람이 사회적으로 옳은 행동을 했을 때 '이 사람은 돈다발로 뺨을 때려야 한다' 라는 뜻으로 생긴 신조어",
          "WordFell":"긍정",
          "WordMean":"선의"
        }
      ]
    },
    {
      "Speaker":"5935",
      "SpeakerText":"난 몇 달 전만 해도 가심비가 가성비보다 중요하다고 생각해서 뭐 살 때 그리 고민하지 않았는데 요즘은 달라.",
      "TextConvert":"난 몇 달 전만 해도 가격 대비 심리적 만족도가 가격 대비 성능비보다 중요하다고 생각해서 뭐 살 때 그리 고민하지 않았는데 요즘은 달라.",
      "StartTime":87.33,
      "EndTime":95.64,
      "SpeakTime":8.31,
      "WordInfo":[
        {
          "Word":"가심비",
          "WordType":"줄임말",
          "WordStructure":"축약어",
          "WordDefine":"가격 대비 심리적 만족도를 일컫는 말",
          "WordFell":"긍정",
          "WordMean":"선의"
        },
        {
          "Word":"가성비",
          "WordType":"줄임말",
          "WordStructure":"축약어",
          "WordDefine":"가격 대비 성능비'를 줄인말로써 지불한 가격에 비해 얼마나 성능(만족감)이 높은지를 의미하는 단어",
          "WordFell":"긍정",
          "WordMean":"선의"
        }
      ]
    },
    {
      "Speaker":"4935",
      "SpeakerText":"그건 나도 그래. 적어도 멍청비용은 나오지 않게 관리하고 싶은데 그걸 할 수 있으면 애초에 멍청비용이 아니겠지.",
      "TextConvert":"그건 나도 그래. 적어도 부주의로 낭비한 돈은 나오지 않게 관리하고 싶은데 그걸 할 수 있으면 애초에 부주의로 낭비한 돈이 아니겠지.",
      "StartTime":96.48,
      "EndTime":103.19,
      "SpeakTime":6.71,
      "WordInfo":[
        {
          "Word":"멍청비용",
          "WordType":"은어",
          "WordStructure":"합성어",
          "WordDefine":"나의 부주의로 멍청하게 낭비한 돈",
          "WordFell":"부정",
          "WordMean":"싫어함"
        },
        {
          "Word":"멍청비용",
          "WordType":"은어",
          "WordStructure":"합성어",
          "WordDefine":"나의 부주의로 멍청하게 낭비한 돈",
          "WordFell":"부정",
          "WordMean":"싫어함"
        }
      ]
    },
    {
      "Speaker":"5935",
      "SpeakerText":"난 요즘 가계부 쓰면서 관리 중인데 내 쓸쓸비용이 이렇게 많이 나왔었나 하고 놀라는 중이야.",
      "TextConvert":"난 요즘 가계부 쓰면서 관리 중인데 내 쓸쓸함을 달래기 위한 지출비용이 이렇게 많이 나왔었나 하고 놀라는 중이야.",
      "StartTime":103.93,
      "EndTime":111.59,
      "SpeakTime":7.66,
      "WordInfo":[
        {
          "Word":"쓸쓸비용",
          "WordType":"줄임말",
          "WordStructure":"합성어",
          "WordDefine":"외로움과 쓸쓸함을 달래기 위해 기분 전환하려고 지출하는 비용을 말한다",
          "WordFell":"부정",
          "WordMean":"싫어함"
        }
      ]
    },
    {
      "Speaker":"4935",
      "SpeakerText":"진짜 알바라도 해야 하나 싶다. 아까 말했듯이 회사랑 알바처 둘 다에게 곤란한 상황이 생길까 봐 참고 있지만.",
      "TextConvert":"진짜 아르바이트라도 해야 하나 싶다. 아까 말했듯이 회사랑 아르바이트처 둘 다에게 곤란한 상황이 생길까 봐 참고 있지만.",
      "StartTime":112.88,
      "EndTime":119.54,
      "SpeakTime":6.66,
      "WordInfo":[
        {
          "Word":"알바",
          "WordType":"줄임말",
          "WordStructure":"축약어",
          "WordDefine":"아르바이트'의 줄임말",
          "WordFell":"중립",
          "WordMean":"감정없음"
        },
        {
          "Word":"알바",
          "WordType":"줄임말",
          "WordStructure":"축약어",
          "WordDefine":"아르바이트'의 줄임말",
          "WordFell":"중립",
          "WordMean":"감정없음"
        }
      ]
    },
    {
      "Speaker":"5935",
      "SpeakerText":"난 떡락 소식을 들을 때마다 더 신경질이 나더라. ",
      "TextConvert":"난 물건값이나 주가가 갑자기 크게 떨어지는 것 소식을 들을 때마다 더 신경질이 나더라. ",
      "StartTime":120.38,
      "EndTime":123.99,
      "SpeakTime":3.61,
      "WordInfo":[
        {
          "Word":"떡락",
          "WordType":"은어",
          "WordStructure":"합성어",
          "WordDefine":"떡칠'을 의미하는 '떡'과 물건의 값이나 주가 등이 갑자기 큰 폭으로 떨어지는 것을 의미하는 '급하락'을 합쳐 만든 단어",
          "WordFell":"부정",
          "WordMean":"싫어함"
        }
      ]
    },
    {
      "Speaker":"4935",
      "SpeakerText":"가성비 제품들을 찾아 헤매고 그 중에서도 착한가격의 제품들을 찾으면서 투자가 뭐길래 내가 이러고 있나 현타가 오기도 하고.",
      "TextConvert":"가격 대비 성능비 제품들을 찾아 헤매고 그 중에서도 적당히 저렴하거나 싼가격의 제품들을 찾으면서 투자가 뭐길래 내가 이러고 있나 현실 자각타임이 오기도 하고.",
      "StartTime":125.38,
      "EndTime":132.44,
      "SpeakTime":7.06,
      "WordInfo":[
        {
          "Word":"가성비",
          "WordType":"줄임말",
          "WordStructure":"축약어",
          "WordDefine":"가격 대비 성능비'를 줄인말로써 지불한 가격에 비해 얼마나 성능(만족감)이 높은지를 의미하는 단어",
          "WordFell":"긍정",
          "WordMean":"선의"
        },
        {
          "Word":"착한가격",
          "WordType":"유행어",
          "WordStructure":"합성어",
          "WordDefine":"착한+가격' / 서민적이고 저렴한 가격, 또는 적당히 싼 가격",
          "WordFell":"긍정",
          "WordMean":"선의"
        },
        {
          "Word":"현타",
          "WordType":"유행어",
          "WordStructure":"축약어",
          "WordDefine":"현실자각타임'을 줄인말/무언가를 집중해서 열정적으로 행동하고 난 뒤 갑자기 그 일을 후회하거나 수치스러워 함",
          "WordFell":"부정",
          "WordMean":"화남"
        }
      ]
    },
    {
      "Speaker":"5935",
      "SpeakerText":"맞아. 존버하면서도 그런 생각이 들어.",
      "TextConvert":"맞아. 막연히 계속 버티면서도 그런 생각이 들어.",
      "StartTime":133.03,
      "EndTime":136.14,
      "SpeakTime":3.11,
      "WordInfo":[
        {
          "Word":"존버",
          "WordType":"속어",
          "WordStructure":"축약어",
          "WordDefine":"비속어'존나'+ '버티다'의 줄임말/끝까지 막연하게 버팀",
          "WordFell":"긍정",
          "WordMean":"선의"
        }
      ]
    },
    {
      "Speaker":"4935",
      "SpeakerText":"이렇게 독하게 자금을 모으는 내가 신기하기도 하고. 이렇게 투자에 집착하니까 이코노사이드 같은 현상도 일어나는 거겠지?",
      "TextConvert":"이렇게까지 독하게 자금을 모으는 내가 신기하기도 하고. 이렇게 투자에 집착하니까 생활고로 자살하는 사태 같은 현상도 일어나는 거겠지?",
      "StartTime":137.13,
      "EndTime":144.04,
      "SpeakTime":6.91,
      "WordInfo":[
        {
          "Word":"이코노사이드",
          "WordType":"속어",
          "WordStructure":"혼성어",
          "WordDefine":"경제(economy)와 자살(suicide)의 합성어 / 생활고로 자살이라는 최악의 선택을 하는 사태",
          "WordFell":"부정",
          "WordMean":"싫어함"
        }
      ]
    },
    {
      "Speaker":"5935",
      "SpeakerText":"무서운 소리 하지 말고. 아무튼 영끌족이 멀리 있는 게 아니야.",
      "TextConvert":"무서운 소리 하지 말고. 아무튼 커보이려고 없는 돈이나 물건을 끌어모은 모습이 멀리 있는 게 아니야.",
      "StartTime":144.93,
      "EndTime":149.54,
      "SpeakTime":4.61,
      "WordInfo":[
        {
          "Word":"영끌족",
          "WordType":"속어",
          "WordStructure":"기타",
          "WordDefine":"부족한 것을 마치 복어마냥 한껏 부풀려보이기 위하여 없는 돈이나 물건 등을 끌어모은 모습을 희화화하는 표현이다.",
          "WordFell":"부정",
          "WordMean":"싫어함"
        }
      ]
    },
    {
      "Speaker":"4935",
      "SpeakerText":"가끔은 투자고 미래고 뭐고 간에 그냥 욜로족으로 살고 싶어.",
      "TextConvert":"가끔은 투자고 미래고 뭐고 간에 그냥 본인 관련 소비와 행복을 우선으로 하는 사람으로 살고 싶어.",
      "StartTime":150.38,
      "EndTime":154.34,
      "SpeakTime":3.96,
      "WordInfo":[
        {
          "Word":"욜로족",
          "WordType":"줄임말",
          "WordStructure":"합성어",
          "WordDefine":"본인 중심의 소비와 행복을 우선시하는 사람들",
          "WordFell":"긍정",
          "WordMean":"선의"
        }
      ]
    },
    {
      "Speaker":"5935",
      "SpeakerText":"욜로가 결국 답인가. 마음 편하고 행복하기에는.",
      "TextConvert":"본인 관련 소비와 행복을 우선으로 하는거가 결국 답인가. 마음 편하고 행복하기에는.",
      "StartTime":154.63,
      "EndTime":159.64,
      "SpeakTime":5.01,
      "WordInfo":[
        {
          "Word":"욜로",
          "WordType":"줄임말",
          "WordStructure":"혼성어",
          "WordDefine":"욜로+나홀로의 합성어로 본인 중심의 소비와 행복을 우선시하는 것",
          "WordFell":"긍정",
          "WordMean":"좋음"
        }
      ]
    },
    {
      "Speaker":"4935",
      "SpeakerText":"그래도 총알을 다 모을 때까지는 당분간은 짠테크를 계속하고 싶네. 지금 포기하면 내가 존버한 게 아까워.",
      "TextConvert":"그래도 상품구매나 투자를 위한 돈을 다 모을 때까지는 당분간은 절약을 통해 투자 자금을 모으는 것을 계속하고 싶네. 지금 포기하면 내가 막연히 계속 버틴 게 아까워.",
      "StartTime":160.33,
      "EndTime":167.14,
      "SpeakTime":6.81,
      "WordInfo":[
        {
          "Word":"총알",
          "WordType":"은어",
          "WordStructure":"파생어",
          "WordDefine":"상품 구매나 투자 목적으로 사용할 수 있는 현금",
          "WordFell":"중립",
          "WordMean":"감정없음"
        },
        {
          "Word":"짠테크",
          "WordType":"은어",
          "WordStructure":"혼성어",
          "WordDefine":"짜다+제테크'의 합성어 / 절약을 통해 투자를 위한 종잣돈을 모으는 방식을 뜻함",
          "WordFell":"중립",
          "WordMean":"감정없음"
        },
        {
          "Word":"존버",
          "WordType":"속어",
          "WordStructure":"축약어",
          "WordDefine":"비속어'존나'+ '버티다'의 줄임말/끝까지 막연하게 버팀",
          "WordFell":"긍정",
          "WordMean":"선의"
        }
      ]
    },
    {
      "Speaker":"5935",
      "SpeakerText":"그래. 나는 고민 좀 해 봐야겠어.",
      "TextConvert":"그래. 나는 고민 좀 해 봐야겠어.",
      "StartTime":167.83,
      "EndTime":170.49,
      "SpeakTime":2.66,
      "WordInfo":null
    }
  ]
}
