{
  "DataSet":"연령대별특징적발화음성",
  "Version":"1.0",
  "Date":"20220917",
  "MediaUrl":"단어/50대이상/51.여가/50_51_2136_220917_0010.wav",
  "Category":"50대이상",
  "SubCategory":"여가",
  "DialogPlace":"집",
  "DialogVoiceType":"독백",
  "SpeakerNumber":"1",
  "RecDevice":"스마트폰",
  "RecLen":3.627,
  "AudioResolution":{
    "BitDepth":"16bit",
    "SampleRate":"44.1kHz"
  },
  "Speakers":[
    {
      "Speaker":"2136",
      "Gender":"여성",
      "Locate":"충청",
      "AgeGroup":"20"
    }
  ],
  "Dialogs":[
    {
      "Speaker":"2136",
      "SpeakerText":"맛세이",
      "TextConvert":"찍어치기",
      "StartTime":1,
      "EndTime":2.627,
      "SpeakTime":1.627,
      "WordInfo":[
        {
          "Word":"맛세이",
          "WordType":"은어",
          "WordStructure":"파생어",
          "WordDefine":"당구은어 / 찍어치기, 세워치기 : 프랑스어 Masse를 일본어로 맛세（マッセ）라고 하는데서 잘못 쓰였다.",
          "WordFell":"중립",
          "WordMean":"감정없음"
        }
      ]
    }
  ]
}
