{
  "DataSet":"연령대별특징적발화음성",
  "Version":"1.0",
  "Date":"20220908",
  "MediaUrl":"단어/50대이상/51.여가/50_51_2094_220908_0037.wav",
  "Category":"50대이상",
  "SubCategory":"여가",
  "DialogPlace":"집",
  "DialogVoiceType":"독백",
  "SpeakerNumber":"1",
  "RecDevice":"스마트폰",
  "RecLen":3.822,
  "AudioResolution":{
    "BitDepth":"16bit",
    "SampleRate":"44.1kHz"
  },
  "Speakers":[
    {
      "Speaker":"2094",
      "Gender":"여성",
      "Locate":"수도권",
      "AgeGroup":"50"
    }
  ],
  "Dialogs":[
    {
      "Speaker":"2094",
      "SpeakerText":"호캉스",
      "TextConvert":"호텔에서의 바캉스",
      "StartTime":1,
      "EndTime":2.822,
      "SpeakTime":1.822,
      "WordInfo":[
        {
          "Word":"호캉스",
          "WordType":"줄임말",
          "WordStructure":"혼성어",
          "WordDefine":"호텔+바캉스'의 합성어로 호텔에서 즐기는 바캉스를 의미함",
          "WordFell":"긍정",
          "WordMean":"선의"
        }
      ]
    }
  ]
}
