{
  "DataSet":"연령대별특징적발화음성",
  "Version":"1.0",
  "Date":"20220901",
  "MediaUrl":"단어/50대이상/51.여가/50_51_2057_220901_0043.wav",
  "Category":"50대이상",
  "SubCategory":"여가",
  "DialogPlace":"집",
  "DialogVoiceType":"독백",
  "SpeakerNumber":"1",
  "RecDevice":"스마트폰",
  "RecLen":3.794,
  "AudioResolution":{
    "BitDepth":"16bit",
    "SampleRate":"44.1kHz"
  },
  "Speakers":[
    {
      "Speaker":"2057",
      "Gender":"남성",
      "Locate":"충청",
      "AgeGroup":"40"
    }
  ],
  "Dialogs":[
    {
      "Speaker":"2057",
      "SpeakerText":"와이파이샷",
      "TextConvert":"공이 좌우로 나가는 골프 샷",
      "StartTime":1,
      "EndTime":2.794,
      "SpeakTime":1.794,
      "WordInfo":[
        {
          "Word":"와이파이샷",
          "WordType":"은어",
          "WordStructure":"합성어",
          "WordDefine":"골프에서 공이 좌 우로 나가는 샷",
          "WordFell":"중립",
          "WordMean":"감정없음"
        }
      ]
    }
  ]
}
