{
  "DataSet":"연령대별특징적발화음성",
  "Version":"1.0",
  "Date":"20220902",
  "MediaUrl":"문장/40대/42.주거/40_42_3211_220902_0069.wav",
  "Category":"40대",
  "SubCategory":"주거",
  "DialogPlace":"집",
  "DialogVoiceType":"독백",
  "SpeakerNumber":"1",
  "RecDevice":"스마트폰",
  "RecLen":11.225,
  "AudioResolution":{
    "BitDepth":"16bit",
    "SampleRate":"44.1kHz"
  },
  "Speakers":[
    {
      "Speaker":"3211",
      "Gender":"여성",
      "Locate":"충청",
      "AgeGroup":"40"
    }
  ],
  "Dialogs":[
    {
      "Speaker":"3211",
      "SpeakerText":"내가 오늘은 도세권이라는 것을 알게 되었는데 도서관하고 역세권의 합성어로 도서관이 가까운 거리에 있는 곳을 뜻해.",
      "TextConvert":"내가 오늘은 도서관이 가까운 거리에 있는 곳이라는 것을 알게 되었는데 도서관하고 역세권의 합성어로 도서관이 가까운 거리에 있는 곳을 뜻해.",
      "StartTime":1,
      "EndTime":10.225,
      "SpeakTime":9.225,
      "WordInfo":[
        {
          "Word":"도세권",
          "WordType":"은어",
          "WordStructure":"혼성어",
          "WordDefine":"도서관+역세권\"의 합성어 / 도서관이 가까운 거리에 있는 곳",
          "WordFell":"중립",
          "WordMean":"감정없음"
        }
      ]
    }
  ]
}
