{
  "DataSet":"연령대별특징적발화음성",
  "Version":"1.0",
  "Date":"20220901",
  "MediaUrl":"단어/30대/34.연애결혼/30_34_2059_220901_0036.wav",
  "Category":"30대",
  "SubCategory":"연애결혼",
  "DialogPlace":"집",
  "DialogVoiceType":"독백",
  "SpeakerNumber":"1",
  "RecDevice":"스마트폰",
  "RecLen":3.503,
  "AudioResolution":{
    "BitDepth":"16bit",
    "SampleRate":"44.1kHz"
  },
  "Speakers":[
    {
      "Speaker":"2059",
      "Gender":"여성",
      "Locate":"수도권",
      "AgeGroup":"30"
    }
  ],
  "Dialogs":[
    {
      "Speaker":"2059",
      "SpeakerText":"돌싱",
      "TextConvert":"돌아온 싱글",
      "StartTime":1,
      "EndTime":2.503,
      "SpeakTime":1.503,
      "WordInfo":[
        {
          "Word":"돌싱",
          "WordType":"줄임말",
          "WordStructure":"축약어",
          "WordDefine":"돌아온?싱글' 의 준말. 혼인 관계를 깨고 싱글로 돌아온 이들을 가리키는 말이다.",
          "WordFell":"중립",
          "WordMean":"감정없음"
        }
      ]
    }
  ]
}
