{
  "DataSet":"연령대별특징적발화음성",
  "Version":"1.0",
  "Date":"20220919",
  "MediaUrl":"단어/30대/34.연애결혼/30_34_2121_220919_0098.wav",
  "Category":"30대",
  "SubCategory":"연애결혼",
  "DialogPlace":"집",
  "DialogVoiceType":"독백",
  "SpeakerNumber":"1",
  "RecDevice":"스마트폰",
  "RecLen":3.568,
  "AudioResolution":{
    "BitDepth":"16bit",
    "SampleRate":"44.1kHz"
  },
  "Speakers":[
    {
      "Speaker":"2121",
      "Gender":"여성",
      "Locate":"수도권",
      "AgeGroup":"20"
    }
  ],
  "Dialogs":[
    {
      "Speaker":"2121",
      "SpeakerText":"차도녀",
      "TextConvert":"차가운 도시 여자",
      "StartTime":1,
      "EndTime":2.568,
      "SpeakTime":1.568,
      "WordInfo":[
        {
          "Word":"차도녀",
          "WordType":"은어",
          "WordStructure":"축약어",
          "WordDefine":"차가운 도시 여자, 남자의 준말로 겉모습은 차갑고 도도해 보이지만 자신의 이성에게는 헌신적이고 따뜻한 여자",
          "WordFell":"긍정",
          "WordMean":"좋음"
        }
      ]
    }
  ]
}
