{
  "DataSet":"연령대별특징적발화음성",
  "Version":"1.0",
  "Date":"20221014",
  "MediaUrl":"대화/10대/12.SNS/10_12_43035303_221014_0024.wav",
  "Category":"10대",
  "SubCategory":"SNS",
  "DialogPlace":"집",
  "DialogVoiceType":"음성통화",
  "SpeakerNumber":"2",
  "RecDevice":"스마트폰",
  "RecLen":159.219,
  "AudioResolution":{
    "BitDepth":"16bit",
    "SampleRate":"44.1kHz"
  },
  "Speakers":[
    {
      "Speaker":"4303",
      "Gender":"여성",
      "Locate":"충청",
      "AgeGroup":"10"
    },
    {
      "Speaker":"5303",
      "Gender":"여성",
      "Locate":"충청",
      "AgeGroup":"10"
    }
  ],
  "Dialogs":[
    {
      "Speaker":"4303",
      "SpeakerText":"요즘 인스타나 페북 보면 아무나 와서 알지도 못하는데 아는 척 하고 팩폭 한다며 댓망진창으로 달고 가는 애들 정말 많더라.",
      "TextConvert":"요즘 인스타그램이나 페이스북 보면 아무나 와서 알지도 못하는데 아는 척 하고 팩트 폭행 한다며 댓글 엉망진창으로 달고 가는 애들 정말 많더라.",
      "StartTime":0.23,
      "EndTime":8.49,
      "SpeakTime":8.26,
      "WordInfo":[
        {
          "Word":"인스타",
          "WordType":"줄임말",
          "WordStructure":"축약어",
          "WordDefine":"인스타그램(SNS)'의 줄임말",
          "WordFell":"중립",
          "WordMean":"감정없음"
        },
        {
          "Word":"페북",
          "WordType":"줄임말",
          "WordStructure":"축약어",
          "WordDefine":"페이스북(SNS)'의 줄임말. ",
          "WordFell":"중립",
          "WordMean":"감정없음"
        },
        {
          "Word":"팩폭",
          "WordType":"속어",
          "WordStructure":"합성어",
          "WordDefine":"팩트폭행의 줄임말 / 반박할수없는 진실로 상대에게 타격을 주다",
          "WordFell":"부정",
          "WordMean":"싫어함"
        },
        {
          "Word":"댓망진창",
          "WordType":"은어",
          "WordStructure":"혼성어",
          "WordDefine":"댓글이 엉망진창이라는 의미로, ‘댓글’과 ‘엉망진창’이 합쳐져 만들어진 신조어이다.",
          "WordFell":"부정",
          "WordMean":"싫어함"
        }
      ]
    },
    {
      "Speaker":"5303",
      "SpeakerText":"하는 것 보면 킹받게 만드는 애들도 많고, 누구는 가계정 만들어서 뛰기도 하더라구.",
      "TextConvert":"하는 것 보면 열받게 만드는 애들도 많고, 누구는 임시계정 만들어서 뛰기도 하더라구.",
      "StartTime":9.23,
      "EndTime":14.34,
      "SpeakTime":5.11,
      "WordInfo":[
        {
          "Word":"킹받는다",
          "WordType":"속어",
          "WordStructure":"합성어",
          "WordDefine":"열받는다' 의 '열'을 '킹'으로 바꿔 강조 표현",
          "WordFell":"부정",
          "WordMean":"화남"
        },
        {
          "Word":"가계정",
          "WordType":"줄임말",
          "WordStructure":"합성어",
          "WordDefine":"임시 계정",
          "WordFell":"중립",
          "WordMean":"감정없음"
        }
      ]
    },
    {
      "Speaker":"4303",
      "SpeakerText":"너 그거 들어 봤어? 대륙의 어떤 남녀 이야기거든.",
      "TextConvert":"너 그거 들어 봤어? 대륙의 어떤 남녀 이야기거든.",
      "StartTime":14.43,
      "EndTime":18.09,
      "SpeakTime":3.66,
      "WordInfo":null
    },
    {
      "Speaker":"5303",
      "SpeakerText":"혹시 내가 심쿵해도 되는 이야기냐?",
      "TextConvert":"혹시 내가 크게 호감을 느끼거나 해도 되는 이야기냐?",
      "StartTime":18.73,
      "EndTime":20.79,
      "SpeakTime":2.06,
      "WordInfo":[
        {
          "Word":"심쿵",
          "WordType":"유행어",
          "WordStructure":"축약어",
          "WordDefine":"심장에 쿵하고 충격이 왔다는 의미의 유행어/크게 호감을 느끼거나 마음이 동요했다는 의미로 사용되고 있다.",
          "WordFell":"긍정",
          "WordMean":"좋음"
        }
      ]
    },
    {
      "Speaker":"4303",
      "SpeakerText":"아니, 완전 대박 사건인데 이거 실화야. 나는 이 얘기를 듣고 프사의 중요성을 좀 깨달았어.",
      "TextConvert":"아니, 완전 대박 사건인데 이거 실화야. 나는 이 얘기를 듣고 프로필 사진의 중요성을 좀 깨달았어.",
      "StartTime":20.98,
      "EndTime":27.39,
      "SpeakTime":6.41,
      "WordInfo":[
        {
          "Word":"프사",
          "WordType":"줄임말",
          "WordStructure":"축약어",
          "WordDefine":"프로필'+'사진'을 축약시킨 단어/프로필을 표시할때 나타내는 이미지",
          "WordFell":"중립",
          "WordMean":"감정없음"
        }
      ]
    },
    {
      "Speaker":"5303",
      "SpeakerText":"설마 만찢녀거나 우귀체는 아닌거지? 만약 그거라면 그런게 초대박인거지.",
      "TextConvert":"설마 허구의 만화속 인물처럼 외모가 출중한 여자거나 우주에서 제일 귀여운 생명체는 아닌거지? 만약 그거라면 그런게 초대박인거지.",
      "StartTime":27.98,
      "EndTime":32.94,
      "SpeakTime":4.96,
      "WordInfo":[
        {
          "Word":"만찢녀",
          "WordType":"줄임말",
          "WordStructure":"축약어",
          "WordDefine":"‘만화를 찢고 나온 여자‘의 줄임말. / '허구의 만화 속 인물처럼 외모가 출중한 여자' 또는 '모든 것이 완벽한 여자'를 뜻한다.",
          "WordFell":"긍정",
          "WordMean":"좋음"
        },
        {
          "Word":"우귀체",
          "WordType":"줄임말",
          "WordStructure":"축약어",
          "WordDefine":"우주에서 제일 귀여운 생명체의 준말",
          "WordFell":"긍정",
          "WordMean":"좋음"
        }
      ]
    },
    {
      "Speaker":"4303",
      "SpeakerText":"관심병일지도 모르는데 프사랑 실물이랑 너무 달라서 남자가 여자한테 진심 죽빵을 날린 사건의 이야기거든. 웃픈 일 아니니?",
      "TextConvert":"타인에게 주목받고 싶어하는 정도가 심해 사람들의 관심을 과도하게 끄는 병일지도 모르는데 프로필 사진랑 실물이랑 너무 달라서 남자가 여자한테 진심 상대방의 뺨을 주먹으로 치는 행위를 날린 사건의 이야기거든. 웃기면서 슬픈 일 아니니?",
      "StartTime":33.33,
      "EndTime":41.64,
      "SpeakTime":8.31,
      "WordInfo":[
        {
          "Word":"관심병",
          "WordType":"속어",
          "WordStructure":"합성어",
          "WordDefine":"?'타인에게 주목받고 싶어하는 정도가 심해 사람들의 관심을 과도하게 끄는 병'을 일컫는 신조어이다.",
          "WordFell":"부정",
          "WordMean":"싫어함"
        },
        {
          "Word":"프사",
          "WordType":"줄임말",
          "WordStructure":"축약어",
          "WordDefine":"프로필'+'사진'을 축약시킨 단어/프로필을 표시할때 나타내는 이미지",
          "WordFell":"중립",
          "WordMean":"감정없음"
        },
        {
          "Word":"죽빵",
          "WordType":"유행어",
          "WordStructure":"기타",
          "WordDefine":"상대방의 뺨을 손바닥이 아닌?주먹으로 치는 행위를 뜻한다.",
          "WordFell":"부정",
          "WordMean":"싫어함"
        },
        {
          "Word":"웃프다",
          "WordType":"줄임말",
          "WordStructure":"축약어",
          "WordDefine":"웃기면서 슬프다",
          "WordFell":"부정",
          "WordMean":"싫어함"
        }
      ]
    },
    {
      "Speaker":"5303",
      "SpeakerText":"남자가 죽빵을 날린 이유는 잘 모르겠지만 그 사람 낫닝겐 아니야? 아무리 그래도 그렇지 어케 남자가 여자한테 주먹을 날리냐고.",
      "TextConvert":"남자가 상대방의 뺨을 주먹으로 치는 행위를 한 이유는 잘 모르겠지만 그 사람 인간 아닌거 아니야? 아무리 그래도 그렇지 어떻게 남자가 여자한테 주먹을 날리냐고.",
      "StartTime":42.48,
      "EndTime":50.04,
      "SpeakTime":7.56,
      "WordInfo":[
        {
          "Word":"죽빵",
          "WordType":"유행어",
          "WordStructure":"기타",
          "WordDefine":"상대방의 뺨을 손바닥이 아닌?주먹으로 치는 행위를 뜻한다.",
          "WordFell":"부정",
          "WordMean":"싫어함"
        },
        {
          "Word":"낫닝겐",
          "WordType":"줄임말",
          "WordStructure":"합성어",
          "WordDefine":"영단어 ‘not’과 ‘인간’을 뜻하는 일본어 ‘닝겐(人間·にんげん·닌겐)’의 합성어. 그대로 직역해 ‘인간이 아니다’라는 뜻으로 쓰인다.",
          "WordFell":"중립",
          "WordMean":"감정없음"
        },
        {
          "Word":"어케",
          "WordType":"줄임말",
          "WordStructure":"축약어",
          "WordDefine":"어떻게의 줄임말",
          "WordFell":"중립",
          "WordMean":"감정없음"
        }
      ]
    },
    {
      "Speaker":"4303",
      "SpeakerText":"나도 있잖아. 처음에는 그 남자가 정줄놓이라고 생각했어. 그런데 실체를 알고나니까 그 남자가 왜 그렇게까지 했는지 이유를 알겠더라.",
      "TextConvert":"나도 있잖아. 처음에는 그 남자가 정신나간 사람이라고 생각했어. 그런데 실체를 알고나니까 그 남자가 왜 그렇게까지 했는지 이유를 알겠더라.",
      "StartTime":50.58,
      "EndTime":59.84,
      "SpeakTime":9.26,
      "WordInfo":[
        {
          "Word":"정줄놓",
          "WordType":"줄임말",
          "WordStructure":"축약어",
          "WordDefine":"정신줄을 놓았다를 줄인 말이며, 인터넷에서 어처구니없는 상황이나 정신나간 사람을 보면 많이 쓰는 표현이다.",
          "WordFell":"부정",
          "WordMean":"싫어함"
        }
      ]
    },
    {
      "Speaker":"5303",
      "SpeakerText":"실물이 혹시 정뚝떨이었던건가?",
      "TextConvert":"실물이 혹시 정이 뚝 떨어질 수준이었던건가?",
      "StartTime":60.78,
      "EndTime":63.14,
      "SpeakTime":2.36,
      "WordInfo":[
        {
          "Word":"정뚝떨",
          "WordType":"줄임말",
          "WordStructure":"축약어",
          "WordDefine":"정이 뚝 떨어지다'를 줄여 이르는 말. 어떤 일로 인하여 좋아하던 것에 갑자기 정이 없어질 때 쓴다.",
          "WordFell":"부정",
          "WordMean":"싫어함"
        }
      ]
    },
    {
      "Speaker":"4303",
      "SpeakerText":"빙고! 나도 기사 봤는데 실물과 프사가 정말로 극과 극이었거든. 그런데 그 먼거리를 그 여자 한번 보겠다고 아홉 시간 동안 비행기를 타고 내려서 딱 보는 순간, 개실망도 그런 개실망이 없었던거지. 순간적으로 존나 패고 싶었나보더라고.",
      "TextConvert":"빙고! 나도 기사 봤는데 실물과 프로필 사진이 정말로 극과 극이었거든. 그런데 그 먼거리를 그 여자 한번 보겠다고 아홉 시간 동안 비행기를 타고 내려서 딱 보는 순간, 매우 실망도 그런 매우 실망이 없었던거지. 순간적으로 굉장히 패고 싶었나보더라고.",
      "StartTime":63.379,
      "EndTime":80.94,
      "SpeakTime":17.561,
      "WordInfo":[
        {
          "Word":"프사",
          "WordType":"줄임말",
          "WordStructure":"축약어",
          "WordDefine":"프로필'+'사진'을 축약시킨 단어/프로필을 표시할때 나타내는 이미지",
          "WordFell":"중립",
          "WordMean":"감정없음"
        },
        {
          "Word":"개실망하다",
          "WordType":"유행어",
          "WordStructure":"합성어",
          "WordDefine":"매우 실망하다의 줄임말",
          "WordFell":"부정",
          "WordMean":"싫어함"
        },
        {
          "Word":"개실망하다",
          "WordType":"유행어",
          "WordStructure":"합성어",
          "WordDefine":"매우 실망하다의 줄임말",
          "WordFell":"부정",
          "WordMean":"싫어함"
        },
        {
          "Word":"존나",
          "WordType":"속어",
          "WordStructure":"기타",
          "WordDefine":"매우~, 너무~, 엄청~ 등 의 뜻으로 대상, 혹은 감정을 강조할 때 쓰이는 한국어의 비속어.",
          "WordFell":"중립",
          "WordMean":"감정없음"
        }
      ]
    },
    {
      "Speaker":"5303",
      "SpeakerText":"이거 완전 할많하않인 느낌인데? 일종의 배신감을 느낀거구만. 그렇지 않고서야 어떻게 그래. 좋아서 심멎이 아니라 너무 쇼크 먹어서 심멎할 뻔 했겠구만.",
      "TextConvert":"이거 완전 할말은 많지만 하지 않겠다인 느낌인데? 일종의 배신감을 느낀거구만. 그렇지 않고서야 어떻게 그래. 좋아서 심장이 멎은게 아니라 너무 쇼크 먹어서 심장이 멎는거 할 뻔 했겠구만.",
      "StartTime":81.88,
      "EndTime":92.39,
      "SpeakTime":10.51,
      "WordInfo":[
        {
          "Word":"할많하않",
          "WordType":"줄임말",
          "WordStructure":"축약어",
          "WordDefine":"할 말은 많지만 하지 않겠다'의 줄임말",
          "WordFell":"부정",
          "WordMean":"싫어함"
        },
        {
          "Word":"심멎",
          "WordType":"줄임말",
          "WordStructure":"축약어",
          "WordDefine":"심장이 멎을 만큼 멋지거나 아름답다.'",
          "WordFell":"긍정",
          "WordMean":"좋음"
        },
        {
          "Word":"심멎",
          "WordType":"줄임말",
          "WordStructure":"축약어",
          "WordDefine":"심장이 멎을 만큼 멋지거나 아름답다.'",
          "WordFell":"긍정",
          "WordMean":"좋음"
        }
      ]
    },
    {
      "Speaker":"4303",
      "SpeakerText":"그런거지. 앗싸리 만나자고 했을 때 만나주지를 말던가. 그러면 전치 (4주)/(사 주) 되도록 죽빵 맞지도 않았을거고 그냥 온라인으로 계속 그 남자한테는 만찢녀, 우귀체로 남아있었을 것 아니야.",
      "TextConvert":"그런거지. 차라리 만나자고 했을 때 만나주지를 말던가. 그러면 전치 4주 되도록 상대방의 뺨을 주먹으로 치는거 맞지도 않았을거고 그냥 온라인으로 계속 그 남자한테는 허구의 만화속 인물처럼 외모가 출중한 여자, 우주에서 제일 귀여운 생명체로 남아있었을 것 아니야.",
      "StartTime":92.93,
      "EndTime":105.79,
      "SpeakTime":12.86,
      "WordInfo":[
        {
          "Word":"앗싸리",
          "WordType":"유행어",
          "WordStructure":"파생어",
          "WordDefine":"대체로 '차라리, 아예, 그냥'등의 단어와 비슷한 뜻으로 사용된다. 예) 그걸 살 바에야 앗싸리 이걸 두 개 사겠어! 어원은 일본어의 あっさり(깨끗이, 간단히, 시원스레, 선선히 등의 뜻).",
          "WordFell":"중립",
          "WordMean":"감정없음"
        },
        {
          "Word":"죽빵",
          "WordType":"유행어",
          "WordStructure":"기타",
          "WordDefine":"상대방의 뺨을 손바닥이 아닌?주먹으로 치는 행위를 뜻한다.",
          "WordFell":"부정",
          "WordMean":"싫어함"
        },
        {
          "Word":"만찢녀",
          "WordType":"줄임말",
          "WordStructure":"축약어",
          "WordDefine":"‘만화를 찢고 나온 여자‘의 줄임말. / '허구의 만화 속 인물처럼 외모가 출중한 여자' 또는 '모든 것이 완벽한 여자'를 뜻한다.",
          "WordFell":"긍정",
          "WordMean":"좋음"
        },
        {
          "Word":"우귀체",
          "WordType":"줄임말",
          "WordStructure":"축약어",
          "WordDefine":"우주에서 제일 귀여운 생명체의 준말",
          "WordFell":"긍정",
          "WordMean":"좋음"
        }
      ]
    },
    {
      "Speaker":"5303",
      "SpeakerText":"그 남자는 여자를 향해 주먹으로 자신의 싫존주의를 표현한거네.",
      "TextConvert":"그 남자는 여자를 향해 주먹으로 자신의 불만이나 선호하지 않는 취향등을 당당하게 밝히는 현상을 표현한거네.",
      "StartTime":107.23,
      "EndTime":111.14,
      "SpeakTime":3.91,
      "WordInfo":[
        {
          "Word":"싫존주의",
          "WordType":"줄임말",
          "WordStructure":"혼성어",
          "WordDefine":"불만이나 선호하지 않는 취향등을 당당하게 밝히는 현상/\"싫어하는것도 존중해달라\"는 뜻",
          "WordFell":"부정",
          "WordMean":"싫어함"
        }
      ]
    },
    {
      "Speaker":"4303",
      "SpeakerText":"더 웃긴 일은 그 여자가 온라인상에서 정말 인기 많은 인플루언서였다는 사실이야.",
      "TextConvert":"더 웃긴 일은 그 여자가 온라인상에서 정말 인기 많은 타인에게 영향력을 끼치는 사람이였다는 사실이야.",
      "StartTime":111.83,
      "EndTime":117.44,
      "SpeakTime":5.61,
      "WordInfo":[
        {
          "Word":"인플루언서",
          "WordType":"은어",
          "WordStructure":"기타",
          "WordDefine":"타인에게 영향력을 끼치는 사람(Influence + er)이라는 뜻의 신조어",
          "WordFell":"중립",
          "WordMean":"감정없음"
        }
      ]
    },
    {
      "Speaker":"5303",
      "SpeakerText":"완전 이생망이 따로 없네. 아무튼 나도 여사친들의 카톡 프사를 보면 이런 생각이 들어 넌 누구? 여긴 어디? 뭐 이런 생각 말이야. 이런 애들 정말 많거든.",
      "TextConvert":"완전 이번 생은 망했다가 따로 없네. 아무튼 나도 여자인 친구들의 카카오톡 프로필 사진을 보면 이런 생각이 들어 넌 누구? 여긴 어디? 뭐 이런 생각 말이야. 이런 애들 정말 많거든.",
      "StartTime":118.43,
      "EndTime":128.389,
      "SpeakTime":9.959,
      "WordInfo":[
        {
          "Word":"이생망",
          "WordType":"줄임말",
          "WordStructure":"축약어",
          "WordDefine":"이번 생은 망했다'를 줄여 이르는 말 / 주로 젊은 층에서 자조적으로 쓴다.",
          "WordFell":"부정",
          "WordMean":"싫어함"
        },
        {
          "Word":"여사친",
          "WordType":"줄임말",
          "WordStructure":"축약어",
          "WordDefine":"친구가 성별이 여자인 사람. / 이성이되 연인 관계는 결코 아닌 친구 관계를 여사친이라 부른다",
          "WordFell":"긍정",
          "WordMean":"좋음"
        },
        {
          "Word":"카톡",
          "WordType":"유행어",
          "WordStructure":"축약어",
          "WordDefine":"주로 쓰는 메신저 앱인 카카오톡(kakao talk)의 준말",
          "WordFell":"중립",
          "WordMean":"감정없음"
        },
        {
          "Word":"프사",
          "WordType":"줄임말",
          "WordStructure":"축약어",
          "WordDefine":"프로필'+'사진'을 축약시킨 단어/프로필을 표시할때 나타내는 이미지",
          "WordFell":"중립",
          "WordMean":"감정없음"
        }
      ]
    },
    {
      "Speaker":"4303",
      "SpeakerText":"뽀샵 기능이 많은 앱이 많아서 그걸 잘 쓰는 금손들이 장난 아니게 많은거지.",
      "TextConvert":"포토샵 기능이 많은 앱이 많아서 그걸 잘 쓰는 높은 퀄리티의 창작물을 만드는 창작자들이 장난 아니게 많은거지.",
      "StartTime":129.33,
      "EndTime":134.99,
      "SpeakTime":5.66,
      "WordInfo":[
        {
          "Word":"뽀샵",
          "WordType":"줄임말",
          "WordStructure":"축약어",
          "WordDefine":"포토샵의 줄임말 / 컴퓨터 그래픽 편집 프로그램인 포토샵(photoshop)을 활용하여 리터치 한 사진을뽀샵한 사진이라고 부른다.",
          "WordFell":"중립",
          "WordMean":"감정없음"
        },
        {
          "Word":"금손",
          "WordType":"은어",
          "WordStructure":"합성어",
          "WordDefine":"흔히 동인계에서 쓰이는 단어.\n 손재주나 그림실력이 뛰어나 높은 퀄리티의 창작물을 만드는 창작자를 일컫는 말로, 존잘, 굇수 같은 단어와도 의미가 상통한다",
          "WordFell":"중립",
          "WordMean":"감정없음"
        }
      ]
    },
    {
      "Speaker":"5303",
      "SpeakerText":"실제로 만났을 때 에바인데? 할 만큼의 프사는 자제해야 할 것 같더라고.",
      "TextConvert":"실제로 만났을 때 약간 지나친 느낌인데? 할 만큼의 프로필 사진는 자제해야 할 것 같더라고.",
      "StartTime":135.78,
      "EndTime":140.34,
      "SpeakTime":4.56,
      "WordInfo":[
        {
          "Word":"에바",
          "WordType":"속어",
          "WordStructure":"파생어",
          "WordDefine":"요즘 신세대 사람들이 오바를 변형해서 말한 것이다. 약간 지나친 느낌.",
          "WordFell":"부정",
          "WordMean":"싫어함"
        },
        {
          "Word":"프사",
          "WordType":"줄임말",
          "WordStructure":"축약어",
          "WordDefine":"프로필'+'사진'을 축약시킨 단어/프로필을 표시할때 나타내는 이미지",
          "WordFell":"중립",
          "WordMean":"감정없음"
        }
      ]
    },
    {
      "Speaker":"4303",
      "SpeakerText":"나도 가끔 울엄마 배사나 카톡 프사 보고 완전 개깜놀 하잖아 너니까 이런 이야기 하는 거지, 만약에 엄마 앞에서 했다가는 나야말로 죽빵이야.",
      "TextConvert":"나도 가끔 우리 엄마 배경 사진이나 카카오톡 프로필 사진 보고 완전 매우 깜짝 놀라잖아 너니까 이런 이야기 하는 거지, 만약에 엄마 앞에서 했다가는 나야말로 뺨을 주먹으로 맞는거야.",
      "StartTime":140.93,
      "EndTime":150.59,
      "SpeakTime":9.66,
      "WordInfo":[
        {
          "Word":"울",
          "WordType":"줄임말",
          "WordStructure":"축약어",
          "WordDefine":"우리'의 준말",
          "WordFell":"중립",
          "WordMean":"감정없음"
        },
        {
          "Word":"배사",
          "WordType":"줄임말",
          "WordStructure":"축약어",
          "WordDefine":" ‘배경사진’의 줄임말.\n주로 카카오스토리, 페이스북 등의 SNS 배경사진을 가리킨다.",
          "WordFell":"중립",
          "WordMean":"감정없음"
        },
        {
          "Word":"카톡",
          "WordType":"유행어",
          "WordStructure":"축약어",
          "WordDefine":"주로 쓰는 메신저 앱인 카카오톡(kakao talk)의 준말",
          "WordFell":"중립",
          "WordMean":"감정없음"
        },
        {
          "Word":"프사",
          "WordType":"줄임말",
          "WordStructure":"축약어",
          "WordDefine":"프로필'+'사진'을 축약시킨 단어/프로필을 표시할때 나타내는 이미지",
          "WordFell":"중립",
          "WordMean":"감정없음"
        },
        {
          "Word":"개깜놀",
          "WordType":"유행어",
          "WordStructure":"합성어",
          "WordDefine":"매우 깜짝 놀라다의 강조표현",
          "WordFell":"중립",
          "WordMean":"감정없음"
        },
        {
          "Word":"죽빵",
          "WordType":"유행어",
          "WordStructure":"기타",
          "WordDefine":"상대방의 뺨을 손바닥이 아닌?주먹으로 치는 행위를 뜻한다.",
          "WordFell":"부정",
          "WordMean":"싫어함"
        }
      ]
    },
    {
      "Speaker":"5303",
      "SpeakerText":"어머니는 이제 그렇게라도 해서 위로 받으실 나이거든. 앞으로도 가족끼리 쭉 꽃길 걷고 싶음 입조심 하라고.",
      "TextConvert":"어머니는 이제 그렇게라도 해서 위로 받으실 나이거든. 앞으로도 가족끼리 쭉 행복한 일만 보고 싶음 입조심 하라고.",
      "StartTime":151.38,
      "EndTime":158.34,
      "SpeakTime":6.96,
      "WordInfo":[
        {
          "Word":"꽃길",
          "WordType":"유행어",
          "WordStructure":"합성어",
          "WordDefine":"어떤 사람에게 앞으로 좋은 일만 일어나기를 희망한다는 의미로 사용됨",
          "WordFell":"긍정",
          "WordMean":"선의"
        }
      ]
    }
  ]
}
