{
  "DataSet":"연령대별특징적발화음성",
  "Version":"1.0",
  "Date":"20221020",
  "MediaUrl":"대화/20대/26.일상/20_26_44505450_221020_0018.wav",
  "Category":"20대",
  "SubCategory":"일상",
  "DialogPlace":"집",
  "DialogVoiceType":"대면",
  "SpeakerNumber":"2",
  "RecDevice":"스마트폰",
  "RecLen":135.442,
  "AudioResolution":{
    "BitDepth":"16bit",
    "SampleRate":"44.1kHz"
  },
  "Speakers":[
    {
      "Speaker":"4450",
      "Gender":"여성",
      "Locate":"전라",
      "AgeGroup":"30"
    },
    {
      "Speaker":"5450",
      "Gender":"여성",
      "Locate":"전라",
      "AgeGroup":"30"
    }
  ],
  "Dialogs":[
    {
      "Speaker":"4450",
      "SpeakerText":"나 요즘 오지게 심심해. 너무 할 게 없는 느낌이야. 어떻게 하지?",
      "TextConvert":"나 요즘 놀라울 정도로 심심해. 너무 할 게 없는 느낌이야. 어떻게 하지?",
      "StartTime":1.08,
      "EndTime":4.64,
      "SpeakTime":3.56,
      "WordInfo":[
        {
          "Word":"오지다",
          "WordType":"유행어",
          "WordStructure":"파생어",
          "WordDefine":"놀라거나 감탄할 때 사용하는 단어\"",
          "WordFell":"중립",
          "WordMean":"감정없음"
        }
      ]
    },
    {
      "Speaker":"5450",
      "SpeakerText":"그 마음 알지. 완전 머가리 터지게 아프겠네. 나도 그럴 때 있어.",
      "TextConvert":"그 마음 알지. 완전 대가리 터지게 아프겠네. 나도 그럴 때 있어.",
      "StartTime":4.98,
      "EndTime":9.98,
      "SpeakTime":5,
      "WordInfo":[
        {
          "Word":"머가리",
          "WordType":"은어",
          "WordStructure":"파생어",
          "WordDefine":"대가리'의 야민정음 표현 /  대<->머",
          "WordFell":"중립",
          "WordMean":"감정없음"
        }
      ]
    },
    {
      "Speaker":"4450",
      "SpeakerText":"뭔지 아는구나? 이런 시기를 노잼 시기라고 하더라고. 레알 막막하다.",
      "TextConvert":"뭔지 아는구나? 이런 시기를 매우 재미없는 시기라고 하더라고. 진짜 막막하다.",
      "StartTime":9.98,
      "EndTime":14.98,
      "SpeakTime":5,
      "WordInfo":[
        {
          "Word":"노잼",
          "WordType":"유행어",
          "WordStructure":"합성어",
          "WordDefine":"무언가가 매우 재미없다는 의미의 인터넷 유행어. ",
          "WordFell":"부정",
          "WordMean":"싫어함"
        },
        {
          "Word":"레알",
          "WordType":"은어",
          "WordStructure":"파생어",
          "WordDefine":"REAL을 발음나는데로 읽은 표현 정말 진짜 라는 뜻을 더욱 강조하는 표현'",
          "WordFell":"중립",
          "WordMean":"감정없음"
        }
      ]
    },
    {
      "Speaker":"5450",
      "SpeakerText":"그럴 때는 레알 고민만 하지 말고, 복세편살의 태도를 가져봐.",
      "TextConvert":"그럴 때는 진짜 고민만 하지 말고 복잡한 세상 편하게 살자의 태도를 가져봐.",
      "StartTime":14.98,
      "EndTime":17.69,
      "SpeakTime":2.71,
      "WordInfo":[
        {
          "Word":"레알",
          "WordType":"은어",
          "WordStructure":"파생어",
          "WordDefine":"REAL을 발음나는데로 읽은 표현 정말 진짜 라는 뜻을 더욱 강조하는 표현'",
          "WordFell":"중립",
          "WordMean":"감정없음"
        },
        {
          "Word":"복세편살",
          "WordType":"줄임말",
          "WordStructure":"축약어",
          "WordDefine":"복잡한 세상 편하게 살자의 준말",
          "WordFell":"긍정",
          "WordMean":"좋음"
        }
      ]
    },
    {
      "Speaker":"4450",
      "SpeakerText":"열라 맞는 말이다. 니 말대로 나는 복잡한 생각을 좀 줄여야 돼.",
      "TextConvert":"열나게 맞는 말이다. 니 말대로 나는 복잡한 생각을 좀 줄여야 돼.",
      "StartTime":17.69,
      "EndTime":21.69,
      "SpeakTime":4,
      "WordInfo":[
        {
          "Word":"열라",
          "WordType":"줄임말",
          "WordStructure":"축약어",
          "WordDefine":"열나게의 줄임말",
          "WordFell":"중립",
          "WordMean":"감정없음"
        }
      ]
    },
    {
      "Speaker":"5450",
      "SpeakerText":"그래. 생각은 줄이고 몸을 바쁘게 움직이는 거야. 이참에 알바라도 시작해보면 어때?",
      "TextConvert":"그래. 생각은 줄이고 몸을 바쁘게 움직이는 거야. 이참에 아르바이트라도 시작해보면 어때?",
      "StartTime":21.69,
      "EndTime":26.24,
      "SpeakTime":4.55,
      "WordInfo":[
        {
          "Word":"알바",
          "WordType":"줄임말",
          "WordStructure":"축약어",
          "WordDefine":"아르바이트'의 줄임말",
          "WordFell":"중립",
          "WordMean":"감정없음"
        }
      ]
    },
    {
      "Speaker":"4450",
      "SpeakerText":"좋지. 그럼 혹시 추천해줄만한 알바 정보가 있을까?",
      "TextConvert":"좋지. 그럼 혹시 추천해줄만한 아르바이트 정보가 있을까?",
      "StartTime":26.33,
      "EndTime":30.34,
      "SpeakTime":4.01,
      "WordInfo":[
        {
          "Word":"알바",
          "WordType":"줄임말",
          "WordStructure":"축약어",
          "WordDefine":"아르바이트'의 줄임말",
          "WordFell":"중립",
          "WordMean":"감정없음"
        }
      ]
    },
    {
      "Speaker":"5450",
      "SpeakerText":"니가 인싸라면, 사람들을 많이 만날 수 있는 일자리를 추천해줄 수 있어.",
      "TextConvert":"니가 각종 행사나 모임에 적극적으로 참여하면서 사람들과 잘 어울려 지내는 사람이라면 사람들을 많이 만날 수 있는 일자리를 추천해줄 수 있어.",
      "StartTime":30.34,
      "EndTime":33.54,
      "SpeakTime":3.2,
      "WordInfo":[
        {
          "Word":"인싸",
          "WordType":"은어",
          "WordStructure":"합성어",
          "WordDefine":"‘인사이더’라는 뜻으로, 각종 행사나 모임에 적극적으로 참여하면서 사람들과 잘 어울려 지내는 사람을 이르는 말. ‘인사이더’를 세게 발음하면서 다소 변형한 형태로 표기한 것",
          "WordFell":"긍정",
          "WordMean":"좋음"
        }
      ]
    },
    {
      "Speaker":"4450",
      "SpeakerText":"아쉽지만 난 아싸라서, 그런 건 못할 것 같아.",
      "TextConvert":"아쉽지만 난 여러 사람들과 잘 어울리지 못하는 사람이라서 그런 건 못할 것 같아.",
      "StartTime":33.68,
      "EndTime":36.68,
      "SpeakTime":3,
      "WordInfo":[
        {
          "Word":"아싸",
          "WordType":"은어",
          "WordStructure":"합성어",
          "WordDefine":"영어 아웃사이더(outsider)를 줄인 말로 여러 사람들과 잘 어울리지 못하는 사람들을 일컫는 말",
          "WordFell":"부정",
          "WordMean":"싫어함"
        }
      ]
    },
    {
      "Speaker":"5450",
      "SpeakerText":"아깝다. 너 평소에 되게 유잼이라서 사람들이랑 어울리는 일도 잘할 것 같았는데.",
      "TextConvert":"아깝다. 너 평소에 되게 큰 재미있는 사람이라서 사람들이랑 어울리는 일도 잘할 것 같았는데.",
      "StartTime":36.68,
      "EndTime":40.89,
      "SpeakTime":4.21,
      "WordInfo":[
        {
          "Word":"유잼",
          "WordType":"줄임말",
          "WordStructure":"합성어",
          "WordDefine":"有(있을 유)잼으로 큰 재미가 있다는 의미",
          "WordFell":"긍정",
          "WordMean":"좋음"
        }
      ]
    },
    {
      "Speaker":"4450",
      "SpeakerText":"내가 생각보다 유리멘탈이라서, 그런 일 하면 스트레스 많이 받아.",
      "TextConvert":"내가 생각보다 작은 일에도 쉽게 마음의 상처를 받는 사람이라서 그런 일 하면 스트레스 많이 받아.",
      "StartTime":40.89,
      "EndTime":44.99,
      "SpeakTime":4.1,
      "WordInfo":[
        {
          "Word":"유리멘탈",
          "WordType":"줄임말",
          "WordStructure":"합성어",
          "WordDefine":"유리처럼?깨지기 쉬운?멘탈'의 준말. 작은 일에도?쉽게 마음의 상처를 받는 사람들을 이르는 말이다.",
          "WordFell":"부정",
          "WordMean":"싫어함"
        }
      ]
    },
    {
      "Speaker":"5450",
      "SpeakerText":"내가 널 잘 몰랐네. 그럼 너한테는 어떤 알바가 좋으려나?",
      "TextConvert":"내가 널 잘 몰랐네. 그럼 너한테는 어떤 아르바이트가 좋으려나?",
      "StartTime":45.18,
      "EndTime":48.64,
      "SpeakTime":3.46,
      "WordInfo":[
        {
          "Word":"알바",
          "WordType":"줄임말",
          "WordStructure":"축약어",
          "WordDefine":"아르바이트'의 줄임말",
          "WordFell":"중립",
          "WordMean":"감정없음"
        }
      ]
    },
    {
      "Speaker":"4450",
      "SpeakerText":"내가 감튀를 좋아하니까, 햄버거 가게에서 일을 해볼까?",
      "TextConvert":"내가 감자튀김을 좋아하니까 햄버거 가게에서 일을 해볼까?",
      "StartTime":48.88,
      "EndTime":52.29,
      "SpeakTime":3.41,
      "WordInfo":[
        {
          "Word":"감튀",
          "WordType":"줄임말",
          "WordStructure":"축약어",
          "WordDefine":"감자튀김의 줄임말",
          "WordFell":"중립",
          "WordMean":"감정없음"
        }
      ]
    },
    {
      "Speaker":"5450",
      "SpeakerText":"겉바속촉한 감자튀김 너무 좋지. 근데 햄버거 가게에는 사람이 너무 많지 않을까?",
      "TextConvert":"겉은 바삭하고 속은 촉촉한 감자튀김 너무 좋지. 근데 햄버거 가게에는 사람이 너무 많지 않을까?",
      "StartTime":52.43,
      "EndTime":57.79,
      "SpeakTime":5.36,
      "WordInfo":[
        {
          "Word":"겉바속촉",
          "WordType":"줄임말",
          "WordStructure":"축약어",
          "WordDefine":"겉은 바삭하게 속은 촉촉하게",
          "WordFell":"중립",
          "WordMean":"감정없음"
        }
      ]
    },
    {
      "Speaker":"4450",
      "SpeakerText":"그렇네. 그 생각을 못했네. 나 왜 이렇게 댕청하지?",
      "TextConvert":"그렇네. 그 생각을 못했네. 나 왜 이렇게 멍청하지?",
      "StartTime":58.18,
      "EndTime":61.68,
      "SpeakTime":3.5,
      "WordInfo":[
        {
          "Word":"댕청이",
          "WordType":"속어",
          "WordStructure":"파생어",
          "WordDefine":"멍청이를 의미하며,‘멍’ 자를 그 모양이 비슷한 ‘댕’ 자로 바꿔 표기한 것",
          "WordFell":"부정",
          "WordMean":"싫어함"
        }
      ]
    },
    {
      "Speaker":"5450",
      "SpeakerText":"그럴 수도 있지. 니가 그렇게 엉뚱한 소리를 할 때마다 존잼이니까, 너무 자책하지 마.",
      "TextConvert":"그럴 수도 있지. 니가 그렇게 엉뚱한 소리를 할 때마다 매우 재밌으니까 너무 자책하지 마.",
      "StartTime":61.68,
      "EndTime":66.19,
      "SpeakTime":4.51,
      "WordInfo":[
        {
          "Word":"존잼",
          "WordType":"속어",
          "WordStructure":"축약어",
          "WordDefine":"존나 재밌다'의 준말 / 매우 재밌다 라는 표현을 속되게 이르는 말",
          "WordFell":"긍정",
          "WordMean":"좋음"
        }
      ]
    },
    {
      "Speaker":"4450",
      "SpeakerText":"뭥미? 비꼬는 건 아니지? 기분이 좀 이상하지만 좋게 받아들일게.",
      "TextConvert":"뭐니? 비꼬는 건 아니지? 기분이 좀 이상하지만 좋게 받아들일게.",
      "StartTime":66.58,
      "EndTime":71.44,
      "SpeakTime":4.86,
      "WordInfo":[
        {
          "Word":"뭥미",
          "WordType":"유행어",
          "WordStructure":"파생어",
          "WordDefine":"뭐냐의 통신체였던 \"뭐임\"의 오타에서 유래한 오타체",
          "WordFell":"중립",
          "WordMean":"감정없음"
        }
      ]
    },
    {
      "Speaker":"5450",
      "SpeakerText":"그래. 아무튼 좋은 일자리 잘 구했으면 해. 어디서 일하든 너무 헬게이트만 아니었으면 좋겠다.",
      "TextConvert":"그래. 아무튼 좋은 일자리 잘 구했으면 해. 어디서 일하든 너무 끔찍하고 혼란스럽게 되어버린 상황만 아니었으면 좋겠다.",
      "StartTime":71.63,
      "EndTime":77.99,
      "SpeakTime":6.36,
      "WordInfo":[
        {
          "Word":"헬게이트",
          "WordType":"속어",
          "WordStructure":"합성어",
          "WordDefine":"마치?지옥?문이 열린듯 끔찍하고 혼란스럽게 되어버린 상황을 칭하는 단어.",
          "WordFell":"부정",
          "WordMean":"싫어함"
        }
      ]
    },
    {
      "Speaker":"4450",
      "SpeakerText":"나도 그랬으면 좋겠어. 저번에 갔던 카페는 손님이 너무 많아서, 알바 하는 사람이 불쌍하더라.",
      "TextConvert":"나도 그랬으면 좋겠어. 저번에 갔던 카페는 손님이 너무 많아서 아르바이트 하는 사람이 불쌍하더라.",
      "StartTime":78.33,
      "EndTime":84.04,
      "SpeakTime":5.71,
      "WordInfo":[
        {
          "Word":"알바",
          "WordType":"줄임말",
          "WordStructure":"축약어",
          "WordDefine":"아르바이트'의 줄임말",
          "WordFell":"중립",
          "WordMean":"감정없음"
        }
      ]
    },
    {
      "Speaker":"5450",
      "SpeakerText":"우리 같이 아아 먹었던 그 카페? 커피가 맛있긴 했어. 손님이 많을만도 하지.",
      "TextConvert":"우리 같이 아이스 아메리카노 먹었던 그 카페? 커피가 맛있긴 했어. 손님이 많을만도 하지.",
      "StartTime":84.08,
      "EndTime":89.64,
      "SpeakTime":5.56,
      "WordInfo":[
        {
          "Word":"아아",
          "WordType":"줄임말",
          "WordStructure":"축약어",
          "WordDefine":"아이스 아메리카노",
          "WordFell":"중립",
          "WordMean":"감정없음"
        }
      ]
    },
    {
      "Speaker":"4450",
      "SpeakerText":"근데 손님이 너무 적은 곳에서 일하는 것도 힘들 것 같아. 레알 심심할 것 같거든.",
      "TextConvert":"근데 손님이 너무 적은 곳에서 일하는 것도 힘들 것 같아. 진짜 심심할 것 같거든.",
      "StartTime":89.64,
      "EndTime":94.64,
      "SpeakTime":5,
      "WordInfo":[
        {
          "Word":"레알",
          "WordType":"은어",
          "WordStructure":"파생어",
          "WordDefine":"REAL을 발음나는데로 읽은 표현 정말 진짜 라는 뜻을 더욱 강조하는 표현'",
          "WordFell":"중립",
          "WordMean":"감정없음"
        }
      ]
    },
    {
      "Speaker":"5450",
      "SpeakerText":"맞아. 가끔씩 좋은 손님들 많이 오는 지역도 있거든. 편의점의 경우에는 원플러스원 상품을 하나씩 주고 가는 분들도 있더라고.",
      "TextConvert":"맞아. 가끔씩 좋은 손님들 많이 오는 지역도 있거든. 편의점의 경우에는 원플러스원 상품을 하나씩 주고 가는 분들도 있더라고.",
      "StartTime":94.64,
      "EndTime":102.64,
      "SpeakTime":8,
      "WordInfo":null
    },
    {
      "Speaker":"4450",
      "SpeakerText":"세상에 그런 사람들만 가득하면 좋을텐데. 일하다보면 가끔 손님이 아니라 손놈이라는 생각이 드는 사람들도 있어.",
      "TextConvert":"세상에 그런 사람들만 가득하면 좋을텐데. 일하다보면 가끔 손님이 아니라 무례한 손님이라는 생각이 드는 사람들도 있어.",
      "StartTime":102.88,
      "EndTime":110.19,
      "SpeakTime":7.31,
      "WordInfo":[
        {
          "Word":"손놈",
          "WordType":"속어",
          "WordStructure":"합성어",
          "WordDefine":"손+놈의 합성어 / 무례한 손님을 낮잡아 이르는 말. ",
          "WordFell":"부정",
          "WordMean":"싫어함"
        }
      ]
    },
    {
      "Speaker":"5450",
      "SpeakerText":"맞아맞아. 그런 사람들 만나면 머가리가 돌아버릴 것 같다니까.",
      "TextConvert":"맞아맞아. 그런 사람들 만나면 대가리가 돌아버릴 것 같다니까.",
      "StartTime":110.19,
      "EndTime":114.69,
      "SpeakTime":4.5,
      "WordInfo":[
        {
          "Word":"머가리",
          "WordType":"은어",
          "WordStructure":"파생어",
          "WordDefine":"대가리'의 야민정음 표현 /  대<->머",
          "WordFell":"중립",
          "WordMean":"감정없음"
        }
      ]
    },
    {
      "Speaker":"4450",
      "SpeakerText":"세상에 좋은 사람들이 더 많기를 바랄 뿐이야. 새삼 현타 온다.",
      "TextConvert":"세상에 좋은 사람들이 더 많기를 바랄 뿐이야. 새삼 현실 자각 타임 온다.",
      "StartTime":114.83,
      "EndTime":118.74,
      "SpeakTime":3.91,
      "WordInfo":[
        {
          "Word":"현타",
          "WordType":"유행어",
          "WordStructure":"축약어",
          "WordDefine":"현실자각타임'을 줄인말/무언가를 집중해서 열정적으로 행동하고 난 뒤 갑자기 그 일을 후회하거나 수치스러워 함",
          "WordFell":"부정",
          "WordMean":"화남"
        }
      ]
    },
    {
      "Speaker":"5450",
      "SpeakerText":"그래도 이 도시에는 따도남과 따도녀들이 많이 거라고 믿어.",
      "TextConvert":"그래도 이 도시에는 자기 여자에게만 따뜻한 남자와 자기 남자에게만 따뜻한 여자들이 많을 거라고 믿어.",
      "StartTime":118.78,
      "EndTime":123.09,
      "SpeakTime":4.31,
      "WordInfo":[
        {
          "Word":"따도남",
          "WordType":"줄임말",
          "WordStructure":"축약어",
          "WordDefine":"따듯한 도시 남자의 준말 / 자기 여자에게만 따뜻한 모습으로도 표현",
          "WordFell":"긍정",
          "WordMean":"좋음"
        },
        {
          "Word":"따도녀",
          "WordType":"줄임말",
          "WordStructure":"축약어",
          "WordDefine":"따듯한 도시 여자의 준말 / 자기 남자에게만 따뜻한 모습으로도 표현",
          "WordFell":"긍정",
          "WordMean":"좋음"
        }
      ]
    },
    {
      "Speaker":"4450",
      "SpeakerText":"그래. 그렇게 긍정적인 마인드로 세상을 바라보자. 그래야 타인에게 더 친절할 수 있을 것 같아.",
      "TextConvert":"그래. 그렇게 긍정적인 마인드로 세상을 바라보자. 그래야 타인에게 더 친절할 수 있을 것 같아.",
      "StartTime":123.38,
      "EndTime":129.039,
      "SpeakTime":5.659,
      "WordInfo":null
    },
    {
      "Speaker":"5450",
      "SpeakerText":"킹정한다. 일단 나부터 잘해야겠다는 생각이 드네. 같이 힘내보자.",
      "TextConvert":"인정한다. 일단 나부터 잘해야겠다는 생각이 드네. 같이 힘내보자.",
      "StartTime":129.039,
      "EndTime":133.39,
      "SpeakTime":4.351,
      "WordInfo":[
        {
          "Word":"킹정",
          "WordType":"은어",
          "WordStructure":"혼성어",
          "WordDefine":"킹정'은 'king'과 '인정'을 합친 신조어이다",
          "WordFell":"중립",
          "WordMean":"감정없음"
        }
      ]
    }
  ]
}
