{
  "DataSet":"연령대별특징적발화음성",
  "Version":"1.0",
  "Date":"20220810",
  "MediaUrl":"단어/10대/13.교육/10_13_2004_220810_0056.wav",
  "Category":"10대",
  "SubCategory":"교육",
  "DialogPlace":"집",
  "DialogVoiceType":"독백",
  "SpeakerNumber":"1",
  "RecDevice":"스마트폰",
  "RecLen":3.515,
  "AudioResolution":{
    "BitDepth":"16bit",
    "SampleRate":"44.1kHz"
  },
  "Speakers":[
    {
      "Speaker":"2004",
      "Gender":"남성",
      "Locate":"경상",
      "AgeGroup":"50"
    }
  ],
  "Dialogs":[
    {
      "Speaker":"2004",
      "SpeakerText":"수포자",
      "TextConvert":"수학 포기자",
      "StartTime":1,
      "EndTime":2.515,
      "SpeakTime":1.515,
      "WordInfo":[
        {
          "Word":"수포자",
          "WordType":"줄임말",
          "WordStructure":"축약어",
          "WordDefine":"수학을?포기한?자의 준말.",
          "WordFell":"부정",
          "WordMean":"싫어함"
        }
      ]
    }
  ]
}
