{
  "DataSet":"연령대별특징적발화음성",
  "Version":"1.0",
  "Date":"20220904",
  "MediaUrl":"단어/10대/13.교육/10_13_2056_220904_0021.wav",
  "Category":"10대",
  "SubCategory":"교육",
  "DialogPlace":"집",
  "DialogVoiceType":"독백",
  "SpeakerNumber":"1",
  "RecDevice":"스마트폰",
  "RecLen":3.53,
  "AudioResolution":{
    "BitDepth":"16bit",
    "SampleRate":"44.1kHz"
  },
  "Speakers":[
    {
      "Speaker":"2056",
      "Gender":"여성",
      "Locate":"수도권",
      "AgeGroup":"30"
    }
  ],
  "Dialogs":[
    {
      "Speaker":"2056",
      "SpeakerText":"담탱이",
      "TextConvert":"담임선생님",
      "StartTime":1,
      "EndTime":2.53,
      "SpeakTime":1.53,
      "WordInfo":[
        {
          "Word":"담탱이",
          "WordType":"속어",
          "WordStructure":"파생어",
          "WordDefine":"담임선생님'을 이르는 말.",
          "WordFell":"부정",
          "WordMean":"싫어함"
        }
      ]
    }
  ]
}
