{
  "DataSet":"연령대별특징적발화음성",
  "Version":"1.0",
  "Date":"20220904",
  "MediaUrl":"단어/10대/13.교육/10_13_2056_220904_0053.wav",
  "Category":"10대",
  "SubCategory":"교육",
  "DialogPlace":"집",
  "DialogVoiceType":"독백",
  "SpeakerNumber":"1",
  "RecDevice":"스마트폰",
  "RecLen":3.479,
  "AudioResolution":{
    "BitDepth":"16bit",
    "SampleRate":"44.1kHz"
  },
  "Speakers":[
    {
      "Speaker":"2056",
      "Gender":"여성",
      "Locate":"수도권",
      "AgeGroup":"30"
    }
  ],
  "Dialogs":[
    {
      "Speaker":"2056",
      "SpeakerText":"셔틀",
      "TextConvert":"강요에 의해 심부름을 하는 학생",
      "StartTime":1,
      "EndTime":2.479,
      "SpeakTime":1.479,
      "WordInfo":[
        {
          "Word":"셔틀",
          "WordType":"속어",
          "WordStructure":"기타",
          "WordDefine":"1. 셔틀(영어: Shuttle)은 학교 폭력의 일종으로, 가해 학생들의 강요에 의해 심부름을 하는 학생들을 총칭하는 대한민국의 신조어이다.\r\n2. '무언가를 가져다주는 공급원'을 가리킨다.",
          "WordFell":"부정",
          "WordMean":"싫어함"
        }
      ]
    }
  ]
}
