{
  "DataSet":"연령대별특징적발화음성",
  "Version":"1.0",
  "Date":"20220909",
  "MediaUrl":"단어/10대/12.SNS/10_12_2101_220909_0132.wav",
  "Category":"10대",
  "SubCategory":"SNS",
  "DialogPlace":"집",
  "DialogVoiceType":"독백",
  "SpeakerNumber":"1",
  "RecDevice":"스마트폰",
  "RecLen":3.624,
  "AudioResolution":{
    "BitDepth":"16bit",
    "SampleRate":"44.1kHz"
  },
  "Speakers":[
    {
      "Speaker":"2101",
      "Gender":"여성",
      "Locate":"수도권",
      "AgeGroup":"30"
    }
  ],
  "Dialogs":[
    {
      "Speaker":"2101",
      "SpeakerText":"리플",
      "TextConvert":"댓글",
      "StartTime":1,
      "EndTime":2.624,
      "SpeakTime":1.624,
      "WordInfo":[
        {
          "Word":"리플",
          "WordType":"줄임말",
          "WordStructure":"축약어",
          "WordDefine":"Reply에서 따온 말 / 댓글이라는 단어의 어원이다",
          "WordFell":"중립",
          "WordMean":"감정없음"
        }
      ]
    }
  ]
}
