{
  "DataSet":"연령대별특징적발화음성",
  "Version":"1.0",
  "Date":"20220901",
  "MediaUrl":"단어/10대/12.SNS/10_12_2095_220901_0012.wav",
  "Category":"10대",
  "SubCategory":"SNS",
  "DialogPlace":"집",
  "DialogVoiceType":"독백",
  "SpeakerNumber":"1",
  "RecDevice":"스마트폰",
  "RecLen":3.659,
  "AudioResolution":{
    "BitDepth":"16bit",
    "SampleRate":"44.1kHz"
  },
  "Speakers":[
    {
      "Speaker":"2095",
      "Gender":"여성",
      "Locate":"수도권",
      "AgeGroup":"30"
    }
  ],
  "Dialogs":[
    {
      "Speaker":"2095",
      "SpeakerText":"가계정",
      "TextConvert":"임시 계정",
      "StartTime":1,
      "EndTime":2.659,
      "SpeakTime":1.659,
      "WordInfo":[
        {
          "Word":"가계정",
          "WordType":"줄임말",
          "WordStructure":"합성어",
          "WordDefine":"임시 계정",
          "WordFell":"중립",
          "WordMean":"감정없음"
        }
      ]
    }
  ]
}
