{
  "DataSet":"연령대별특징적발화음성",
  "Version":"1.0",
  "Date":"20220815",
  "MediaUrl":"단어/10대/12.SNS/10_12_2012_220815_0121.wav",
  "Category":"10대",
  "SubCategory":"SNS",
  "DialogPlace":"집",
  "DialogVoiceType":"독백",
  "SpeakerNumber":"1",
  "RecDevice":"스마트폰",
  "RecLen":3.536,
  "AudioResolution":{
    "BitDepth":"16bit",
    "SampleRate":"44.1kHz"
  },
  "Speakers":[
    {
      "Speaker":"2012",
      "Gender":"남성",
      "Locate":"강원",
      "AgeGroup":"30"
    }
  ],
  "Dialogs":[
    {
      "Speaker":"2012",
      "SpeakerText":"랜선",
      "TextConvert":"온라인 네트워크를 이용한 모임",
      "StartTime":1,
      "EndTime":2.536,
      "SpeakTime":1.536,
      "WordInfo":[
        {
          "Word":"랜선",
          "WordType":"은어",
          "WordStructure":"파생어",
          "WordDefine":"일반적으로는 유선 인터넷 케이블을 뜻하나 인터넷상에서는 온라인 네트워크를 이용한 모임을 뜻함",
          "WordFell":"긍정",
          "WordMean":"좋음"
        }
      ]
    }
  ]
}
