{
  "DataSet":"연령대별특징적발화음성",
  "Version":"1.0",
  "Date":"20221005",
  "MediaUrl":"대화/10대/13.교육/10_13_41825182_221005_0011.wav",
  "Category":"10대",
  "SubCategory":"교육",
  "DialogPlace":"실내",
  "DialogVoiceType":"대면",
  "SpeakerNumber":"2",
  "RecDevice":"스마트폰",
  "RecLen":159.614,
  "AudioResolution":{
    "BitDepth":"16bit",
    "SampleRate":"44.1kHz"
  },
  "Speakers":[
    {
      "Speaker":"4182",
      "Gender":"여성",
      "Locate":"수도권",
      "AgeGroup":"20"
    },
    {
      "Speaker":"5182",
      "Gender":"남성",
      "Locate":"수도권",
      "AgeGroup":"40"
    }
  ],
  "Dialogs":[
    {
      "Speaker":"4182",
      "SpeakerText":"요즘 급식 왜 그리 엉망인지 모르겠어. 예전 영양사가 있었을 땐 존맛탱이었는데, 바뀐 뒤로는 밥맛이 완전 떨어졌거든.",
      "TextConvert":"요즘 급식 왜 그리 엉망인지 모르겠어. 예전 영양사가 있었을 땐 엄청 맛있었는데, 바뀐 뒤로는 밥맛이 완전 떨어졌거든.",
      "StartTime":0.63,
      "EndTime":8.49,
      "SpeakTime":7.86,
      "WordInfo":[
        {
          "Word":"존맛탱",
          "WordType":"유행어",
          "WordStructure":"기타",
          "WordDefine":"매우 맛있음을 뜻하는 '존맛'에 '탱'을 붙인 말",
          "WordFell":"긍정",
          "WordMean":"좋음"
        }
      ]
    },
    {
      "Speaker":"5182",
      "SpeakerText":"이래서야 우리 같은 고딩들 힘내서 공부나 하겠냐? 안 그러니?",
      "TextConvert":"이래서야 우리 같은 고등학생들 힘내서 공부나 하겠냐? 안 그러니?",
      "StartTime":9.13,
      "EndTime":13.29,
      "SpeakTime":4.16,
      "WordInfo":[
        {
          "Word":"고딩",
          "WordType":"은어",
          "WordStructure":"혼성어",
          "WordDefine":"모바일이나 인터넷상에서, `고등학생'을 이르는 말.",
          "WordFell":"중립",
          "WordMean":"감정없음"
        }
      ]
    },
    {
      "Speaker":"4182",
      "SpeakerText":"괜히 영양사 핑계 대지 말고 아닥공 하지 그래. 이번에 시험은 어떻게 됐어? 난 일찌감치 수포자지만, 너는 그래도 수학 좀 하잖아.",
      "TextConvert":"괜히 영양사 핑계 대지 말고 입 닥치고 공부 하지 그래. 이번에 시험은 어떻게 됐어? 난 일찌감치 수학포기자지만, 너는 그래도 수학 좀 하잖아.",
      "StartTime":14.43,
      "EndTime":22.49,
      "SpeakTime":8.06,
      "WordInfo":[
        {
          "Word":"아닥공",
          "WordType":"줄임말",
          "WordStructure":"축약어",
          "WordDefine":"아, 닥치고 공부’의 줄임말 혹은 ‘아가리 닥치고 공부’의 줄임말",
          "WordFell":"부정",
          "WordMean":"싫어함"
        },
        {
          "Word":"수포자",
          "WordType":"줄임말",
          "WordStructure":"축약어",
          "WordDefine":"수학을?포기한?자의 준말.",
          "WordFell":"부정",
          "WordMean":"싫어함"
        }
      ]
    },
    {
      "Speaker":"5182",
      "SpeakerText":"수포자는 아니지만 영포자지 아주 그냥. 왜 하필 우리 반 담임선생님이 영어 선생인지 원. 영어 시간엔 정말 땡땡이 치고 싶을 정도라니까.",
      "TextConvert":"수학포기자는 아니지만 영어포기자지 아주 그냥. 왜 하필 우리 반 담임선생님이 영어 선생인지 원. 영어 시간엔 정말 수업 빼먹고 도망치고 싶을 정도라니까.",
      "StartTime":22.93,
      "EndTime":33.69,
      "SpeakTime":10.76,
      "WordInfo":[
        {
          "Word":"수포자",
          "WordType":"줄임말",
          "WordStructure":"축약어",
          "WordDefine":"수학을?포기한?자의 준말.",
          "WordFell":"부정",
          "WordMean":"싫어함"
        },
        {
          "Word":"영포자",
          "WordType":"줄임말",
          "WordStructure":"축약어",
          "WordDefine":"영어를?포기한?자의 준말.",
          "WordFell":"부정",
          "WordMean":"싫어함"
        },
        {
          "Word":"땡땡이",
          "WordType":"은어",
          "WordStructure":"기타",
          "WordDefine":"상당히 오래전부터 널리 쓰였던 은어로서 근무시간에 일을 하지 않거나\n수업시간을 빼먹고 몰래 도망가거나 딴짓거리를 하면서 시간을 때우는 행위를 일컫는다.",
          "WordFell":"부정",
          "WordMean":"싫어함"
        }
      ]
    },
    {
      "Speaker":"4182",
      "SpeakerText":"차라리 영어가 낫지, 우리 반 담탱이는 수학이잖아. 풀다가 틀리면 벌준다니까. 포기를 몰라요.",
      "TextConvert":"차라리 영어가 낫지, 우리 반 담임선생님은 수학이잖아. 풀다가 틀리면 벌준다니까. 포기를 몰라요.",
      "StartTime":34.98,
      "EndTime":41.59,
      "SpeakTime":6.61,
      "WordInfo":[
        {
          "Word":"담탱이",
          "WordType":"속어",
          "WordStructure":"파생어",
          "WordDefine":"담임선생님'을 이르는 말.",
          "WordFell":"부정",
          "WordMean":"싫어함"
        }
      ]
    },
    {
      "Speaker":"5182",
      "SpeakerText":"그건 그렇고, 이번에 너네 반에 은따 아닌 전따 생겼다며?",
      "TextConvert":"그건 그렇고, 이번에 너네 반에 은근히 따돌림 당하는 친구 아닌 전교적으로 따돌림 당하는 친구 생겼다며?",
      "StartTime":42.03,
      "EndTime":45.69,
      "SpeakTime":3.66,
      "WordInfo":[
        {
          "Word":"은따",
          "WordType":"은어",
          "WordStructure":"혼성어",
          "WordDefine":"은근히 따돌림 당하는 아이를 지칭",
          "WordFell":"부정",
          "WordMean":"싫어함"
        },
        {
          "Word":"전따",
          "WordType":"은어",
          "WordStructure":"혼성어",
          "WordDefine":"전교적으로 따돌림 당하는 아이",
          "WordFell":"부정",
          "WordMean":"싫어함"
        }
      ]
    },
    {
      "Speaker":"4182",
      "SpeakerText":"소문도 빠르네. 그건 어떻게 알았니?",
      "TextConvert":"소문도 빠르네. 그건 어떻게 알았니?",
      "StartTime":46.93,
      "EndTime":49.14,
      "SpeakTime":2.21,
      "WordInfo":null
    },
    {
      "Speaker":"5182",
      "SpeakerText":"왜 몰라. 걔는 성적은 죄다 올백이라서 다들 시샘하는 데다가 얼굴도 예뻐서 고딩인지 대학생인지 모를 정도로 얼짱이라던데.",
      "TextConvert":"왜 몰라. 걔는 성적은 죄다 전부 백점이라서 다들 시샘하는 데다가 얼굴도 예뻐서 고등학생인지 대학생인지 모를 정도로 얼굴짱이라던데.",
      "StartTime":50.08,
      "EndTime":59.54,
      "SpeakTime":9.46,
      "WordInfo":[
        {
          "Word":"올백",
          "WordType":"은어",
          "WordStructure":"합성어",
          "WordDefine":"올(all)+100 /전부 백점을 맞았다라는 교육계 은어",
          "WordFell":"긍정",
          "WordMean":"좋음"
        },
        {
          "Word":"고딩",
          "WordType":"은어",
          "WordStructure":"혼성어",
          "WordDefine":"모바일이나 인터넷상에서, `고등학생'을 이르는 말.",
          "WordFell":"중립",
          "WordMean":"감정없음"
        },
        {
          "Word":"얼짱",
          "WordType":"줄임말",
          "WordStructure":"축약어",
          "WordDefine":"얼굴짱 (최고)의 줄임말. 장난조로 얼굴짱(커)나 얼굴짱나의 준말이라고도 한다.",
          "WordFell":"긍정",
          "WordMean":"좋음"
        }
      ]
    },
    {
      "Speaker":"4182",
      "SpeakerText":"공부를 잘해도 아싸가 된다는 게 정말 신기할 정도라니까.",
      "TextConvert":"공부를 잘해도 여러 사람들과 잘 어울리지 못하는 부류가 된다는 게 정말 신기할 정도라니까.",
      "StartTime":60.68,
      "EndTime":64.14,
      "SpeakTime":3.46,
      "WordInfo":[
        {
          "Word":"아싸",
          "WordType":"은어",
          "WordStructure":"합성어",
          "WordDefine":"영어 아웃사이더(outsider)를 줄인 말로 여러 사람들과 잘 어울리지 못하는 사람들을 일컫는 말",
          "WordFell":"부정",
          "WordMean":"싫어함"
        }
      ]
    },
    {
      "Speaker":"5182",
      "SpeakerText":"근데 웃기는 건 자기는 열공안한다는 거야. 그러면 결국 머리 좋다는 건데, 그런 게 정말 더 가증스러운 거지. 알고 보면 걔 깜지 하고 다니잖아.",
      "TextConvert":"근데 웃기는 건 자기는 열심히 공부 안한다는 거야. 그러면 결국 머리 좋다는 건데, 그런 게 정말 더 가증스러운 거지. 알고 보면 걔 흰 종이에 빽빽하게 쓰고 다니잖아.",
      "StartTime":65.379,
      "EndTime":76.04,
      "SpeakTime":10.661,
      "WordInfo":[
        {
          "Word":"열공",
          "WordType":"줄임말",
          "WordStructure":"축약어",
          "WordDefine":"열심히 공부하자의 줄임말 ",
          "WordFell":"긍정",
          "WordMean":"선의"
        },
        {
          "Word":"깜지",
          "WordType":"속어",
          "WordStructure":"기타",
          "WordDefine":"흰 종이에 글씨를 빽빽하게 쓰는 벌을 일컫는 속어",
          "WordFell":"중립",
          "WordMean":"감정없음"
        }
      ]
    },
    {
      "Speaker":"4182",
      "SpeakerText":"세상에, 깜지 하면서 공부 안 하는 척 하고 다닌다는 거니? 정말 개어이없네.",
      "TextConvert":"세상에, 흰 종이에 빽빽하게 쓰면서 공부 안 하는 척 하고 다닌다는 거니? 정말 엄청 어이없네.",
      "StartTime":76.88,
      "EndTime":81.74,
      "SpeakTime":4.86,
      "WordInfo":[
        {
          "Word":"깜지",
          "WordType":"속어",
          "WordStructure":"기타",
          "WordDefine":"흰 종이에 글씨를 빽빽하게 쓰는 벌을 일컫는 속어",
          "WordFell":"중립",
          "WordMean":"감정없음"
        },
        {
          "Word":"개어이없다",
          "WordType":"유행어",
          "WordStructure":"합성어",
          "WordDefine":"어이없다의 강조 표현",
          "WordFell":"부정",
          "WordMean":"싫어함"
        }
      ]
    },
    {
      "Speaker":"5182",
      "SpeakerText":"우리도 졸업하고 재종학원 안 가려면 열공해야 되지 걔처럼.",
      "TextConvert":"우리도 졸업하고 재수종합학원 안 가려면 열심히 공부해야 되지 걔처럼.",
      "StartTime":82.08,
      "EndTime":86.14,
      "SpeakTime":4.06,
      "WordInfo":[
        {
          "Word":"재종학원",
          "WordType":"줄임말",
          "WordStructure":"축약어",
          "WordDefine":"재수 종합 학원의 줄임말",
          "WordFell":"중립",
          "WordMean":"감정없음"
        },
        {
          "Word":"열공",
          "WordType":"줄임말",
          "WordStructure":"축약어",
          "WordDefine":"열심히 공부하자의 줄임말 ",
          "WordFell":"긍정",
          "WordMean":"선의"
        }
      ]
    },
    {
      "Speaker":"4182",
      "SpeakerText":"그런데 막상 대딩 되어도 반수하는 사람들 의외로 많다고 하던데, 너는 어떻게 생각해?",
      "TextConvert":"그런데 막상 대학생 되어도 반은 재수하는 사람들 의외로 많다고 하던데, 너는 어떻게 생각해?",
      "StartTime":87.23,
      "EndTime":91.99,
      "SpeakTime":4.76,
      "WordInfo":[
        {
          "Word":"대딩",
          "WordType":"은어",
          "WordStructure":"혼성어",
          "WordDefine":"모바일이나 인터넷상에서, `대학생'을 이르는 말.",
          "WordFell":"중립",
          "WordMean":"감정없음"
        },
        {
          "Word":"반수",
          "WordType":"줄임말",
          "WordStructure":"축약어",
          "WordDefine":"대학입시 용어로, 대학교를 다니다가 입시를 다시 치는 행위.\n반수라는 말 그대로 대학생이면서도 반은 재수생인 어정쩡한 상태. ",
          "WordFell":"부정",
          "WordMean":"싫어함"
        }
      ]
    },
    {
      "Speaker":"5182",
      "SpeakerText":"그럴 바에야 재종학원 가는 게 낫지 뭣하러 또 반수를 하냐.",
      "TextConvert":"그럴 바에야 재수종합학원 가는 게 낫지 뭣하러 또 반은 재수를 하냐.",
      "StartTime":92.68,
      "EndTime":96.79,
      "SpeakTime":4.11,
      "WordInfo":[
        {
          "Word":"재종학원",
          "WordType":"줄임말",
          "WordStructure":"축약어",
          "WordDefine":"재수 종합 학원의 줄임말",
          "WordFell":"중립",
          "WordMean":"감정없음"
        },
        {
          "Word":"반수",
          "WordType":"줄임말",
          "WordStructure":"축약어",
          "WordDefine":"대학입시 용어로, 대학교를 다니다가 입시를 다시 치는 행위.\n반수라는 말 그대로 대학생이면서도 반은 재수생인 어정쩡한 상태. ",
          "WordFell":"부정",
          "WordMean":"싫어함"
        }
      ]
    },
    {
      "Speaker":"4182",
      "SpeakerText":"암튼 우린 고삼이고, 셤도 얼마 안 남았는데, 가끔은 중2병 걸린 애처럼 자제가 안 될 때가 있다고.",
      "TextConvert":"암튼 우린 고등학교 3학년이고, 시험도 얼마 안 남았는데 가끔은 중학교 2학년에 오는 병 걸린 애처럼 자제가 안 될 때가 있다고.",
      "StartTime":97.88,
      "EndTime":104.54,
      "SpeakTime":6.66,
      "WordInfo":[
        {
          "Word":"고삼",
          "WordType":"줄임말",
          "WordStructure":"축약어",
          "WordDefine":"고등학교 3학년 의 줄임말",
          "WordFell":"중립",
          "WordMean":"감정없음"
        },
        {
          "Word":"셤",
          "WordType":"줄임말",
          "WordStructure":"파생어",
          "WordDefine":"시험의 준말.",
          "WordFell":"중립",
          "WordMean":"감정없음"
        },
        {
          "Word":"중이병",
          "WordType":"속어",
          "WordStructure":"합성어",
          "WordDefine":"사춘기를 비꼬는 인터넷 속어이다. / 사춘기인 청소년들을 비하, 혐오하는 말로 사용된다.",
          "WordFell":"부정",
          "WordMean":"싫어함"
        }
      ]
    },
    {
      "Speaker":"5182",
      "SpeakerText":"정말 사망년이라는 말이 딱 맞는 것 같아. 사망년이 무슨 뜻인지 너 아니?",
      "TextConvert":"정말 3학년이라는 말이 딱 맞는 것 같아. 3학년이 무슨 뜻인지 너 아니?",
      "StartTime":104.98,
      "EndTime":109.74,
      "SpeakTime":4.76,
      "WordInfo":[
        {
          "Word":"사망년",
          "WordType":"은어",
          "WordStructure":"파생어",
          "WordDefine":"3학년이라는 뜻/대학교 3학년이 취업을 본격적으로 시작하며 어려움을 겪는 시기를 표현",
          "WordFell":"부정",
          "WordMean":"싫어함"
        },
        {
          "Word":"사망년",
          "WordType":"은어",
          "WordStructure":"파생어",
          "WordDefine":"3학년이라는 뜻/대학교 3학년이 취업을 본격적으로 시작하며 어려움을 겪는 시기를 표현",
          "WordFell":"부정",
          "WordMean":"싫어함"
        }
      ]
    },
    {
      "Speaker":"4182",
      "SpeakerText":"말 그대로 (3학년)/(삼 학년)이라는 거잖아. 그런데 그건 고딩이 아니라 대딩들에게 어울리는 말 아닌가?",
      "TextConvert":"말 그대로 3학년이라는 거잖아. 그런데 그건 고등학생이 아니라 대학생들에게 어울리는 말 아닌가?",
      "StartTime":110.73,
      "EndTime":116.44,
      "SpeakTime":5.71,
      "WordInfo":[
        {
          "Word":"고딩",
          "WordType":"은어",
          "WordStructure":"혼성어",
          "WordDefine":"모바일이나 인터넷상에서, `고등학생'을 이르는 말.",
          "WordFell":"중립",
          "WordMean":"감정없음"
        },
        {
          "Word":"대딩",
          "WordType":"은어",
          "WordStructure":"혼성어",
          "WordDefine":"모바일이나 인터넷상에서, `대학생'을 이르는 말.",
          "WordFell":"중립",
          "WordMean":"감정없음"
        }
      ]
    },
    {
      "Speaker":"5182",
      "SpeakerText":"고등학생이든 대학생이든 (3학년)/(삼 학년)이 되는 순간 다들 사망년이 된다 뭐 그런 의미 아닐까 싶어서.",
      "TextConvert":"고등학생이든 대학생이든 3학년이 되는 순간 다들 3학년이 된다 뭐 그런 의미 아닐까 싶어서.",
      "StartTime":117.03,
      "EndTime":124.19,
      "SpeakTime":7.16,
      "WordInfo":[
        {
          "Word":"사망년",
          "WordType":"은어",
          "WordStructure":"파생어",
          "WordDefine":"3학년이라는 뜻/대학교 3학년이 취업을 본격적으로 시작하며 어려움을 겪는 시기를 표현",
          "WordFell":"부정",
          "WordMean":"싫어함"
        }
      ]
    },
    {
      "Speaker":"4182",
      "SpeakerText":"우리가 이젠 학원에서 열공할 건 아닌 것 같고, 배운 건 풀강으로 해도 충분할 것 같아. 인터넷으로 강의하시는 선생님들도 실력들이 좋은 것 같더라고.",
      "TextConvert":"우리가 이젠 학원에서 열심히 공부할 건 아닌 것 같고, 배운 건 쉬지않고 강의 쭉 듣는거로 해도 충분할 것 같아. 인터넷으로 강의하시는 선생님들도 실력들이 좋은 것 같더라고.",
      "StartTime":125.58,
      "EndTime":135.24,
      "SpeakTime":9.66,
      "WordInfo":[
        {
          "Word":"열공",
          "WordType":"줄임말",
          "WordStructure":"축약어",
          "WordDefine":"열심히 공부하자의 줄임말 ",
          "WordFell":"긍정",
          "WordMean":"선의"
        },
        {
          "Word":"풀강",
          "WordType":"줄임말",
          "WordStructure":"축약어",
          "WordDefine":"풀(full)+ 강화의 줄임말로 게임내에서의 아이템을 최대치로 강화한것을 이르는 말 / 풀(full)+강의의 줄임말. 쉬지 않고 쭉- 수업을 듣는 것",
          "WordFell":"긍정",
          "WordMean":"선의"
        }
      ]
    },
    {
      "Speaker":"5182",
      "SpeakerText":"암튼 나는 이번 시험 마치고 나면 바로 어브로드족 될 거야.",
      "TextConvert":"암튼 나는 이번 시험 마치고 나면 바로 방학을 이용해 어학연수, 해외인턴쉽, 교환학생, 해외체험 프로그램 등 해외로 눈을 돌릴 거야.",
      "StartTime":136.03,
      "EndTime":140.99,
      "SpeakTime":4.96,
      "WordInfo":[
        {
          "Word":"어브로드족",
          "WordType":"속어",
          "WordStructure":"기타",
          "WordDefine":"방학을 이용해 어학연수, 해외인턴쉽, 교환학생, 해외체험 프로그램 등 해외로 눈을 돌림",
          "WordFell":"중립",
          "WordMean":"감정없음"
        }
      ]
    },
    {
      "Speaker":"4182",
      "SpeakerText":"어디 가고 싶은 곳이라도 있나 보네?",
      "TextConvert":"어디 가고 싶은 곳이라도 있나 보네?",
      "StartTime":141.58,
      "EndTime":143.59,
      "SpeakTime":2.01,
      "WordInfo":null
    },
    {
      "Speaker":"5182",
      "SpeakerText":"당연하지. 그렇게 어브로드족으로 마음 편하게 뜨려면 열심히 공부하고, 혹시 안되면 시험 칠 때 조삼모사 하더라도 포기는 안 해야지.",
      "TextConvert":"당연하지. 그렇게 방학을 이용해 어학연수, 해외인턴쉽, 교환학생, 해외체험 프로그램 등 해외로 눈을 돌리는 사람으로 마음 편하게 뜨려면 열심히 공부하고, 혹시 안되면 시험 칠 때 조금 모르면 삼 번 완전 모르면 사 번 하더라도 포기는 안 해야지.",
      "StartTime":144.18,
      "EndTime":153.74,
      "SpeakTime":9.56,
      "WordInfo":[
        {
          "Word":"어브로드족",
          "WordType":"속어",
          "WordStructure":"기타",
          "WordDefine":"방학을 이용해 어학연수, 해외인턴쉽, 교환학생, 해외체험 프로그램 등 해외로 눈을 돌림",
          "WordFell":"중립",
          "WordMean":"감정없음"
        },
        {
          "Word":"조삼모사",
          "WordType":"줄임말",
          "WordStructure":"축약어",
          "WordDefine":"조금 모르면 삼 번 완전 모르면 사 번의 축약어/주로 시험기간의 학생들이 사용",
          "WordFell":"중립",
          "WordMean":"감정없음"
        }
      ]
    },
    {
      "Speaker":"4182",
      "SpeakerText":"그러니 우리 이제 그만 아닥하고 평소에 땡땡이나 치지 말자. 알았지?",
      "TextConvert":"그러니 우리 이제 그만 입 닥치고 평소에 수업 빼먹고 도망치지 말자. 알았지?",
      "StartTime":154.48,
      "EndTime":158.74,
      "SpeakTime":4.26,
      "WordInfo":[
        {
          "Word":"아닥",
          "WordType":"속어",
          "WordStructure":"축약어",
          "WordDefine":"'아가리 닥쳐'의 줄임말",
          "WordFell":"부정",
          "WordMean":"화남"
        },
        {
          "Word":"땡땡이",
          "WordType":"은어",
          "WordStructure":"기타",
          "WordDefine":"상당히 오래전부터 널리 쓰였던 은어로서 근무시간에 일을 하지 않거나\n수업시간을 빼먹고 몰래 도망가거나 딴짓거리를 하면서 시간을 때우는 행위를 일컫는다.",
          "WordFell":"부정",
          "WordMean":"싫어함"
        }
      ]
    }
  ]
}
