{
  "DataSet":"연령대별특징적발화음성",
  "Version":"1.0",
  "Date":"20220921",
  "MediaUrl":"문장/20대/24.SNS/20_24_3841_220921_0332.wav",
  "Category":"20대",
  "SubCategory":"SNS",
  "DialogPlace":"집",
  "DialogVoiceType":"독백",
  "SpeakerNumber":"1",
  "RecDevice":"스마트폰",
  "RecLen":6.07,
  "AudioResolution":{
    "BitDepth":"16bit",
    "SampleRate":"44.1kHz"
  },
  "Speakers":[
    {
      "Speaker":"3841",
      "Gender":"남성",
      "Locate":"수도권",
      "AgeGroup":"20"
    }
  ],
  "Dialogs":[
    {
      "Speaker":"3841",
      "SpeakerText":"2년 전 복면가왕에 나왔던 그 사람은 언제나 봐도 킹왕짱이야!",
      "TextConvert":"2년 전 복면가왕에 나왔던 그 사람은 언제나 봐도 최고야!",
      "StartTime":1,
      "EndTime":5.07,
      "SpeakTime":4.07,
      "WordInfo":[
        {
          "Word":"킹왕짱",
          "WordType":"속어",
          "WordStructure":"합성어",
          "WordDefine":"킹왕짱(King王~)은 인터넷의 속어로서 영어의 베스트(Best)와 마찬가지의 뜻을 포함하고 있다. 즉 더 좋을 수 없을 때까지 좋다라는 의미와 최고, 극한의 뜻을 지니고 있다.",
          "WordFell":"긍정",
          "WordMean":"좋음"
        }
      ]
    }
  ]
}
