{
  "DataSet":"연령대별특징적발화음성",
  "Version":"1.0",
  "Date":"20220922",
  "MediaUrl":"문장/20대/26.일상/20_26_3878_220922_0198.wav",
  "Category":"20대",
  "SubCategory":"일상",
  "DialogPlace":"집",
  "DialogVoiceType":"독백",
  "SpeakerNumber":"1",
  "RecDevice":"스마트폰",
  "RecLen":8.052,
  "AudioResolution":{
    "BitDepth":"16bit",
    "SampleRate":"44.1kHz"
  },
  "Speakers":[
    {
      "Speaker":"3878",
      "Gender":"여성",
      "Locate":"충청",
      "AgeGroup":"20"
    }
  ],
  "Dialogs":[
    {
      "Speaker":"3878",
      "SpeakerText":"웃자고 던진 농담을 진지하게 받는 진지충들 있으면 분위기가 좀 싸해지더라.",
      "TextConvert":"웃자고 던진 농담을 진지하게 받는 과도하게 진지하게 반응하는 사람들 있으면 분위기가 좀 싸해지더라.",
      "StartTime":1,
      "EndTime":7.052,
      "SpeakTime":6.052,
      "WordInfo":[
        {
          "Word":"진지충",
          "WordType":"속어",
          "WordStructure":"합성어",
          "WordDefine":"진지하다'의 '진지'와 벌레를 뜻하는 '충'을 결합시킨 단어. / 웃자고 하는 말에 과도하게 진지하게 반응해 덤벼드는 것.\n 상대방은 웃고 즐기자는 측면에서 가벼운 농담을 던졌는데, 받아들이는 사람이 까칠하게 받아치거나 정색하여 분위기를 싸하게 만드는 현상을 말한다.",
          "WordFell":"부정",
          "WordMean":"싫어함"
        }
      ]
    }
  ]
}
