{
  "DataSet":"연령대별특징적발화음성",
  "Version":"1.0",
  "Date":"20220901",
  "MediaUrl":"단어/50대이상/52.일상/50_52_2069_220901_0052.wav",
  "Category":"50대이상",
  "SubCategory":"일상",
  "DialogPlace":"집",
  "DialogVoiceType":"독백",
  "SpeakerNumber":"1",
  "RecDevice":"스마트폰",
  "RecLen":3.252,
  "AudioResolution":{
    "BitDepth":"16bit",
    "SampleRate":"44.1kHz"
  },
  "Speakers":[
    {
      "Speaker":"2069",
      "Gender":"여성",
      "Locate":"수도권",
      "AgeGroup":"50"
    }
  ],
  "Dialogs":[
    {
      "Speaker":"2069",
      "SpeakerText":"걍",
      "TextConvert":"그냥",
      "StartTime":1,
      "EndTime":2.252,
      "SpeakTime":1.252,
      "WordInfo":[
        {
          "Word":"걍",
          "WordType":"줄임말",
          "WordStructure":"축약어",
          "WordDefine":"그냥'의 줄임말",
          "WordFell":"중립",
          "WordMean":"감정없음"
        }
      ]
    }
  ]
}
