{
  "DataSet":"연령대별특징적발화음성",
  "Version":"1.0",
  "Date":"20220908",
  "MediaUrl":"단어/50대이상/52.일상/50_52_2094_220908_0040.wav",
  "Category":"50대이상",
  "SubCategory":"일상",
  "DialogPlace":"집",
  "DialogVoiceType":"독백",
  "SpeakerNumber":"1",
  "RecDevice":"스마트폰",
  "RecLen":3.458,
  "AudioResolution":{
    "BitDepth":"16bit",
    "SampleRate":"44.1kHz"
  },
  "Speakers":[
    {
      "Speaker":"2094",
      "Gender":"여성",
      "Locate":"수도권",
      "AgeGroup":"50"
    }
  ],
  "Dialogs":[
    {
      "Speaker":"2094",
      "SpeakerText":"개이득",
      "TextConvert":"대단한 이득",
      "StartTime":1,
      "EndTime":2.458,
      "SpeakTime":1.458,
      "WordInfo":[
        {
          "Word":"개이득",
          "WordType":"속어",
          "WordStructure":"파생어",
          "WordDefine":"정말로라는 뜻으로도 쓰이는 접두사 개-와 이득이 함께 쓰인 파생어/ \"완전이득\"의 강조",
          "WordFell":"긍정",
          "WordMean":"좋음"
        }
      ]
    }
  ]
}
