{
  "DataSet":"연령대별특징적발화음성",
  "Version":"1.0",
  "Date":"20220810",
  "MediaUrl":"단어/50대이상/52.일상/50_52_2004_220810_0058.wav",
  "Category":"50대이상",
  "SubCategory":"일상",
  "DialogPlace":"집",
  "DialogVoiceType":"독백",
  "SpeakerNumber":"1",
  "RecDevice":"스마트폰",
  "RecLen":3.649,
  "AudioResolution":{
    "BitDepth":"16bit",
    "SampleRate":"44.1kHz"
  },
  "Speakers":[
    {
      "Speaker":"2004",
      "Gender":"남성",
      "Locate":"경상",
      "AgeGroup":"50"
    }
  ],
  "Dialogs":[
    {
      "Speaker":"2004",
      "SpeakerText":"격공",
      "TextConvert":"격하게 공감한다",
      "StartTime":1,
      "EndTime":2.649,
      "SpeakTime":1.649,
      "WordInfo":[
        {
          "Word":"격공",
          "WordType":"줄임말",
          "WordStructure":"축약어",
          "WordDefine":"격하게 공감한다'의 준말",
          "WordFell":"긍정",
          "WordMean":"선의"
        }
      ]
    }
  ]
}
