{
  "DataSet":"연령대별특징적발화음성",
  "Version":"1.0",
  "Date":"20220906",
  "MediaUrl":"문장/20대/25.음식/20_25_3298_220906_0131.wav",
  "Category":"20대",
  "SubCategory":"음식",
  "DialogPlace":"집",
  "DialogVoiceType":"독백",
  "SpeakerNumber":"1",
  "RecDevice":"스마트폰",
  "RecLen":9.563,
  "AudioResolution":{
    "BitDepth":"16bit",
    "SampleRate":"44.1kHz"
  },
  "Speakers":[
    {
      "Speaker":"3298",
      "Gender":"여성",
      "Locate":"수도권",
      "AgeGroup":"20"
    }
  ],
  "Dialogs":[
    {
      "Speaker":"3298",
      "SpeakerText":"김치찌개도 좋지만 소주랑은 역시 쭈삼이지. 나 고등학교 동창들이랑 무지 많이 먹었었는데.",
      "TextConvert":"김치찌개도 좋지만 소주랑은 역시 쭈꾸미 삼겹살이지. 나 고등학교 동창들이랑 무지 많이 먹었었는데.",
      "StartTime":1,
      "EndTime":8.563,
      "SpeakTime":7.563,
      "WordInfo":[
        {
          "Word":"쭈삼",
          "WordType":"줄임말",
          "WordStructure":"축약어",
          "WordDefine":"쭈꾸미 삼겹살",
          "WordFell":"중립",
          "WordMean":"감정없음"
        }
      ]
    }
  ]
}
