{
  "DataSet":"연령대별특징적발화음성",
  "Version":"1.0",
  "Date":"20220901",
  "MediaUrl":"단어/10대/14.일상/10_14_2087_220901_0109.wav",
  "Category":"10대",
  "SubCategory":"일상",
  "DialogPlace":"집",
  "DialogVoiceType":"독백",
  "SpeakerNumber":"1",
  "RecDevice":"스마트폰",
  "RecLen":3.36,
  "AudioResolution":{
    "BitDepth":"16bit",
    "SampleRate":"44.1kHz"
  },
  "Speakers":[
    {
      "Speaker":"2087",
      "Gender":"여성",
      "Locate":"수도권",
      "AgeGroup":"20"
    }
  ],
  "Dialogs":[
    {
      "Speaker":"2087",
      "SpeakerText":"냉무",
      "TextConvert":"내용 없음",
      "StartTime":1,
      "EndTime":2.36,
      "SpeakTime":1.36,
      "WordInfo":[
        {
          "Word":"냉무",
          "WordType":"속어",
          "WordStructure":"축약어",
          "WordDefine":"내용 없음이란 의미 / 내용이 냉으로 축약되고 여기에 없음 무가 합쳐져 만들어짐",
          "WordFell":"중립",
          "WordMean":"감정없음"
        }
      ]
    }
  ]
}
