{
  "DataSet":"연령대별특징적발화음성",
  "Version":"1.0",
  "Date":"20220815",
  "MediaUrl":"단어/10대/14.일상/10_14_2018_220815_0099.wav",
  "Category":"10대",
  "SubCategory":"일상",
  "DialogPlace":"집",
  "DialogVoiceType":"독백",
  "SpeakerNumber":"1",
  "RecDevice":"스마트폰",
  "RecLen":3.479,
  "AudioResolution":{
    "BitDepth":"16bit",
    "SampleRate":"44.1kHz"
  },
  "Speakers":[
    {
      "Speaker":"2018",
      "Gender":"남성",
      "Locate":"수도권",
      "AgeGroup":"10"
    }
  ],
  "Dialogs":[
    {
      "Speaker":"2018",
      "SpeakerText":"꿀잼",
      "TextConvert":"매우 재미있다",
      "StartTime":1,
      "EndTime":2.479,
      "SpeakTime":1.479,
      "WordInfo":[
        {
          "Word":"꿀잼",
          "WordType":"은어",
          "WordStructure":"합성어",
          "WordDefine":"‘꿀’과 ‘재미’의 합성어로, ‘매우 많이 재미있다’는 의미의 신조어.",
          "WordFell":"긍정",
          "WordMean":"좋음"
        }
      ]
    }
  ]
}
