{
  "DataSet":"연령대별특징적발화음성",
  "Version":"1.0",
  "Date":"20220919",
  "MediaUrl":"단어/10대/14.일상/10_14_2126_220919_0133.wav",
  "Category":"10대",
  "SubCategory":"일상",
  "DialogPlace":"집",
  "DialogVoiceType":"독백",
  "SpeakerNumber":"1",
  "RecDevice":"스마트폰",
  "RecLen":3.566,
  "AudioResolution":{
    "BitDepth":"16bit",
    "SampleRate":"44.1kHz"
  },
  "Speakers":[
    {
      "Speaker":"2126",
      "Gender":"여성",
      "Locate":"전라",
      "AgeGroup":"20"
    }
  ],
  "Dialogs":[
    {
      "Speaker":"2126",
      "SpeakerText":"답정너",
      "TextConvert":"답은 정해져 있고 너는 대답만 하면 돼.",
      "StartTime":1,
      "EndTime":2.566,
      "SpeakTime":1.566,
      "WordInfo":[
        {
          "Word":"답정너",
          "WordType":"줄임말",
          "WordStructure":"축약어",
          "WordDefine":"답은?정해져있고?너는 답만 하면 돼.'의 줄임말",
          "WordFell":"중립",
          "WordMean":"감정없음"
        }
      ]
    }
  ]
}
