{
  "DataSet":"연령대별특징적발화음성",
  "Version":"1.0",
  "Date":"20220830",
  "MediaUrl":"단어/40대/44.일상/40_44_2031_220830_0079.wav",
  "Category":"40대",
  "SubCategory":"일상",
  "DialogPlace":"집",
  "DialogVoiceType":"독백",
  "SpeakerNumber":"1",
  "RecDevice":"스마트폰",
  "RecLen":3.498,
  "AudioResolution":{
    "BitDepth":"16bit",
    "SampleRate":"44.1kHz"
  },
  "Speakers":[
    {
      "Speaker":"2031",
      "Gender":"여성",
      "Locate":"강원",
      "AgeGroup":"40"
    }
  ],
  "Dialogs":[
    {
      "Speaker":"2031",
      "SpeakerText":"극혐",
      "TextConvert":"극도로 혐오하다",
      "StartTime":1,
      "EndTime":2.498,
      "SpeakTime":1.498,
      "WordInfo":[
        {
          "Word":"극혐",
          "WordType":"줄임말",
          "WordStructure":"축약어",
          "WordDefine":"극도로 혐오한다는 말의 신조어",
          "WordFell":"부정",
          "WordMean":"싫어함"
        }
      ]
    }
  ]
}
