{
  "DataSet":"연령대별특징적발화음성",
  "Version":"1.0",
  "Date":"20220901",
  "MediaUrl":"단어/40대/44.일상/40_44_2052_220901_0072.wav",
  "Category":"40대",
  "SubCategory":"일상",
  "DialogPlace":"집",
  "DialogVoiceType":"독백",
  "SpeakerNumber":"1",
  "RecDevice":"스마트폰",
  "RecLen":3.244,
  "AudioResolution":{
    "BitDepth":"16bit",
    "SampleRate":"44.1kHz"
  },
  "Speakers":[
    {
      "Speaker":"2052",
      "Gender":"여성",
      "Locate":"수도권",
      "AgeGroup":"40"
    }
  ],
  "Dialogs":[
    {
      "Speaker":"2052",
      "SpeakerText":"구라",
      "TextConvert":"거짓말",
      "StartTime":1,
      "EndTime":2.244,
      "SpeakTime":1.244,
      "WordInfo":[
        {
          "Word":"구라",
          "WordType":"속어",
          "WordStructure":"기타",
          "WordDefine":"거짓말'을 속되게 이르는 말",
          "WordFell":"부정",
          "WordMean":"싫어함"
        }
      ]
    }
  ]
}
