{
  "DataSet":"연령대별특징적발화음성",
  "Version":"1.0",
  "Date":"20220811",
  "MediaUrl":"단어/40대/44.일상/40_44_2006_220811_0076.wav",
  "Category":"40대",
  "SubCategory":"일상",
  "DialogPlace":"사무실",
  "DialogVoiceType":"독백",
  "SpeakerNumber":"1",
  "RecDevice":"스마트폰",
  "RecLen":3.674,
  "AudioResolution":{
    "BitDepth":"16bit",
    "SampleRate":"44.1kHz"
  },
  "Speakers":[
    {
      "Speaker":"2006",
      "Gender":"여성",
      "Locate":"경상",
      "AgeGroup":"50"
    }
  ],
  "Dialogs":[
    {
      "Speaker":"2006",
      "SpeakerText":"귀차니즘",
      "TextConvert":"귀찮음",
      "StartTime":1,
      "EndTime":2.674,
      "SpeakTime":1.674,
      "WordInfo":[
        {
          "Word":"귀차니즘",
          "WordType":"은어",
          "WordStructure":"합성어",
          "WordDefine":"게으름,귀찮음 ",
          "WordFell":"부정",
          "WordMean":"싫어함"
        }
      ]
    }
  ]
}
