{
  "DataSet":"연령대별특징적발화음성",
  "Version":"1.0",
  "Date":"20221017",
  "MediaUrl":"대화/30대/34.연애결혼/30_34_42455245_221017_0002.wav",
  "Category":"30대",
  "SubCategory":"연애결혼",
  "DialogPlace":"집",
  "DialogVoiceType":"대면",
  "SpeakerNumber":"2",
  "RecDevice":"스마트폰",
  "RecLen":150.272,
  "AudioResolution":{
    "BitDepth":"16bit",
    "SampleRate":"44.1kHz"
  },
  "Speakers":[
    {
      "Speaker":"4245",
      "Gender":"여성",
      "Locate":"수도권",
      "AgeGroup":"20"
    },
    {
      "Speaker":"5245",
      "Gender":"여성",
      "Locate":"수도권",
      "AgeGroup":"20"
    }
  ],
  "Dialogs":[
    {
      "Speaker":"4245",
      "SpeakerText":"나 곧 결혼 날짜 잡을 것 같아.",
      "TextConvert":"나 곧 결혼 날짜 잡을 것 같아 ",
      "StartTime":1.48,
      "EndTime":3.64,
      "SpeakTime":2.16,
      "WordInfo":null
    },
    {
      "Speaker":"5245",
      "SpeakerText":"와 품절녀 진짜 축하해! 스드메는 어떻게 할지 골랐어? 평생 한 번밖에 못 하는 건데 잘 골라야 해, 후회 없이. 너무 에바 하지도 말고 적당하게. 시월드는 어떠셔?",
      "TextConvert":"와 이미 결혼을 하여 더 이상 이성으로 접근할 수 없는 여자 진짜 축하해! 스튜디오 드레스 메이크업는 어떻게 할지 골랐어? 평생 한 번밖에 못 하는 건데 잘 골라야 해 후회 없이 너무 약간 지나친 느낌으로 하지도 말고 적당하게. 시댁은 어떠셔?",
      "StartTime":3.64,
      "EndTime":13.19,
      "SpeakTime":9.55,
      "WordInfo":[
        {
          "Word":"품절녀",
          "WordType":"은어",
          "WordStructure":"합성어",
          "WordDefine":"이미 결혼을 하여 더 이상 이성으로 접근할 수 없는 여자를 비유적으로 이르는 말.",
          "WordFell":"긍정",
          "WordMean":"좋음"
        },
        {
          "Word":"스드메",
          "WordType":"줄임말",
          "WordStructure":"축약어",
          "WordDefine":"스튜디오-웨딩드레스-메이크업 3종 세트의 준말 ",
          "WordFell":"중립",
          "WordMean":"감정없음"
        },
        {
          "Word":"에바",
          "WordType":"속어",
          "WordStructure":"파생어",
          "WordDefine":"요즘 신세대 사람들이 오바를 변형해서 말한 것이다. 약간 지나친 느낌.",
          "WordFell":"부정",
          "WordMean":"싫어함"
        },
        {
          "Word":"시월드",
          "WordType":"은어",
          "WordStructure":"혼성어",
          "WordDefine":"시댁 혹은 \"시집살이\"를 나타내는 대한민국의 인터넷 신조어",
          "WordFell":"부정",
          "WordMean":"싫어함"
        }
      ]
    },
    {
      "Speaker":"4245",
      "SpeakerText":"스튜디오는 전부터 하고 싶었던 곳에서 할거 같고, 엄카로 긁을 것 같아. 드레스는 예랑이 비싼 거도 상관없으니까 입고 싶은 거 입으라고 했고. 메이크업은 상담받아봐야 하고, 시월드는 아직 잘 모르겠다.",
      "TextConvert":"스튜디오는 전부터 하고 싶었던 곳에서 할 것 같고 엄마 카드로 긁을 것 같아 드레스는 예비 신랑이 비싼 거도 상관없으니까 입고 싶은 거 입으라고 했고 메이크업은 상담받아봐야 하고 시댁은 아직 잘 모르겠다",
      "StartTime":13.23,
      "EndTime":25.73,
      "SpeakTime":12.5,
      "WordInfo":[
        {
          "Word":"엄카",
          "WordType":"줄임말",
          "WordStructure":"축약어",
          "WordDefine":"엄마 카드의 준말",
          "WordFell":"중립",
          "WordMean":"감정없음"
        },
        {
          "Word":"예랑",
          "WordType":"줄임말",
          "WordStructure":"축약어",
          "WordDefine":"예비 신랑 /  '랑이', '예랑이'라고도 쓰인다.",
          "WordFell":"중립",
          "WordMean":"감정없음"
        },
        {
          "Word":"시월드",
          "WordType":"은어",
          "WordStructure":"혼성어",
          "WordDefine":"시댁 혹은 \"시집살이\"를 나타내는 대한민국의 인터넷 신조어",
          "WordFell":"부정",
          "WordMean":"싫어함"
        }
      ]
    },
    {
      "Speaker":"5245",
      "SpeakerText":"와, 예랑이 멋지네. 너 생각만 해주고.",
      "TextConvert":"와 예비 신랑이 멋지네 너 생각만 해주고",
      "StartTime":25.73,
      "EndTime":28.73,
      "SpeakTime":3,
      "WordInfo":[
        {
          "Word":"예랑",
          "WordType":"줄임말",
          "WordStructure":"축약어",
          "WordDefine":"예비 신랑 /  '랑이', '예랑이'라고도 쓰인다.",
          "WordFell":"중립",
          "WordMean":"감정없음"
        }
      ]
    },
    {
      "Speaker":"4245",
      "SpeakerText":"그럼 뭐해? 완전 마마보이야. 뭐만 물어보면 엄마한테 물어본단다. 자기 옷도 엄마한테 원단 뭐로 할지 물어보고, 결혼반지도 물어본다 해서 열라 싸웠다. 진짜 이러다가 결혼하고서 콩가루집안 될 것 같아.",
      "TextConvert":"그럼 뭐해 완전 주체적으로 행동하지 못하고 어머니에게 의존하는 남자야. 뭐만 물어보면 엄마한테 물어본단다 자기 옷도 엄마한테 원단 뭐로 할지 물어보고 결혼반지도 물어본다 해서 열나게 싸웠다 진짜 이러다가 결혼하고서 여러가지 이유로 도덕적으로 매우 바람직하지 않은 가족 될 것 같아",
      "StartTime":28.73,
      "EndTime":40.73,
      "SpeakTime":12,
      "WordInfo":[
        {
          "Word":"마마보이",
          "WordType":"속어",
          "WordStructure":"합성어",
          "WordDefine":"MaMa+Boy의 합성어 / 주체적으로 행동하지 못하고 어머니에게 의존하는 소년이나 남자.",
          "WordFell":"부정",
          "WordMean":"싫어함"
        },
        {
          "Word":"열라",
          "WordType":"줄임말",
          "WordStructure":"축약어",
          "WordDefine":"열나게의 줄임말",
          "WordFell":"중립",
          "WordMean":"감정없음"
        },
        {
          "Word":"콩가루집안",
          "WordType":"속어",
          "WordStructure":"합성어",
          "WordDefine":"여러 가지 이유로 도덕적으로 매우 바람직하지 않은?가족을 말한다.",
          "WordFell":"부정",
          "WordMean":"싫어함"
        }
      ]
    },
    {
      "Speaker":"5245",
      "SpeakerText":"헐, 진짜 엄마 없이 일상생활은 가능하데? 연애할 때는 몰랐어? 너네 속도위반결혼이었나?",
      "TextConvert":"황당하다 진짜 엄마 없이 일상생활은 가능하데? 연애할 때는 몰랐어? 너네 대체로 미혼남녀 사이에 의도하지 않은 혼전임신으로 인하여 결혼을 하게되는 상황이었나?",
      "StartTime":40.73,
      "EndTime":46.29,
      "SpeakTime":5.56,
      "WordInfo":[
        {
          "Word":"헐",
          "WordType":"유행어",
          "WordStructure":"기타",
          "WordDefine":"주로 황당한 상황에 닥쳤을 때 하는 감탄사로 쓰인다. / \"황당할 때, 화가 날 때, 짜증 날 때 등 다양한 상황에 쓸 수 있는 표현",
          "WordFell":"중립",
          "WordMean":"감정없음"
        },
        {
          "Word":"속도위반결혼",
          "WordType":"속어",
          "WordStructure":"합성어",
          "WordDefine":"대체로?미혼남녀 사이에 의도하지 않은 혼전임신으로 인하여, 결혼을 하게 되는 것을 일컫는 속어적 표현이다",
          "WordFell":"중립",
          "WordMean":"감정없음"
        }
      ]
    },
    {
      "Speaker":"4245",
      "SpeakerText":"아니야, 연애할 때는 몰랐지. 뭔가 기미는 보였는데 아닐 거야, 아닐 거야 했지. 시어머님이 골드맘이야. 예랑이가 장남이라서 어렸을 때부터 애지중지했나 보더라고. 그래서 마마보이가 된 거같아. ",
      "TextConvert":"아니야 연애할 때는 몰랐지 뭔가 기미는 보였는데 아닐 거야 아닐 거야 했지. 시어머님이 풍족하게 자라서 자기 자녀들이나 자기한테 아끼지 않고 투자하는 엄마야 예비 신랑이 장남이라서 어렸을 때부터 애지중지했나 보더라고. 그래서 주체적으로 행동하지 못하고 어머니에게 의존하는 남자가 된 거같아. ",
      "StartTime":46.38,
      "EndTime":58.64,
      "SpeakTime":12.26,
      "WordInfo":[
        {
          "Word":"골드맘",
          "WordType":"은어",
          "WordStructure":"합성어",
          "WordDefine":"풍족하게 자라서 자기 자녀들이나 자기한테 아끼지 않고 쓰고 투자하는 엄마",
          "WordFell":"긍정",
          "WordMean":"좋음"
        },
        {
          "Word":"예랑",
          "WordType":"줄임말",
          "WordStructure":"축약어",
          "WordDefine":"예비 신랑 /  '랑이', '예랑이'라고도 쓰인다.",
          "WordFell":"중립",
          "WordMean":"감정없음"
        },
        {
          "Word":"마마보이",
          "WordType":"속어",
          "WordStructure":"합성어",
          "WordDefine":"MaMa+Boy의 합성어 / 주체적으로 행동하지 못하고 어머니에게 의존하는 소년이나 남자.",
          "WordFell":"부정",
          "WordMean":"싫어함"
        }
      ]
    },
    {
      "Speaker":"5245",
      "SpeakerText":"와, 시어머니가 예랑이 어렸을 때에도 치마바람 좀 날리셨겠다.",
      "TextConvert":"와 시어머니가 예비 신랑이 어렸을 때에도 엄마들이 자기 자식을 위해 불합리적으로 실력을 행사하는 행위 좀 날리셨겠다.",
      "StartTime":58.73,
      "EndTime":62.54,
      "SpeakTime":3.81,
      "WordInfo":[
        {
          "Word":"예랑",
          "WordType":"줄임말",
          "WordStructure":"축약어",
          "WordDefine":"예비 신랑 /  '랑이', '예랑이'라고도 쓰인다.",
          "WordFell":"중립",
          "WordMean":"감정없음"
        },
        {
          "Word":"치마바람",
          "WordType":"은어",
          "WordStructure":"합성어",
          "WordDefine":"엄마들이 자기 자식을 위해 불합리적으로 실력을 행사하는 행위",
          "WordFell":"부정",
          "WordMean":"싫어함"
        }
      ]
    },
    {
      "Speaker":"4245",
      "SpeakerText":"그랬을 것 같아. 나한테도 전화 계속하셔 막 자기 아들램 밥 잘 챙겨주냐, 싸우면 왜 싸웠냐고도 전화오고, 진짜 이 결혼 맞나 싶다.",
      "TextConvert":"그랬을 것 같아 나한테도 전화 계속하셔 막 자기 아들 밥 잘 챙겨주냐 싸우면 왜 싸웠냐고도 전화오고 진짜 이 결혼 맞나 싶다",
      "StartTime":62.54,
      "EndTime":70.74,
      "SpeakTime":8.2,
      "WordInfo":[
        {
          "Word":"아들램",
          "WordType":"줄임말",
          "WordStructure":"축약어",
          "WordDefine":"아들래미의 줄임말",
          "WordFell":"중립",
          "WordMean":"감정없음"
        }
      ]
    },
    {
      "Speaker":"5245",
      "SpeakerText":"그렇긴 하네. 결혼은 둘 만 하는게 아니긴 하니까, 서로의 집안들끼리도 이어지니까 너가 현타오긴 하겠다.",
      "TextConvert":"그렇긴 하네 결혼은 둘 만 하는게 아니긴 하니까 서로의 집안들끼리도 이어지니까 너가 현실 자각 타임오긴 하겠다.",
      "StartTime":70.74,
      "EndTime":76.84,
      "SpeakTime":6.1,
      "WordInfo":[
        {
          "Word":"현타",
          "WordType":"유행어",
          "WordStructure":"축약어",
          "WordDefine":"현실자각타임'을 줄인말/무언가를 집중해서 열정적으로 행동하고 난 뒤 갑자기 그 일을 후회하거나 수치스러워 함",
          "WordFell":"부정",
          "WordMean":"화남"
        }
      ]
    },
    {
      "Speaker":"4245",
      "SpeakerText":"응, 진짜 그거 빼면 완전 완벽한 우유남인데, 그 한 개가 많이 걸리네. 결혼하면 더 심해질 것 같은데, 막 집에 비밀번호 누르고 들어오실 것 같아서 넘나 무섭다.",
      "TextConvert":"응 진짜 그거 빼면 완전 완벽한 우월한 유전자 가진 남자인데 그 한 개가 많이 걸리네 결혼하면 더 심해질 것 같은데 막 집에 비밀번호 누르고 들어오실 것 같아서 너무나 무섭다 ",
      "StartTime":76.88,
      "EndTime":86.59,
      "SpeakTime":9.71,
      "WordInfo":[
        {
          "Word":"우유남",
          "WordType":"줄임말",
          "WordStructure":"축약어",
          "WordDefine":"우월한 유전자 남자'의 줄임말",
          "WordFell":"긍정",
          "WordMean":"좋음"
        },
        {
          "Word":"넘나",
          "WordType":"줄임말",
          "WordStructure":"축약어",
          "WordDefine":"너무나의 줄임말",
          "WordFell":"중립",
          "WordMean":"감정없음"
        }
      ]
    },
    {
      "Speaker":"5245",
      "SpeakerText":"와, 진짜 그건 너무 극혐이다. 난 결혼하면 엄빠한테 절대로 우리집 비번 안 가르쳐줄 거야. 우리 집 올 때도 꼭 연락하고 오시라고 할 거고, 진짜 용납 못 해.",
      "TextConvert":"와 진짜 그건 너무 극도로 혐오다 난 결혼하면 엄마 아빠한테 절대로 우리집 비밀번호 안 가르쳐줄 거야. 우리 집 올 때도 꼭 연락하고 오시라고 할 거고 진짜 용납 못 해",
      "StartTime":86.73,
      "EndTime":95.73,
      "SpeakTime":9,
      "WordInfo":[
        {
          "Word":"극혐",
          "WordType":"줄임말",
          "WordStructure":"축약어",
          "WordDefine":"극도로 혐오한다는 말의 신조어",
          "WordFell":"부정",
          "WordMean":"싫어함"
        },
        {
          "Word":"엄빠",
          "WordType":"은어",
          "WordStructure":"혼성어",
          "WordDefine":"엄마 아빠의 줄임말",
          "WordFell":"중립",
          "WordMean":"감정없음"
        },
        {
          "Word":"비번",
          "WordType":"줄임말",
          "WordStructure":"축약어",
          "WordDefine":"비밀번호'의 줄임말",
          "WordFell":"중립",
          "WordMean":"감정없음"
        }
      ]
    },
    {
      "Speaker":"4245",
      "SpeakerText":"나도 그렇게 하는게 맞다고 보는데, 왠지 우리 남의편은 다 알려드릴 것 같다. 막 아침에 자고 일어났는데 쇼파에 앉아계셔서 잠깨자마자 개깜놀하는 장면도 상상이 된다.",
      "TextConvert":"나도 그렇게 하는게 맞다고 보는데 왠지 우리 남편은 다 알려드릴 것 같다 막 아침에 자고 일어났는데 쇼파에 앉아계셔서 잠깨자마자 매우 깜짝 놀라는 장면도 상상이 된다",
      "StartTime":95.73,
      "EndTime":106.69,
      "SpeakTime":10.96,
      "WordInfo":[
        {
          "Word":"남의편",
          "WordType":"은어",
          "WordStructure":"파생어",
          "WordDefine":"남편에게 불만있는 아내들이 \"남편\"이란 단어를 가지고 단어 중간에 '의'를 넣어서 \"남의 편\"이라고 사용",
          "WordFell":"부정",
          "WordMean":"싫어함"
        },
        {
          "Word":"개깜놀",
          "WordType":"유행어",
          "WordStructure":"합성어",
          "WordDefine":"매우 깜짝 놀라다의 강조표현",
          "WordFell":"중립",
          "WordMean":"감정없음"
        }
      ]
    },
    {
      "Speaker":"5245",
      "SpeakerText":"와, 생각만해도 노답이다. 진짜 너무 싫다. 그런 상상하지마. 상상이 현실이 된다.",
      "TextConvert":"와 생각만해도 답이 없다. 진짜 너무 싫다 그런 상상하지마 상상이 현실이 된다",
      "StartTime":106.69,
      "EndTime":111.94,
      "SpeakTime":5.25,
      "WordInfo":[
        {
          "Word":"노답",
          "WordType":"줄임말",
          "WordStructure":"합성어",
          "WordDefine":"노답' (No+답) / 답이 없다는 뜻",
          "WordFell":"부정",
          "WordMean":"싫어함"
        }
      ]
    },
    {
      "Speaker":"4245",
      "SpeakerText":"진짜 만약에 그러시면 단호하게 말씀드려야 하는데, 내가 워낙 찌질이라 또 억텐으로 웃으면서 다 괜찮다고 하겠지. 난 날 너무 잘 아니까.",
      "TextConvert":"진짜 만약에 그러시면 단호하게 말씀드려야 하는데 내가 워낙 잘 적응하지 못하고 겉도는 사람이라 또 억지로 재미있는 척을 하고 격한 반응으로 웃으면서 다 괜찮다고 하겠지 난 날 너무 잘 아니까",
      "StartTime":111.94,
      "EndTime":120.44,
      "SpeakTime":8.5,
      "WordInfo":[
        {
          "Word":"찌질이",
          "WordType":"속어",
          "WordStructure":"기타",
          "WordDefine":"소속된 집단에 잘 적응하지 못하고 겉도는 사람을 속되게 이르는 말.",
          "WordFell":"부정",
          "WordMean":"싫어함"
        },
        {
          "Word":"억텐",
          "WordType":"유행어",
          "WordStructure":"축약어",
          "WordDefine":"억지로 재미있는 척을 하고 격한 바응을 하는 모습을 나타내는 말/\"억지 텐션\" 의 줄임말",
          "WordFell":"부정",
          "WordMean":"싫어함"
        }
      ]
    },
    {
      "Speaker":"5245",
      "SpeakerText":"내가 본 너의 모습도 그럴거라 생각이 든다. 진짜 예랑님이랑 먼저 잘 얘기해봐. 예랑님이 시어머니랑 잘 얘기해주는게 맞지.",
      "TextConvert":"내가 본 너의 모습도 그럴거라 생각이 든다 진짜 예비 신랑님이랑 먼저 잘 얘기해봐 예비 신랑님이 시어머니랑 잘 얘기해주는게 맞지",
      "StartTime":120.44,
      "EndTime":127.94,
      "SpeakTime":7.5,
      "WordInfo":[
        {
          "Word":"예랑",
          "WordType":"줄임말",
          "WordStructure":"축약어",
          "WordDefine":"예비 신랑 /  '랑이', '예랑이'라고도 쓰인다.",
          "WordFell":"중립",
          "WordMean":"감정없음"
        },
        {
          "Word":"예랑",
          "WordType":"줄임말",
          "WordStructure":"축약어",
          "WordDefine":"예비 신랑 /  '랑이', '예랑이'라고도 쓰인다.",
          "WordFell":"중립",
          "WordMean":"감정없음"
        }
      ]
    },
    {
      "Speaker":"4245",
      "SpeakerText":"안 그래도 오늘 저녁에 치맥먹으면서 얘기해보려고. 치킨 먹이면 얘기가 좀 통하니까.",
      "TextConvert":"안 그래도 오늘 저녁에 치킨하고 맥주 먹으면서 얘기해보려고 치킨 먹이면 얘기가 좀 통하니까",
      "StartTime":127.94,
      "EndTime":133.44,
      "SpeakTime":5.5,
      "WordInfo":[
        {
          "Word":"치맥",
          "WordType":"줄임말",
          "WordStructure":"축약어",
          "WordDefine":"치킨과 맥주를 함께 먹는 것",
          "WordFell":"중립",
          "WordMean":"감정없음"
        }
      ]
    },
    {
      "Speaker":"5245",
      "SpeakerText":"그래, 잘 얘기해봐. 진짜 축하해줘야 할 일인데 나는 좀 걱정도 된다. 어찌됐든 축하해! 힘내고.",
      "TextConvert":"그래 잘 얘기해봐 진짜 축하해줘야 할 일인데 나는 좀 걱정도 된다 어찌됐든 축하해! 힘내고",
      "StartTime":133.44,
      "EndTime":139.94,
      "SpeakTime":6.5,
      "WordInfo":null
    },
    {
      "Speaker":"4245",
      "SpeakerText":"고마워. 나한테 절친이 너밖에 없어서 털어놨는데 속이 한결 가벼워졌어. 담에 내가 너좋아하는 야곱 쏠게. 그 때 같이 한 잔 하자.",
      "TextConvert":"고마워 나한테 굉장히 친한 친구가 너밖에 없어서 털어놨는데 속이 한결 가벼워졌어 다음에 내가 너좋아하는 야채 곱창 쏠게 그 때 같이 한 잔 하자",
      "StartTime":139.94,
      "EndTime":147.44,
      "SpeakTime":7.5,
      "WordInfo":[
        {
          "Word":"절친",
          "WordType":"줄임말",
          "WordStructure":"축약어",
          "WordDefine":"절친한 친구'의 준말",
          "WordFell":"중립",
          "WordMean":"감정없음"
        },
        {
          "Word":"담",
          "WordType":"줄임말",
          "WordStructure":"축약어",
          "WordDefine":"다음의 줄임말",
          "WordFell":"중립",
          "WordMean":"감정없음"
        },
        {
          "Word":"야곱",
          "WordType":"줄임말",
          "WordStructure":"축약어",
          "WordDefine":"야채 곱창'의 준말",
          "WordFell":"중립",
          "WordMean":"감정없음"
        }
      ]
    },
    {
      "Speaker":"5245",
      "SpeakerText":"조낸 좋지! 언제든 환영이야.",
      "TextConvert":"굉장히 좋지! 언제든 환영이야",
      "StartTime":147.44,
      "EndTime":149.89,
      "SpeakTime":2.45,
      "WordInfo":[
        {
          "Word":"조낸",
          "WordType":"속어",
          "WordStructure":"기타",
          "WordDefine":"정말 매우 진짜 굉장히 라는 뜻으로 비속어인 '존나' 와 같은 표현",
          "WordFell":"중립",
          "WordMean":"감정없음"
        }
      ]
    }
  ]
}
