{
  "DataSet":"연령대별특징적발화음성",
  "Version":"1.0",
  "Date":"20220905",
  "MediaUrl":"단어/20대/25.음식/20_25_2042_220905_0107.wav",
  "Category":"20대",
  "SubCategory":"음식",
  "DialogPlace":"집",
  "DialogVoiceType":"독백",
  "SpeakerNumber":"1",
  "RecDevice":"스마트폰",
  "RecLen":3.363,
  "AudioResolution":{
    "BitDepth":"16bit",
    "SampleRate":"44.1kHz"
  },
  "Speakers":[
    {
      "Speaker":"2042",
      "Gender":"여성",
      "Locate":"수도권",
      "AgeGroup":"30"
    }
  ],
  "Dialogs":[
    {
      "Speaker":"2042",
      "SpeakerText":"혼밥",
      "TextConvert":"혼자 밥 먹기",
      "StartTime":1,
      "EndTime":2.363,
      "SpeakTime":1.363,
      "WordInfo":[
        {
          "Word":"혼밥",
          "WordType":"줄임말",
          "WordStructure":"축약어",
          "WordDefine":"혼자서 밥을 먹는 행위",
          "WordFell":"중립",
          "WordMean":"감정없음"
        }
      ]
    }
  ]
}
