{
  "DataSet":"연령대별특징적발화음성",
  "Version":"1.0",
  "Date":"20220919",
  "MediaUrl":"단어/20대/25.음식/20_25_2126_220919_0012.wav",
  "Category":"20대",
  "SubCategory":"음식",
  "DialogPlace":"집",
  "DialogVoiceType":"독백",
  "SpeakerNumber":"1",
  "RecDevice":"스마트폰",
  "RecLen":3.579,
  "AudioResolution":{
    "BitDepth":"16bit",
    "SampleRate":"44.1kHz"
  },
  "Speakers":[
    {
      "Speaker":"2126",
      "Gender":"여성",
      "Locate":"전라",
      "AgeGroup":"20"
    }
  ],
  "Dialogs":[
    {
      "Speaker":"2126",
      "SpeakerText":"낙곱새",
      "TextConvert":"낙지 곱창 새우",
      "StartTime":1,
      "EndTime":2.579,
      "SpeakTime":1.579,
      "WordInfo":[
        {
          "Word":"낙곱새",
          "WordType":"줄임말",
          "WordStructure":"축약어",
          "WordDefine":"낙지 곱창 새우 의 줄임말",
          "WordFell":"중립",
          "WordMean":"감정없음"
        }
      ]
    }
  ]
}
