{
  "DataSet":"연령대별특징적발화음성",
  "Version":"1.0",
  "Date":"20220904",
  "MediaUrl":"단어/20대/25.음식/20_25_2067_220904_0103.wav",
  "Category":"20대",
  "SubCategory":"음식",
  "DialogPlace":"집",
  "DialogVoiceType":"독백",
  "SpeakerNumber":"1",
  "RecDevice":"스마트폰",
  "RecLen":3.212,
  "AudioResolution":{
    "BitDepth":"16bit",
    "SampleRate":"44.1kHz"
  },
  "Speakers":[
    {
      "Speaker":"2067",
      "Gender":"남성",
      "Locate":"수도권",
      "AgeGroup":"30"
    }
  ],
  "Dialogs":[
    {
      "Speaker":"2067",
      "SpeakerText":"피맥",
      "TextConvert":"피자와 맥주",
      "StartTime":1,
      "EndTime":2.212,
      "SpeakTime":1.212,
      "WordInfo":[
        {
          "Word":"피맥",
          "WordType":"줄임말",
          "WordStructure":"축약어",
          "WordDefine":"피자와 맥주를 함께 먹는 것",
          "WordFell":"중립",
          "WordMean":"감정없음"
        }
      ]
    }
  ]
}
