{
  "DataSet":"연령대별특징적발화음성",
  "Version":"1.0",
  "Date":"20220816",
  "MediaUrl":"단어/20대/23.직장/20_23_2013_220816_0059.wav",
  "Category":"20대",
  "SubCategory":"직장",
  "DialogPlace":"집",
  "DialogVoiceType":"독백",
  "SpeakerNumber":"1",
  "RecDevice":"스마트폰",
  "RecLen":3.551,
  "AudioResolution":{
    "BitDepth":"16bit",
    "SampleRate":"44.1kHz"
  },
  "Speakers":[
    {
      "Speaker":"2013",
      "Gender":"여성",
      "Locate":"수도권",
      "AgeGroup":"40"
    }
  ],
  "Dialogs":[
    {
      "Speaker":"2013",
      "SpeakerText":"자소서",
      "TextConvert":"자기소개서",
      "StartTime":1,
      "EndTime":2.551,
      "SpeakTime":1.551,
      "WordInfo":[
        {
          "Word":"자소서",
          "WordType":"줄임말",
          "WordStructure":"축약어",
          "WordDefine":"자기소개서",
          "WordFell":"중립",
          "WordMean":"감정없음"
        }
      ]
    }
  ]
}
