{
  "DataSet":"연령대별특징적발화음성",
  "Version":"1.0",
  "Date":"20220901",
  "MediaUrl":"단어/20대/23.직장/20_23_2055_220901_0036.wav",
  "Category":"20대",
  "SubCategory":"직장",
  "DialogPlace":"집",
  "DialogVoiceType":"독백",
  "SpeakerNumber":"1",
  "RecDevice":"스마트폰",
  "RecLen":3.503,
  "AudioResolution":{
    "BitDepth":"16bit",
    "SampleRate":"44.1kHz"
  },
  "Speakers":[
    {
      "Speaker":"2055",
      "Gender":"여성",
      "Locate":"경상",
      "AgeGroup":"10"
    }
  ],
  "Dialogs":[
    {
      "Speaker":"2055",
      "SpeakerText":"알바",
      "TextConvert":"아르바이트",
      "StartTime":1,
      "EndTime":2.503,
      "SpeakTime":1.503,
      "WordInfo":[
        {
          "Word":"알바",
          "WordType":"줄임말",
          "WordStructure":"축약어",
          "WordDefine":"아르바이트'의 줄임말",
          "WordFell":"중립",
          "WordMean":"감정없음"
        }
      ]
    }
  ]
}
