{
  "DataSet":"연령대별특징적발화음성",
  "Version":"1.0",
  "Date":"20220905",
  "MediaUrl":"단어/20대/23.직장/20_23_2039_220905_0073.wav",
  "Category":"20대",
  "SubCategory":"직장",
  "DialogPlace":"집",
  "DialogVoiceType":"독백",
  "SpeakerNumber":"1",
  "RecDevice":"스마트폰",
  "RecLen":3.412,
  "AudioResolution":{
    "BitDepth":"16bit",
    "SampleRate":"44.1kHz"
  },
  "Speakers":[
    {
      "Speaker":"2039",
      "Gender":"여성",
      "Locate":"전라",
      "AgeGroup":"20"
    }
  ],
  "Dialogs":[
    {
      "Speaker":"2039",
      "SpeakerText":"칼퇴",
      "TextConvert":"칼같이 퇴근",
      "StartTime":1,
      "EndTime":2.412,
      "SpeakTime":1.412,
      "WordInfo":[
        {
          "Word":"칼퇴",
          "WordType":"줄임말",
          "WordStructure":"축약어",
          "WordDefine":"칼퇴근의 줄임말로 퇴근 시간이 되자마자 조금도 지체 없이 바로 퇴근함.",
          "WordFell":"중립",
          "WordMean":"감정없음"
        }
      ]
    }
  ]
}
