{
  "DataSet":"연령대별특징적발화음성",
  "Version":"1.0",
  "Date":"20221016",
  "MediaUrl":"대화/40대/41.가족/40_41_40975097_221016_0007.wav",
  "Category":"40대",
  "SubCategory":"가족",
  "DialogPlace":"집",
  "DialogVoiceType":"대면",
  "SpeakerNumber":"2",
  "RecDevice":"스마트폰",
  "RecLen":192.704,
  "AudioResolution":{
    "BitDepth":"16bit",
    "SampleRate":"44.1kHz"
  },
  "Speakers":[
    {
      "Speaker":"4097",
      "Gender":"여성",
      "Locate":"수도권",
      "AgeGroup":"30"
    },
    {
      "Speaker":"5097",
      "Gender":"여성",
      "Locate":"수도권",
      "AgeGroup":"50"
    }
  ],
  "Dialogs":[
    {
      "Speaker":"4097",
      "SpeakerText":"작년에 내 친구 아들이 대학을 들어갔거든. 그런데 들어가서는 곧장 공무원 셤 준비를 한다네.",
      "TextConvert":"작년에 내 친구 아들이 대학을 들어갔거든. 그런데 들어가서는 곧장 공무원 시험 준비를 한다네.",
      "StartTime":0.18,
      "EndTime":6.39,
      "SpeakTime":6.21,
      "WordInfo":[
        {
          "Word":"셤",
          "WordType":"줄임말",
          "WordStructure":"파생어",
          "WordDefine":"시험의 준말.",
          "WordFell":"중립",
          "WordMean":"감정없음"
        }
      ]
    },
    {
      "Speaker":"5097",
      "SpeakerText":"그럴 것 같음 대학은 왜 들어감? 차라리 다른 애한테 입학의 기회를 주지. 개어이없네. ",
      "TextConvert":"그럴 것 같음 대학은 왜 들어감? 차라리 다른 애한테 입학의 기회를 주지. 엄청 어이없네. ",
      "StartTime":7.28,
      "EndTime":14.34,
      "SpeakTime":7.06,
      "WordInfo":[
        {
          "Word":"개어이없다",
          "WordType":"유행어",
          "WordStructure":"합성어",
          "WordDefine":"어이없다의 강조 표현",
          "WordFell":"부정",
          "WordMean":"싫어함"
        }
      ]
    },
    {
      "Speaker":"4097",
      "SpeakerText":"그런데 얘기를 들어보면 그 집 애는 뭔가 오타쿠 같은 느낌도 들고 애가 뭐 돌취생도 아니고 갓수도 아닌 것이 부모랑 대화도 안된다고 하더라고.",
      "TextConvert":"그런데 얘기를 들어보면 그 집 애는 뭔가 오타쿠 같은 느낌도 들고 애가 뭐 돌아온 취업준비생도 아니고 신 같은 백수도 아닌 것이 부모랑 대화도 안된다고 하더라고.",
      "StartTime":14.53,
      "EndTime":24.39,
      "SpeakTime":9.86,
      "WordInfo":[
        {
          "Word":"돌취생",
          "WordType":"줄임말",
          "WordStructure":"축약어",
          "WordDefine":"돌아온 취업준비생의 준말",
          "WordFell":"부정",
          "WordMean":"싫어함"
        },
        {
          "Word":"갓수",
          "WordType":"은어",
          "WordStructure":"혼성어",
          "WordDefine":"갓(God) + 백수",
          "WordFell":"긍정",
          "WordMean":"좋음"
        }
      ]
    },
    {
      "Speaker":"5097",
      "SpeakerText":"대략난감이겠다. 콩가루집안은 아니겠지?",
      "TextConvert":"대략난감이겠다. 여러 가지 이유로 도덕적으로 매우 바람직하지 않은 가족은 아니겠지?",
      "StartTime":24.58,
      "EndTime":28.49,
      "SpeakTime":3.91,
      "WordInfo":[
        {
          "Word":"콩가루집안",
          "WordType":"속어",
          "WordStructure":"합성어",
          "WordDefine":"여러 가지 이유로 도덕적으로 매우 바람직하지 않은?가족을 말한다.",
          "WordFell":"부정",
          "WordMean":"싫어함"
        }
      ]
    },
    {
      "Speaker":"4097",
      "SpeakerText":"글쎄, 콩가루집안 이라기보다는 그 집 아빠가 오랜 시간 기러기아빠로 타지역과 타국에서 일을 하다가 돌아왔다네. ",
      "TextConvert":"글쎄, 여러 가지 이유로 도덕적으로 매우 바람직하지 않은 가족이라기보다는 그 집 아빠가 오랜 시간 1년에 한 두 번 가족을 만나러 가는 외로운 아빠로 타지역과 타국에서 일을 하다가 돌아왔다네. ",
      "StartTime":28.63,
      "EndTime":36.64,
      "SpeakTime":8.01,
      "WordInfo":[
        {
          "Word":"콩가루집안",
          "WordType":"속어",
          "WordStructure":"합성어",
          "WordDefine":"여러 가지 이유로 도덕적으로 매우 바람직하지 않은?가족을 말한다.",
          "WordFell":"부정",
          "WordMean":"싫어함"
        },
        {
          "Word":"기러기아빠",
          "WordType":"은어",
          "WordStructure":"합성어",
          "WordDefine":"명절이나 휴가 등 1년에 한 두 번 가족을 만나러 가는 외로운 아빠",
          "WordFell":"부정",
          "WordMean":"싫어함"
        }
      ]
    },
    {
      "Speaker":"5097",
      "SpeakerText":"그러면 애가 몇 명인 집이래?",
      "TextConvert":"그러면 애가 몇 명인 집이래?",
      "StartTime":36.83,
      "EndTime":40.19,
      "SpeakTime":3.36,
      "WordInfo":null
    },
    {
      "Speaker":"4097",
      "SpeakerText":"딸램 하나랑 아들램 한 명 있는데 아들이 오타쿠 기질이 있대요. 보통 대학생이면 알바도 하고 등골 브레이커로 만들지 않기 위해서라도 뭐라도 하잖아. 근데 걔가 좀 특이한 것 같더라고.",
      "TextConvert":"딸래미 하나랑 아들래미 한 명 있는데 아들이 오타쿠 기질이 있대요. 보통 대학생이면 아르바이트도 하고 등골이 휠 정도로 부담이 가는 비싼 물건을 사달라고 조르는 자녀로 만들지 않기 위해서라도 뭐라도 하잖아. 근데 걔가 좀 특이한 것 같더라고.",
      "StartTime":40.38,
      "EndTime":53.14,
      "SpeakTime":12.76,
      "WordInfo":[
        {
          "Word":"딸램",
          "WordType":"줄임말",
          "WordStructure":"축약어",
          "WordDefine":"딸래미의 줄임말",
          "WordFell":"중립",
          "WordMean":"감정없음"
        },
        {
          "Word":"아들램",
          "WordType":"줄임말",
          "WordStructure":"축약어",
          "WordDefine":"아들래미의 줄임말",
          "WordFell":"중립",
          "WordMean":"감정없음"
        },
        {
          "Word":"알바",
          "WordType":"줄임말",
          "WordStructure":"축약어",
          "WordDefine":"아르바이트'의 줄임말",
          "WordFell":"중립",
          "WordMean":"감정없음"
        },
        {
          "Word":"등골브레이커",
          "WordType":"유행어",
          "WordStructure":"합성어",
          "WordDefine":"등골 + 브레이커(Breaker) \n구매자(주로 부모) 등골이 휠 정도로 부담이 가는 비싼 상품 또는 그 상품을 사달라고 조르는 수취자(주로 자녀)를 일컫는 인터넷 유행어",
          "WordFell":"부정",
          "WordMean":"싫어함"
        }
      ]
    },
    {
      "Speaker":"5097",
      "SpeakerText":"정 설마 정말로 등골 브레이커는 아니지? 그래봤자 이제 대학교 갓 들어간 나인데 뭐가 그럴까?",
      "TextConvert":"설마 정말로 등골이 휠 정도로 부담이 가는 비싼 물건을 사달라고 조르는 자녀는 아니지? 그래봤자 이제 대학교 갓 들어간 나인데 뭐가 그럴까?",
      "StartTime":53.58,
      "EndTime":63.19,
      "SpeakTime":9.61,
      "WordInfo":[
        {
          "Word":"등골브레이커",
          "WordType":"유행어",
          "WordStructure":"합성어",
          "WordDefine":"등골 + 브레이커(Breaker) \n구매자(주로 부모) 등골이 휠 정도로 부담이 가는 비싼 상품 또는 그 상품을 사달라고 조르는 수취자(주로 자녀)를 일컫는 인터넷 유행어",
          "WordFell":"부정",
          "WordMean":"싫어함"
        }
      ]
    },
    {
      "Speaker":"4097",
      "SpeakerText":"친구도 안 만나고 그렇다고 대화도 그닥 안하고 기러기아빠로 오지게 지내왔으니 어색할 것 아니야.",
      "TextConvert":"친구도 안 만나고 그렇다고 대화도 그닥 안하고 가족이랑 떨어져 지내는 아빠로 오래 지내왔으니 어색할 것 아니야.",
      "StartTime":63.33,
      "EndTime":69.94,
      "SpeakTime":6.61,
      "WordInfo":[
        {
          "Word":"기러기아빠",
          "WordType":"은어",
          "WordStructure":"합성어",
          "WordDefine":"명절이나 휴가 등 1년에 한 두 번 가족을 만나러 가는 외로운 아빠",
          "WordFell":"부정",
          "WordMean":"싫어함"
        }
      ]
    },
    {
      "Speaker":"5097",
      "SpeakerText":"그러면 그집 엄마는 완전 타이거맘이었겠다. 보통 기러기아빠 집안은 엄마가 대빵 아니야?",
      "TextConvert":"그러면 그집 엄마는 완전 엄격한 스파르타식 교육을 시키는 호랑이 엄마겠다. 보통 1년에 한 두 번 가족을 만나러 가는 외로운 아빠 집안은 엄마가 우두머리 아니야?",
      "StartTime":70.23,
      "EndTime":77.69,
      "SpeakTime":7.46,
      "WordInfo":[
        {
          "Word":"타이거맘",
          "WordType":"은어",
          "WordStructure":"합성어",
          "WordDefine":"엄격한 스파르타식 교육을 시키는 호랑이 엄마",
          "WordFell":"부정",
          "WordMean":"싫어함"
        },
        {
          "Word":"기러기아빠",
          "WordType":"은어",
          "WordStructure":"합성어",
          "WordDefine":"명절이나 휴가 등 1년에 한 두 번 가족을 만나러 가는 외로운 아빠",
          "WordFell":"부정",
          "WordMean":"싫어함"
        },
        {
          "Word":"대빵",
          "WordType":"속어",
          "WordStructure":"기타",
          "WordDefine":"우두머리’를 속되게 이르는 말",
          "WordFell":"부정",
          "WordMean":"싫어함"
        }
      ]
    },
    {
      "Speaker":"4097",
      "SpeakerText":"아냐. 오히려 애들을 너무 오냐오냐 하며 키웠대. 딸램은 예고에 다니는데 학비가 비싸서 진심 등골 브레이커처럼 된 것 같더라. 오죽하면 친할머니가 그 딸램을 그렇게나 못마땅하게 생각한대.",
      "TextConvert":"아냐. 오히려 애들을 너무 오냐오냐 하며 키웠대. 딸래미는 예고에 다니는데 학비가 비싸서 진심 등골이 휠 정도로 부담이 가는 비싼 물건을 사달라고 조르는 자녀처럼 된 것 같더라. 오죽하면 친할머니가 그 딸래미를 그렇게나 못마땅하게 생각한대.",
      "StartTime":77.83,
      "EndTime":91.29,
      "SpeakTime":13.46,
      "WordInfo":[
        {
          "Word":"딸램",
          "WordType":"줄임말",
          "WordStructure":"축약어",
          "WordDefine":"딸래미의 줄임말",
          "WordFell":"중립",
          "WordMean":"감정없음"
        },
        {
          "Word":"등골브레이커",
          "WordType":"유행어",
          "WordStructure":"합성어",
          "WordDefine":"등골 + 브레이커(Breaker) \n구매자(주로 부모) 등골이 휠 정도로 부담이 가는 비싼 상품 또는 그 상품을 사달라고 조르는 수취자(주로 자녀)를 일컫는 인터넷 유행어",
          "WordFell":"부정",
          "WordMean":"싫어함"
        },
        {
          "Word":"딸램",
          "WordType":"줄임말",
          "WordStructure":"축약어",
          "WordDefine":"딸래미의 줄임말",
          "WordFell":"중립",
          "WordMean":"감정없음"
        }
      ]
    },
    {
      "Speaker":"5097",
      "SpeakerText":"대박이다. 보통 친손주는 친할머니 사랑 독차지 하던데.",
      "TextConvert":"대박이다. 보통 친손주는 친할머니 사랑 독차지 하던데.",
      "StartTime":91.29,
      "EndTime":96.79,
      "SpeakTime":5.5,
      "WordInfo":null
    },
    {
      "Speaker":"4097",
      "SpeakerText":"애들을 기러기아빠로서 오랜 기간 못 동안 못보다보니 걔 남편은 완전 딸바보이기도 하고 엄카를 쥐어줬더니 지름신이 왔는지 텅장이 되어 있더래.",
      "TextConvert":"애들을 1년에 한 두 번 가족을 만나러 가는 외로운 아빠로서 오랜 기간 동안 못보다보니 걔 남편은 완전 딸밖에 모르는 바보이기도 하고 엄마 카드를 쥐어줬더니 마음에 드는 물건을 보면 일단 사도록 부추기는 가상의 신이 왔는지 잔고가 없는 통장이 되어 있더래.",
      "StartTime":96.79,
      "EndTime":107.19,
      "SpeakTime":10.4,
      "WordInfo":[
        {
          "Word":"기러기아빠",
          "WordType":"은어",
          "WordStructure":"합성어",
          "WordDefine":"명절이나 휴가 등 1년에 한 두 번 가족을 만나러 가는 외로운 아빠",
          "WordFell":"부정",
          "WordMean":"싫어함"
        },
        {
          "Word":"딸바보",
          "WordType":"은어",
          "WordStructure":"합성어",
          "WordDefine":"딸을 챙기고 딸만 아끼는 바보 같다는 뜻",
          "WordFell":"긍정",
          "WordMean":"좋음"
        },
        {
          "Word":"엄카",
          "WordType":"줄임말",
          "WordStructure":"축약어",
          "WordDefine":"엄마 카드의 준말",
          "WordFell":"중립",
          "WordMean":"감정없음"
        },
        {
          "Word":"지름신",
          "WordType":"은어",
          "WordStructure":"합성어",
          "WordDefine":"신제품이나 마음에 드는 물건을 보면 일단 사도록 부추기는 가상의 신을 일컬음",
          "WordFell":"중립",
          "WordMean":"감정없음"
        },
        {
          "Word":"텅장",
          "WordType":"은어",
          "WordStructure":"혼성어",
          "WordDefine":"텅 빈 통장/잔액이 거의 없는 통장을 뜻함",
          "WordFell":"부정",
          "WordMean":"싫어함"
        }
      ]
    },
    {
      "Speaker":"5097",
      "SpeakerText":"어쩌냐. 완전히 콩가루집안이네. ",
      "TextConvert":"어쩌냐. 완전히 여러 가지 이유로 도덕적으로 매우 바람직하지 않은 가족이네. ",
      "StartTime":107.78,
      "EndTime":111.28,
      "SpeakTime":3.5,
      "WordInfo":[
        {
          "Word":"콩가루집안",
          "WordType":"속어",
          "WordStructure":"합성어",
          "WordDefine":"여러 가지 이유로 도덕적으로 매우 바람직하지 않은?가족을 말한다.",
          "WordFell":"부정",
          "WordMean":"싫어함"
        }
      ]
    },
    {
      "Speaker":"4097",
      "SpeakerText":"그래서 요즘 아빠들이 좀 많이 불쌍해 보이더라고. 심지어 아빠 신조어도 장난 아니게 나왔어.",
      "TextConvert":"그래서 요즘 아빠들이 좀 많이 불쌍해 보이더라고. 심지어 아빠 신조어도 장난 아니게 나왔어.",
      "StartTime":111.28,
      "EndTime":117.09,
      "SpeakTime":5.81,
      "WordInfo":null
    },
    {
      "Speaker":"5097",
      "SpeakerText":"나도 들어본 적 있어. 펭귄아빠, 잡새아빠, 독수리아빠 뭐 이런 말들이 있더라고.",
      "TextConvert":"나도 들어본 적 있어. 비행기 값이 없어 가족을 보러 갈 수 없는 아빠, 해외로 유학 보낼 형편이 되지 않아 아내와 자식만 강남으로 유학 보낸 아빠, 재력이 든든해 가족이 보고 싶을 때 언제든지 갈 수 있는 아빠 뭐 이런 말들이 있더라고.",
      "StartTime":118.08,
      "EndTime":125.74,
      "SpeakTime":7.66,
      "WordInfo":[
        {
          "Word":"펭귄아빠",
          "WordType":"은어",
          "WordStructure":"합성어",
          "WordDefine":"비행기 값이 없어 가족을 보러 갈 수 없는 아빠",
          "WordFell":"부정",
          "WordMean":"싫어함"
        },
        {
          "Word":"참새아빠",
          "WordType":"은어",
          "WordStructure":"합성어",
          "WordDefine":"해외로 유학 보낼 형편이 되지 않아 아내와 자식만 강남으로 유학 보낸 아빠",
          "WordFell":"부정",
          "WordMean":"싫어함"
        },
        {
          "Word":"독수리아빠",
          "WordType":"은어",
          "WordStructure":"합성어",
          "WordDefine":"재력이 든든해 가족이 보고 싶을 때 언제든지 갈 수 있는 아빠",
          "WordFell":"긍정",
          "WordMean":"좋음"
        }
      ]
    },
    {
      "Speaker":"4097",
      "SpeakerText":"현실 발영을 참 웃프게 표현을 해 놓은 말이라서 쓰기도 좀 안습하다. 그렇지?",
      "TextConvert":"현실 반영을 참 웃기면서 슬프게 표현을 해 놓은 말이라서 쓰기도 좀 안구에 습기가 찬다. 그렇지?",
      "StartTime":126.68,
      "EndTime":132.49,
      "SpeakTime":5.81,
      "WordInfo":[
        {
          "Word":"웃프다",
          "WordType":"줄임말",
          "WordStructure":"축약어",
          "WordDefine":"웃기면서 슬프다",
          "WordFell":"부정",
          "WordMean":"싫어함"
        },
        {
          "Word":"안습",
          "WordType":"줄임말",
          "WordStructure":"축약어",
          "WordDefine":"안구에 습기차다의 줄임말 / 눈물이 흐른다 혹은 그럴 정도이다는 의미",
          "WordFell":"부정",
          "WordMean":"싫어함"
        }
      ]
    },
    {
      "Speaker":"5097",
      "SpeakerText":"그렇지. 만약 이런 일이 우리집에서 일어난다고 생각하면 나는 시월드건 우래기건 간에 아무것도 생각 안하고 떠날 것 같은 생각이 들어.",
      "TextConvert":"그렇지. 만약 이런 일이 우리집에서 일어난다고 생각하면 나는 시집살이건 우리 애기건 간에 아무것도 생각 안하고 떠날 것 같은 생각이 들어.",
      "StartTime":132.68,
      "EndTime":143.69,
      "SpeakTime":11.01,
      "WordInfo":[
        {
          "Word":"시월드",
          "WordType":"은어",
          "WordStructure":"혼성어",
          "WordDefine":"시댁 혹은 \"시집살이\"를 나타내는 대한민국의 인터넷 신조어",
          "WordFell":"부정",
          "WordMean":"싫어함"
        },
        {
          "Word":"우래기",
          "WordType":"은어",
          "WordStructure":"파생어",
          "WordDefine":"우리 아기라는 단어로부터 파생됨",
          "WordFell":"중립",
          "WordMean":"감정없음"
        }
      ]
    },
    {
      "Speaker":"4097",
      "SpeakerText":"정말 부모 되기가 어렵다. 그러면서도 요즘 엄마들 중에는 애유엄브를 즐기거나 카페맘 또 카페 아카데미맘 같은 사람들도 얼마나 많은 줄 아니? 커피 한 잔 마시러 가는 것도 졸라 시끄러워서 내 영혼이 파괴될 지경이더라.",
      "TextConvert":"정말 부모 되기가 어렵다. 그러면서도 요즘 엄마들 중에는 애기는 유치원에 보내고 엄마들끼리 브런치를 즐기거나 특정장소에서 만나 교육정보를 나누는 엄마 또 특정장소에서 만나 교육정보를 나누는 엄마들 같은 사람들도 얼마나 많은 줄 아니? 커피 한 잔 마시러 가는 것도 엄청 시끄러워서 내 영혼이 파괴될 지경이더라.",
      "StartTime":143.69,
      "EndTime":159.59,
      "SpeakTime":15.9,
      "WordInfo":[
        {
          "Word":"애유엄브",
          "WordType":"줄임말",
          "WordStructure":"축약어",
          "WordDefine":"애는 유치원에 보내고 엄마들끼리 브런치를 먹다'를 줄여 이르는 말.\n아침에 아이를 유치원에 보내고 난 뒤에 엄마들끼리 여유롭게 즐기는 식사를 이른다.",
          "WordFell":"긍정",
          "WordMean":"선의"
        },
        {
          "Word":"카페맘",
          "WordType":"은어",
          "WordStructure":"합성어",
          "WordDefine":" 특정장소에서 만나 교육정보를 나누는 엄마들을 말함 / '아카데미맘'과 같은 의미",
          "WordFell":"중립",
          "WordMean":"감정없음"
        },
        {
          "Word":"아카데미맘",
          "WordType":"은어",
          "WordStructure":"합성어",
          "WordDefine":" 특정장소에서 만나 교육정보를 나누는 엄마들을 말함 / '카페맘'과 같은의미",
          "WordFell":"중립",
          "WordMean":"감정없음"
        },
        {
          "Word":"졸라",
          "WordType":"속어",
          "WordStructure":"기타",
          "WordDefine":"매우~, 너무~, 엄청~ 등 의 뜻으로 대상, 혹은 감정을 강조할 때 쓰이는 한국어의 비속어.",
          "WordFell":"중립",
          "WordMean":"감정없음"
        }
      ]
    },
    {
      "Speaker":"5097",
      "SpeakerText":"하긴 카페맘이 너무 많지. 그런데 그 사람들 그렇게라도 스트레스 푸는 건데 무지개매너라 개매너라도 어쩔 수가 없는 것 같더라고.",
      "TextConvert":"하긴 특정장소에서 만나 교육정보를 나누는 엄마들이 너무 많지. 그런데 그 사람들 그렇게라도 스트레스 푸는 건데 매우 매너가 없더라도 어쩔 수가 없는 것 같더라고.",
      "StartTime":159.78,
      "EndTime":173.64,
      "SpeakTime":13.86,
      "WordInfo":[
        {
          "Word":"카페맘",
          "WordType":"은어",
          "WordStructure":"합성어",
          "WordDefine":" 특정장소에서 만나 교육정보를 나누는 엄마들을 말함 / '아카데미맘'과 같은 의미",
          "WordFell":"중립",
          "WordMean":"감정없음"
        },
        {
          "Word":"무지개매너",
          "WordType":"줄임말",
          "WordStructure":"축약어",
          "WordDefine":"무지하게 매너가 없는 사람'의 준말 / 매우 매너가 없는사람을 뜻한다",
          "WordFell":"부정",
          "WordMean":"싫어함"
        }
      ]
    },
    {
      "Speaker":"4097",
      "SpeakerText":"노답이지 노답. 곰곰이 생각해 보면 부모가 그러니 애들이 그걸 보고 같이 노답으로 가는 것 아니겠어?",
      "TextConvert":"답이 없는거지 답이 없어. 곰곰이 생각해 보면 부모가 그러니 애들이 그걸 보고 같이 답이 없음으로 가는 것 아니겠어?",
      "StartTime":173.64,
      "EndTime":179.84,
      "SpeakTime":6.2,
      "WordInfo":[
        {
          "Word":"노답",
          "WordType":"줄임말",
          "WordStructure":"합성어",
          "WordDefine":"노답' (No+답) / 답이 없다는 뜻",
          "WordFell":"부정",
          "WordMean":"싫어함"
        },
        {
          "Word":"노답",
          "WordType":"줄임말",
          "WordStructure":"합성어",
          "WordDefine":"노답' (No+답) / 답이 없다는 뜻",
          "WordFell":"부정",
          "WordMean":"싫어함"
        },
        {
          "Word":"노답",
          "WordType":"줄임말",
          "WordStructure":"합성어",
          "WordDefine":"노답' (No+답) / 답이 없다는 뜻",
          "WordFell":"부정",
          "WordMean":"싫어함"
        }
      ]
    },
    {
      "Speaker":"5097",
      "SpeakerText":"용케 부모 닮지 않은 자식들도 간혹 나오기도 하지만 콩가루집안은 어쩐지 유전적인 영향이 있나 싶을 정도로 대를 이어가더라고.",
      "TextConvert":"용하게 부모 닮지 않은 자식들도 간혹 나오기는 하지만 여러 가지 이유로 도덕적으로 매우 바람직하지 않은 가족은 어쩐지 유전적인 영향이 있나 싶을 정도로 대를 이어가더라.",
      "StartTime":179.98,
      "EndTime":191.99,
      "SpeakTime":12.01,
      "WordInfo":[
        {
          "Word":"용케",
          "WordType":"줄임말",
          "WordStructure":"축약어",
          "WordDefine":" '용하다'의 활용형인 '용하게'의 준말",
          "WordFell":"중립",
          "WordMean":"감정없음"
        },
        {
          "Word":"콩가루집안",
          "WordType":"속어",
          "WordStructure":"합성어",
          "WordDefine":"여러 가지 이유로 도덕적으로 매우 바람직하지 않은?가족을 말한다.",
          "WordFell":"부정",
          "WordMean":"싫어함"
        }
      ]
    }
  ]
}
