{
  "DataSet":"연령대별특징적발화음성",
  "Version":"1.0",
  "Date":"20221025",
  "MediaUrl":"대화/40대/43.경제/40_43_44715471_221025_0008.wav",
  "Category":"40대",
  "SubCategory":"경제",
  "DialogPlace":"집",
  "DialogVoiceType":"대면",
  "SpeakerNumber":"2",
  "RecDevice":"스마트폰",
  "RecLen":178.747,
  "AudioResolution":{
    "BitDepth":"16bit",
    "SampleRate":"44.1kHz"
  },
  "Speakers":[
    {
      "Speaker":"4471",
      "Gender":"여성",
      "Locate":"수도권",
      "AgeGroup":"30"
    },
    {
      "Speaker":"5471",
      "Gender":"여성",
      "Locate":"수도권",
      "AgeGroup":"50"
    }
  ],
  "Dialogs":[
    {
      "Speaker":"4471",
      "SpeakerText":"요새 애들 용돈 때문에 생활비가 부쩍 늘어났어. 너네 딸램은 용돈 올려달라고 안하니?",
      "TextConvert":"요새 애들 용돈 때문에 생활비가 부쩍 늘어났어. 너네 딸래미는 용돈 올려달라고 안하니?",
      "StartTime":1.13,
      "EndTime":8.64,
      "SpeakTime":7.51,
      "WordInfo":[
        {
          "Word":"딸램",
          "WordType":"줄임말",
          "WordStructure":"축약어",
          "WordDefine":"딸래미의 줄임말",
          "WordFell":"중립",
          "WordMean":"감정없음"
        }
      ]
    },
    {
      "Speaker":"5471",
      "SpeakerText":"당근 그러지. 근데 안된다고 했지 뭐. 용돈 올려받고 싶으면 집안 일 도와서 정동 정당하게 받아라고 했어.",
      "TextConvert":"당연히 그러지. 근데 안된다고 했지 뭐. 용돈 올려받고 싶으면 집안 일 도와서 정당하게 받아라고 했어.",
      "StartTime":9.03,
      "EndTime":19.14,
      "SpeakTime":10.11,
      "WordInfo":[
        {
          "Word":"당근",
          "WordType":"유행어",
          "WordStructure":"파생어",
          "WordDefine":"재미있게 말하거나 강조하여 말할 때, '당연하다'의 뜻으로 쓰는 말",
          "WordFell":"긍정",
          "WordMean":"좋음"
        }
      ]
    },
    {
      "Speaker":"4471",
      "SpeakerText":"그랬구나. 근데 정말 우리 집 말고도 다들 골때리더라고. ",
      "TextConvert":"그랬구나. 근데 정말 우리 집 말고도 다들 머리가 아플 정도로 기가 막히더라고. ",
      "StartTime":19.48,
      "EndTime":25.04,
      "SpeakTime":5.56,
      "WordInfo":[
        {
          "Word":"골때리다",
          "WordType":"속어",
          "WordStructure":"합성어",
          "WordDefine":"어처구니없이 행동하여 실소가 나오거나 골이 아플 지경이 되다. 젊은이들, 특히 학생들이 많이 쓰는 속어임.",
          "WordFell":"부정",
          "WordMean":"싫어함"
        }
      ]
    },
    {
      "Speaker":"5471",
      "SpeakerText":"초딩들 용돈이 장난이 아니라고 하던데? 무슨 애들이 한 달에 오십만원을 쓰는 건지. ",
      "TextConvert":"초등학생들 용돈이 장난이 아니라고 하던데? 무슨 애들이 한 달에 오십만원을 쓰는 건지. ",
      "StartTime":25.04,
      "EndTime":31.59,
      "SpeakTime":6.55,
      "WordInfo":[
        {
          "Word":"초딩",
          "WordType":"은어",
          "WordStructure":"혼성어",
          "WordDefine":"모바일이나 인터넷상에서, `초등학생'을 이르는 말.",
          "WordFell":"중립",
          "WordMean":"감정없음"
        }
      ]
    },
    {
      "Speaker":"4471",
      "SpeakerText":"실화냐? 완전 에바참치네. 미친거 아니야? 방금 입에서 슈발 나올 뻔 했어.",
      "TextConvert":"정말이냐? 완전 오바네. 미친 거 아니야? 방금 입에서 시발 나올 뻔 했어.",
      "StartTime":31.98,
      "EndTime":39.39,
      "SpeakTime":7.41,
      "WordInfo":[
        {
          "Word":"실화냐",
          "WordType":"유행어",
          "WordStructure":"파생어",
          "WordDefine":"정말이냐'의 강조 표현",
          "WordFell":"중립",
          "WordMean":"감정없음"
        },
        {
          "Word":"에바참치",
          "WordType":"속어",
          "WordStructure":"합성어",
          "WordDefine":"과하다', '넘치다'라는 뜻의 신조어 '에바'에 뜬금없는 '참치'를 붙여 '어이없음'의 의미를 강조하는 말",
          "WordFell":"부정",
          "WordMean":"싫어함"
        },
        {
          "Word":"슈발",
          "WordType":"속어",
          "WordStructure":"파생어",
          "WordDefine":"시발의 발음을 부드럽게 한것. 시발의 귀여운 표현이라고 통용된다",
          "WordFell":"부정",
          "WordMean":"싫어함"
        }
      ]
    },
    {
      "Speaker":"5471",
      "SpeakerText":"나올 뻔 했어가 아니라 슈발이라고 입으로 이야기 하셨거든요. 하긴 그럴만 하지, 짠테크에 올인하는 너니까.",
      "TextConvert":"나올 뻔 했어가 아니라 시발이라고 입으로 이야기 하셨거든요. 하긴 그럴만 하지, 절약을 통해 투자 자금을 모으는 것에 자기가 가진 것을 모두 건다는 거니까.",
      "StartTime":39.63,
      "EndTime":49.09,
      "SpeakTime":9.46,
      "WordInfo":[
        {
          "Word":"슈발",
          "WordType":"속어",
          "WordStructure":"파생어",
          "WordDefine":"시발의 발음을 부드럽게 한것. 시발의 귀여운 표현이라고 통용된다",
          "WordFell":"부정",
          "WordMean":"싫어함"
        },
        {
          "Word":"짠테크",
          "WordType":"은어",
          "WordStructure":"혼성어",
          "WordDefine":"짜다+제테크'의 합성어 / 절약을 통해 투자를 위한 종잣돈을 모으는 방식을 뜻함",
          "WordFell":"중립",
          "WordMean":"감정없음"
        },
        {
          "Word":"올인",
          "WordType":"은어",
          "WordStructure":"합성어",
          "WordDefine":"올인(all in)은 여러 가지 의미가 있지만 도박에서 자기가 가진 것을 모두 건다는 뜻이다.",
          "WordFell":"부정",
          "WordMean":"싫어함"
        }
      ]
    },
    {
      "Speaker":"4471",
      "SpeakerText":"아니 애들이 뭘 하길래 그러는가 해서. 아무리 자식이 우귀체라고 해도 그건 정말 에바지.",
      "TextConvert":"아니 애들이 뭘 하길래 그러는가 해서. 아무리 자식이 우주에서 가장 귀여운 생명체라고 해도 그건 정말 지나치지.",
      "StartTime":49.73,
      "EndTime":59.19,
      "SpeakTime":9.46,
      "WordInfo":[
        {
          "Word":"우귀체",
          "WordType":"줄임말",
          "WordStructure":"축약어",
          "WordDefine":"우주에서 제일 귀여운 생명체의 준말",
          "WordFell":"긍정",
          "WordMean":"좋음"
        },
        {
          "Word":"에바",
          "WordType":"속어",
          "WordStructure":"파생어",
          "WordDefine":"요즘 신세대 사람들이 오바를 변형해서 말한 것이다. 약간 지나친 느낌.",
          "WordFell":"부정",
          "WordMean":"싫어함"
        }
      ]
    },
    {
      "Speaker":"5471",
      "SpeakerText":"집집마다 케바케니까 우리가 뭐라고 할 수는 없고, 애들이스마트폰중독인지 스몸비도 졸라 많잖아. 폰에 욕심 낸대.",
      "TextConvert":"집집마다 경우에 따라 다르니까 우리가 뭐라고 할 수는 없고, 애들이 스마트폰 중독인지 스마트폰을 보며 걷는 사람도 매우 많잖아. 폰에 욕심 낸대.",
      "StartTime":59.43,
      "EndTime":70.44,
      "SpeakTime":11.01,
      "WordInfo":[
        {
          "Word":"케바케",
          "WordType":"줄임말",
          "WordStructure":"축약어",
          "WordDefine":"케이스 바이 케이스(case by case)'를 줄인말/경우에 따라 다름을 이르는 말",
          "WordFell":"중립",
          "WordMean":"감정없음"
        },
        {
          "Word":"서마터폰중독",
          "WordType":"유행어",
          "WordStructure":"파생어",
          "WordDefine":"부산사투리로 \"스마트폰 중독\"을 발음한 것이다.",
          "WordFell":"부정",
          "WordMean":"싫어함"
        },
        {
          "Word":"스몸비",
          "WordType":"줄임말",
          "WordStructure":"혼성어",
          "WordDefine":"스마트폰과 좀비의 합성어로 길을 걸어 다닐 때도 스마트폰을 보며 걷는 사람을 지칭하는 단어이다.",
          "WordFell":"부정",
          "WordMean":"싫어함"
        },
        {
          "Word":"졸라",
          "WordType":"속어",
          "WordStructure":"기타",
          "WordDefine":"매우~, 너무~, 엄청~ 등 의 뜻으로 대상, 혹은 감정을 강조할 때 쓰이는 한국어의 비속어.",
          "WordFell":"중립",
          "WordMean":"감정없음"
        }
      ]
    },
    {
      "Speaker":"4471",
      "SpeakerText":"자기 생각이 당연히 쌉파서블 하다고 여기는 것도 신기방기라고 들어주는 부모도 웃겨.",
      "TextConvert":"자기 생각이 당연히 매우 가능 하다고 여기는 것도 신기하다고 들어주는 부모도 웃겨.",
      "StartTime":71.03,
      "EndTime":78.29,
      "SpeakTime":7.26,
      "WordInfo":[
        {
          "Word":"쌉파서블",
          "WordType":"속어",
          "WordStructure":"합성어",
          "WordDefine":"밀레니얼 세대들이 자신의 기분·상태를 표현하는 ‘쌉’과 영어 ‘가능한(possible)’의 합성어로, ‘매우 가능하다’는 뜻의 신조어다.",
          "WordFell":"긍정",
          "WordMean":"선의"
        },
        {
          "Word":"신기방기",
          "WordType":"유행어",
          "WordStructure":"기타",
          "WordDefine":"믿을 수 없을 정도로 매우 색다르고 놀랍다. / 어원을 확인하기 어려운 표현",
          "WordFell":"중립",
          "WordMean":"감정없음"
        }
      ]
    },
    {
      "Speaker":"5471",
      "SpeakerText":"솔삐 애들이 폰을 써봤자 얼마나 뭐에 쓰겠냐고. 쓸고퀄이지 않나 싶거든? 그래도 해준다는게 참 그래.",
      "TextConvert":"솔직히 애들이 폰을 써봤자 얼마나 뭐에 쓰겠냐고. 쓸데없이 고 퀄리티지 않나 싶거든? 그래도 해준다는게 참 그래.",
      "StartTime":78.38,
      "EndTime":86.99,
      "SpeakTime":8.61,
      "WordInfo":[
        {
          "Word":"솔삐",
          "WordType":"은어",
          "WordStructure":"파생어",
          "WordDefine":"솔직히라는 의미로 사용되며 사투리의 변형이라는 설도 있으나 아직 정확한 어원은 알려진 바가 없다. \n예) 아 시험 끝나니까 솔삐 맘편하다.",
          "WordFell":"중립",
          "WordMean":"감정없음"
        },
        {
          "Word":"쓸고퀄",
          "WordType":"줄임말",
          "WordStructure":"축약어",
          "WordDefine":"쓸‘쓸데없이 고(高) 퀄리티’의 준말.\n말 그대로 불필요한 상황이나, 아무것도 아닌 상황에서\n상당한 노력을 기울이거나 능력을 발휘하여 높은 퀄리티의 결과물을 내놓았을 때 쓰인다.",
          "WordFell":"긍정",
          "WordMean":"선의"
        }
      ]
    },
    {
      "Speaker":"4471",
      "SpeakerText":"젊은 애들 요즘 한달에 이백 벌어도 외제차 사는 카푸어도 많다 많다더라.",
      "TextConvert":"젊은 애들 요즘 한달에 이백 벌어도 외제차 사는 자신이 현재 보유하고 있는 자산, 월 소득 수준에 비해서 무리하게 차량을 운행하는 사람들도 많다더라.",
      "StartTime":87.03,
      "EndTime":93.59,
      "SpeakTime":6.56,
      "WordInfo":[
        {
          "Word":"카푸어",
          "WordType":"은어",
          "WordStructure":"합성어",
          "WordDefine":"자신이 현재 보유하고 있는 자산, 월 소득 수준에 비해서 무리하게 차량을 운행하는 사람들을?뜻함",
          "WordFell":"부정",
          "WordMean":"싫어함"
        }
      ]
    },
    {
      "Speaker":"5471",
      "SpeakerText":"그런 글이 올라오면 악플러들도 조낸 많은 많은데, 실제로는 그런 애들도 딱히 다를 바는 없다고 생각해.",
      "TextConvert":"그런 글이 올라오면  악성 댓글을 다는 사람들도 매우 많은데, 실제로는 그런 애들도 딱히 다를 바는 없다고 생각해.",
      "StartTime":93.88,
      "EndTime":102.64,
      "SpeakTime":8.76,
      "WordInfo":[
        {
          "Word":"악플러",
          "WordType":"줄임말",
          "WordStructure":"합성어",
          "WordDefine":" 악성 댓글을 다는 사람을 악플러(←악플+er)라고도 한다.",
          "WordFell":"부정",
          "WordMean":"싫어함"
        },
        {
          "Word":"조낸",
          "WordType":"속어",
          "WordStructure":"기타",
          "WordDefine":"정말 매우 진짜 굉장히 라는 뜻으로 비속어인 '존나' 와 같은 표현",
          "WordFell":"중립",
          "WordMean":"감정없음"
        }
      ]
    },
    {
      "Speaker":"4471",
      "SpeakerText":"경제관념 심어주는게 참 쉽지가 않아. 경제의 가치와 필요성에 대해서 공부시켜 주는 것 말이야.",
      "TextConvert":"경제관념 심어주는게 참 쉽지가 않아. 경제의 가치와 필요성에 대해서 공부시켜 주는 것 말이야.",
      "StartTime":103.13,
      "EndTime":111.34,
      "SpeakTime":8.21,
      "WordInfo":null
    },
    {
      "Speaker":"5471",
      "SpeakerText":"어른들이 억까는 건 아니겠지만 그래도 부모들도 문제 있는 사람들 졸라 많지 않냐?",
      "TextConvert":"어른들이 억지 비난 하는 건 아니겠지만 그래도 부모들도 문제 있는 사람들 매우 많지 않냐?",
      "StartTime":111.48,
      "EndTime":118.19,
      "SpeakTime":6.71,
      "WordInfo":[
        {
          "Word":"억까",
          "WordType":"유행어",
          "WordStructure":"축약어",
          "WordDefine":"대상을 비판, 비난하는 이유가 말도 안 되는 억지일 때 사용하는 말.",
          "WordFell":"부정",
          "WordMean":"싫어함"
        },
        {
          "Word":"졸라",
          "WordType":"속어",
          "WordStructure":"기타",
          "WordDefine":"매우~, 너무~, 엄청~ 등 의 뜻으로 대상, 혹은 감정을 강조할 때 쓰이는 한국어의 비속어.",
          "WordFell":"중립",
          "WordMean":"감정없음"
        }
      ]
    },
    {
      "Speaker":"4471",
      "SpeakerText":"그렇지. 부모들의 뒤를 보고 따라가는 게 애들이니까. 그러고 보면 우리 아들램은 뭘 사달라고 잘 안하네.",
      "TextConvert":"그렇지. 부모들의 뒤를 보고 따라가는 게 애들이니까. 그러고 보면 우리 아들래미는 뭘 사달라고 잘 안하네.",
      "StartTime":118.68,
      "EndTime":127.64,
      "SpeakTime":8.96,
      "WordInfo":[
        {
          "Word":"아들램",
          "WordType":"줄임말",
          "WordStructure":"축약어",
          "WordDefine":"아들래미의 줄임말",
          "WordFell":"중립",
          "WordMean":"감정없음"
        }
      ]
    },
    {
      "Speaker":"5471",
      "SpeakerText":"애들 필요한 것들 다 사주고 용돈 주는데 고딩이 뭐 돈 쓸 시간은 있니? 낼 모레가 수능이잖아.",
      "TextConvert":"애들 필요한 것들 다 사주고 용돈 주는데 고등학생이 뭐 돈 쓸 시간은 있니? 내일 모레가 수능이잖아.",
      "StartTime":127.73,
      "EndTime":136.64,
      "SpeakTime":8.91,
      "WordInfo":[
        {
          "Word":"고딩",
          "WordType":"은어",
          "WordStructure":"혼성어",
          "WordDefine":"모바일이나 인터넷상에서, `고등학생'을 이르는 말.",
          "WordFell":"중립",
          "WordMean":"감정없음"
        },
        {
          "Word":"낼",
          "WordType":"줄임말",
          "WordStructure":"축약어",
          "WordDefine":"'내일' 의 준말 ",
          "WordFell":"중립",
          "WordMean":"감정없음"
        }
      ]
    },
    {
      "Speaker":"4471",
      "SpeakerText":"그건 말하더라고. 스마트워치 갖고 싶다면서 그러길래 셤 끝나고 그건 선물로 해준다고 했어.",
      "TextConvert":"그건 말하더라고. 스마트워치 갖고 싶다면서 그러길래 시험 끝나고 그건 선물로 해준다고 했어.",
      "StartTime":136.93,
      "EndTime":144.78,
      "SpeakTime":7.85,
      "WordInfo":[
        {
          "Word":"셤",
          "WordType":"줄임말",
          "WordStructure":"파생어",
          "WordDefine":"시험의 준말.",
          "WordFell":"중립",
          "WordMean":"감정없음"
        }
      ]
    },
    {
      "Speaker":"5471",
      "SpeakerText":"너네 아들램 (10월)/(시 월)이 생일이잖아. 그럼 그때 생선으로 해주면 되겠네.",
      "TextConvert":"너네 아들래미 10월이 생일이잖아. 그럼 그때 생일선물으로 해주면 되겠네.",
      "StartTime":144.78,
      "EndTime":149.69,
      "SpeakTime":4.91,
      "WordInfo":[
        {
          "Word":"아들램",
          "WordType":"줄임말",
          "WordStructure":"축약어",
          "WordDefine":"아들래미의 줄임말",
          "WordFell":"중립",
          "WordMean":"감정없음"
        },
        {
          "Word":"생선",
          "WordType":"줄임말",
          "WordStructure":"축약어",
          "WordDefine":"생일 선물'의 줄임말",
          "WordFell":"긍정",
          "WordMean":"좋음"
        }
      ]
    },
    {
      "Speaker":"4471",
      "SpeakerText":"그럴려고 했는데 본인이 괜찮대. 앗싸리 그땐 셤 칠 때 필요한 초침 시계를 사달라더라. 저렴이로다가.",
      "TextConvert":"그럴려고 했는데 본인이 괜찮대. 차라리 그땐 시험 칠 때 필요한 초침 시계를 사달라더라. 싸고 가성비 좋은 물건으로다가.",
      "StartTime":149.98,
      "EndTime":159.39,
      "SpeakTime":9.41,
      "WordInfo":[
        {
          "Word":"앗싸리",
          "WordType":"유행어",
          "WordStructure":"파생어",
          "WordDefine":"대체로 '차라리, 아예, 그냥'등의 단어와 비슷한 뜻으로 사용된다. 예) 그걸 살 바에야 앗싸리 이걸 두 개 사겠어! 어원은 일본어의 あっさり(깨끗이, 간단히, 시원스레, 선선히 등의 뜻).",
          "WordFell":"중립",
          "WordMean":"감정없음"
        },
        {
          "Word":"셤",
          "WordType":"줄임말",
          "WordStructure":"파생어",
          "WordDefine":"시험의 준말.",
          "WordFell":"중립",
          "WordMean":"감정없음"
        },
        {
          "Word":"저렴이",
          "WordType":"속어",
          "WordStructure":"기타",
          "WordDefine":"저렴하면서 가성비 좋은 제품을 뜻함",
          "WordFell":"긍정",
          "WordMean":"선의"
        }
      ]
    },
    {
      "Speaker":"5471",
      "SpeakerText":"시험번호 시험 시간 보려고 그러는구나. 아무튼 너네 아들램은 참 애가 애가 현실적이야.",
      "TextConvert":"시험 시간 보려고 그러는구나. 아무튼 너네 아들래미는 참 애가 현실적이야. ",
      "StartTime":159.83,
      "EndTime":167.99,
      "SpeakTime":8.16,
      "WordInfo":[
        {
          "Word":"아들램",
          "WordType":"줄임말",
          "WordStructure":"축약어",
          "WordDefine":"아들래미의 줄임말",
          "WordFell":"중립",
          "WordMean":"감정없음"
        }
      ]
    },
    {
      "Speaker":"4471",
      "SpeakerText":"고딩이긴 하지만 나보다 뭘 구매할 때 훨씬 더 계산적으로 뛰어난 것 같아. 그 점은 칭찬해.",
      "TextConvert":"고등학생이긴 하지만 나보다 뭘 구매할 때 훨씬 더 계산적으로 뛰어난 것 같아. 그 점은 칭찬해.",
      "StartTime":168.13,
      "EndTime":177.64,
      "SpeakTime":9.51,
      "WordInfo":[
        {
          "Word":"고딩",
          "WordType":"은어",
          "WordStructure":"혼성어",
          "WordDefine":"모바일이나 인터넷상에서, `고등학생'을 이르는 말.",
          "WordFell":"중립",
          "WordMean":"감정없음"
        }
      ]
    }
  ]
}
