{
  "DataSet":"연령대별특징적발화음성",
  "Version":"1.0",
  "Date":"20220908",
  "MediaUrl":"문장/10대/12.SNS/10_12_3294_220908_0035.wav",
  "Category":"10대",
  "SubCategory":"SNS",
  "DialogPlace":"집",
  "DialogVoiceType":"독백",
  "SpeakerNumber":"1",
  "RecDevice":"스마트폰",
  "RecLen":10.448,
  "AudioResolution":{
    "BitDepth":"16bit",
    "SampleRate":"44.1kHz"
  },
  "Speakers":[
    {
      "Speaker":"3294",
      "Gender":"여성",
      "Locate":"수도권",
      "AgeGroup":"20"
    }
  ],
  "Dialogs":[
    {
      "Speaker":"3294",
      "SpeakerText":"인스타그램 가계정으로 이상한 디엠이 자꾸 오는데 이 내용만으로 신고해서 계정을 없앨 수 있는지 한 번 알아봐야겠어.",
      "TextConvert":"인스타그램 가계정으로 이상한 다이렉트메시지가 자꾸 오는데 이 내용만으로 신고해서 계정을 없앨 수 있는지 한 번 알아봐야겠어.",
      "StartTime":1,
      "EndTime":9.448,
      "SpeakTime":8.448,
      "WordInfo":[
        {
          "Word":"가계정",
          "WordType":"줄임말",
          "WordStructure":"합성어",
          "WordDefine":"임시 계정",
          "WordFell":"중립",
          "WordMean":"감정없음"
        },
        {
          "Word":"DM",
          "WordType":"줄임말",
          "WordStructure":"축약어",
          "WordDefine":"다이렉트 메시지 의 줄임말 (디엠)",
          "WordFell":"중립",
          "WordMean":"감정없음"
        }
      ]
    }
  ]
}
