{
  "DataSet":"연령대별특징적발화음성",
  "Version":"1.0",
  "Date":"20220927",
  "MediaUrl":"문장/40대/44.일상/40_44_3897_220927_0618.wav",
  "Category":"40대",
  "SubCategory":"일상",
  "DialogPlace":"집",
  "DialogVoiceType":"독백",
  "SpeakerNumber":"1",
  "RecDevice":"스마트폰",
  "RecLen":6.739,
  "AudioResolution":{
    "BitDepth":"16bit",
    "SampleRate":"44.1kHz"
  },
  "Speakers":[
    {
      "Speaker":"3897",
      "Gender":"여성",
      "Locate":"전라",
      "AgeGroup":"40"
    }
  ],
  "Dialogs":[
    {
      "Speaker":"3897",
      "SpeakerText":" 사소한 일이 그것이 스불재가 될지는 상상도 못했다.",
      "TextConvert":"사소한 일이 그것이 스스로 불러온 재앙이 될지는 상상도 못했다.",
      "StartTime":1,
      "EndTime":5.739,
      "SpeakTime":4.739,
      "WordInfo":[
        {
          "Word":"스불재",
          "WordType":"줄임말",
          "WordStructure":"축약어",
          "WordDefine":"스스로 불러온 재앙의 줄임말",
          "WordFell":"중립",
          "WordMean":"감정없음"
        }
      ]
    }
  ]
}
